sample_id,dataset,method,label,answer,num_nodes,num_edges,num_induced_nodes,num_induced_edges,num_candidates,num_selected,objective,mean_pairwise_similarity,latency_sec,selected_node_count,selected_edge_count,llm_eval_ready
0,explaGraphs,osrcd,support,support,5,4,5,4,6,1,0.9687654762829451,0.0,0.32665348052978516,5.0,4.0,1.0
1,explaGraphs,osrcd,counter,counter,6,5,6,5,10,1,0.9570946348028809,0.0,0.03357052803039551,6.0,5.0,1.0
2,explaGraphs,osrcd,support,support,4,3,4,3,3,1,0.9808810843286474,0.0,0.0183870792388916,4.0,3.0,1.0
3,explaGraphs,osrcd,counter,counter,6,5,6,5,10,1,0.9530892600791063,0.0,0.0334317684173584,6.0,5.0,1.0
4,explaGraphs,osrcd,support,support,5,4,5,4,6,1,0.9604211494218775,0.0,0.02505350112915039,5.0,4.0,1.0
5,explaGraphs,osrcd,counter,counter,6,5,6,5,12,1,0.9474487787773538,0.0,0.037468671798706055,6.0,5.0,1.0
6,explaGraphs,osrcd,support,support,6,5,6,5,10,1,0.9805468853131055,0.0,0.03308224678039551,6.0,5.0,1.0
7,explaGraphs,osrcd,support,support,6,5,6,5,10,1,0.9604104237523979,0.0,0.033211469650268555,6.0,5.0,1.0
8,explaGraphs,osrcd,support,support,7,6,7,6,14,1,0.9399710009565864,0.0,0.058501482009887695,7.0,6.0,1.0
9,explaGraphs,osrcd,support,support,5,4,5,4,8,1,0.9566984929789878,0.0,0.027977705001831055,5.0,4.0,1.0
10,explaGraphs,osrcd,support,support,8,7,8,7,18,1,0.9583096116895077,0.0,0.06581902503967285,8.0,7.0,1.0
11,explaGraphs,osrcd,counter,counter,4,3,4,3,4,1,0.9690520323752935,0.0,0.022171497344970703,4.0,3.0,1.0
12,explaGraphs,osrcd,counter,counter,7,6,7,6,14,1,0.9583926917359483,0.0,0.04613161087036133,7.0,6.0,1.0
13,explaGraphs,osrcd,support,support,5,4,5,4,6,1,0.9807380838202014,0.0,0.024651288986206055,5.0,4.0,1.0
14,explaGraphs,osrcd,support,support,6,5,6,5,12,1,0.9542783499894877,0.0,0.037145137786865234,6.0,5.0,1.0
15,explaGraphs,osrcd,support,support,4,3,4,3,3,1,0.9895614242756648,0.0,0.01792168617248535,4.0,3.0,1.0
16,explaGraphs,osrcd,support,support,5,4,5,4,8,1,0.9709788431311386,0.0,0.024579763412475586,5.0,4.0,1.0
17,explaGraphs,osrcd,counter,counter,4,3,4,3,3,1,0.9829320006434,0.0,0.01903820037841797,4.0,3.0,1.0
18,explaGraphs,osrcd,support,support,7,6,7,6,14,1,0.9320396813178721,0.0,0.046022891998291016,7.0,6.0,1.0
19,explaGraphs,osrcd,support,support,4,3,4,3,3,1,0.9833591219969195,0.0,0.019177913665771484,4.0,3.0,1.0
20,explaGraphs,osrcd,counter,counter,7,6,7,6,14,1,0.9568131670863956,0.0,0.045598506927490234,7.0,6.0,1.0
21,explaGraphs,osrcd,support,support,8,7,8,7,18,1,0.958993862032536,0.0,0.06497001647949219,8.0,7.0,1.0
22,explaGraphs,osrcd,support,support,4,3,4,3,4,1,0.9737513022283559,0.0,0.021459102630615234,4.0,3.0,1.0
23,explaGraphs,osrcd,support,support,7,6,7,6,14,1,0.9439977901685064,0.0,0.04733729362487793,7.0,6.0,1.0
24,explaGraphs,osrcd,counter,counter,6,5,6,5,10,1,0.9553156629050148,0.0,0.0332028865814209,6.0,5.0,1.0
25,explaGraphs,osrcd,counter,counter,5,4,5,4,8,1,0.9835956741355183,0.0,0.02705073356628418,5.0,4.0,1.0
26,explaGraphs,osrcd,support,support,5,4,5,4,6,1,0.9560190514277068,0.0,0.02452254295349121,5.0,4.0,1.0
27,explaGraphs,osrcd,support,support,4,3,4,3,3,1,0.9693826538288743,0.0,0.020183801651000977,4.0,3.0,1.0
28,explaGraphs,osrcd,counter,counter,6,5,6,5,10,1,0.9646445784896885,0.0,0.03251528739929199,6.0,5.0,1.0
29,explaGraphs,osrcd,support,support,5,4,5,4,6,1,0.9392389590545552,0.0,0.024806976318359375,5.0,4.0,1.0
30,explaGraphs,osrcd,counter,counter,6,5,6,5,10,1,0.9564173832859588,0.0,0.03258156776428223,6.0,5.0,1.0
31,explaGraphs,osrcd,support,support,4,3,4,3,3,1,0.9443174399355264,0.0,0.020314693450927734,4.0,3.0,1.0
32,explaGraphs,osrcd,support,support,5,4,5,4,8,1,0.9626909600844827,0.0,0.026692628860473633,5.0,4.0,1.0
33,explaGraphs,osrcd,support,support,4,3,4,3,3,1,0.9476643765378582,0.0,0.020853519439697266,4.0,3.0,1.0
34,explaGraphs,osrcd,support,support,5,4,5,4,6,1,0.9405743610283526,0.0,0.02423262596130371,5.0,4.0,1.0
35,explaGraphs,osrcd,counter,counter,6,5,6,5,10,1,0.9637972076963299,0.0,0.032936811447143555,6.0,5.0,1.0
36,explaGraphs,osrcd,support,support,4,3,4,3,3,1,0.9440700307377874,0.0,0.02083587646484375,4.0,3.0,1.0
37,explaGraphs,osrcd,support,support,5,4,5,4,6,1,0.9573952785869496,0.0,0.02385568618774414,5.0,4.0,1.0
38,explaGraphs,osrcd,support,support,4,3,4,3,3,1,0.9506609899832665,0.0,0.02094435691833496,4.0,3.0,1.0
39,explaGraphs,osrcd,support,support,4,3,4,3,4,1,0.9798569690059014,0.0,0.018524885177612305,4.0,3.0,1.0
40,explaGraphs,osrcd,support,support,5,4,5,4,6,1,0.9472509951790828,0.0,0.024686574935913086,5.0,4.0,1.0
41,explaGraphs,osrcd,support,support,6,5,6,5,10,1,0.9686510466521399,0.0,0.032575368881225586,6.0,5.0,1.0
42,explaGraphs,osrcd,counter,counter,4,3,4,3,3,1,0.960069856735035,0.0,0.02071380615234375,4.0,3.0,1.0
43,explaGraphs,osrcd,counter,counter,8,7,8,7,18,1,0.9326541001302641,0.0,0.06447529792785645,8.0,7.0,1.0
44,explaGraphs,osrcd,support,support,7,6,7,6,14,1,0.9559455090202692,0.0,0.04662799835205078,7.0,6.0,1.0
45,explaGraphs,osrcd,support,support,4,3,4,3,3,1,0.9543147815486333,0.0,0.020865678787231445,4.0,3.0,1.0
46,explaGraphs,osrcd,support,support,5,4,5,4,6,1,0.9438030401313214,0.0,0.024405717849731445,5.0,4.0,1.0
47,explaGraphs,osrcd,support,support,5,4,5,4,6,1,0.9454131182439643,0.0,0.024117708206176758,5.0,4.0,1.0
48,explaGraphs,osrcd,support,support,5,4,5,4,6,1,0.9839296490433904,0.0,0.0222933292388916,5.0,4.0,1.0
49,explaGraphs,osrcd,counter,counter,4,3,4,3,3,1,0.9660352014031853,0.0,0.01902604103088379,4.0,3.0,1.0
50,explaGraphs,osrcd,counter,counter,4,3,4,3,3,1,0.9385257942732527,0.0,0.020598411560058594,4.0,3.0,1.0
51,explaGraphs,osrcd,support,support,6,5,6,5,10,1,0.9659598565510608,0.0,0.03305196762084961,6.0,5.0,1.0
52,explaGraphs,osrcd,support,support,7,6,7,6,14,1,0.9574886525586703,0.0,0.04632115364074707,7.0,6.0,1.0
53,explaGraphs,osrcd,support,support,5,4,5,4,8,1,0.9561341890241711,0.0,0.027879953384399414,5.0,4.0,1.0
54,explaGraphs,osrcd,support,support,6,5,6,5,10,1,0.9471371682762849,0.0,0.0356135368347168,6.0,5.0,1.0
55,explaGraphs,osrcd,counter,counter,7,6,7,6,14,1,0.9660792397598535,0.0,0.04606938362121582,7.0,6.0,1.0
56,explaGraphs,osrcd,counter,counter,4,3,4,3,3,1,0.9580700695202126,0.0,0.020738840103149414,4.0,3.0,1.0
57,explaGraphs,osrcd,counter,counter,4,3,4,3,3,1,0.9447480930061134,0.0,0.020699024200439453,4.0,3.0,1.0
58,explaGraphs,osrcd,support,support,8,8,8,8,21,1,0.9484267299139393,0.0,0.07262611389160156,8.0,8.0,1.0
59,explaGraphs,osrcd,counter,counter,7,6,7,6,14,1,0.9500860904090119,0.0,0.04677414894104004,7.0,6.0,1.0
60,explaGraphs,osrcd,counter,counter,6,5,6,5,10,1,0.9460509911158387,0.0,0.033362627029418945,6.0,5.0,1.0
61,explaGraphs,osrcd,support,support,4,3,4,3,3,1,0.9330145071774847,0.0,0.02087998390197754,4.0,3.0,1.0
62,explaGraphs,osrcd,counter,counter,5,4,5,4,6,1,0.962607337010711,0.0,0.02388477325439453,5.0,4.0,1.0
63,explaGraphs,osrcd,support,support,8,7,8,7,18,1,0.9543495254634288,0.0,0.0645594596862793,8.0,7.0,1.0
64,explaGraphs,osrcd,support,support,4,3,4,3,3,1,0.9456280021451712,0.0,0.022440195083618164,4.0,3.0,1.0
65,explaGraphs,osrcd,support,support,5,4,5,4,6,1,0.9813563166676644,0.0,0.024270296096801758,5.0,4.0,1.0
66,explaGraphs,osrcd,counter,counter,5,4,5,4,6,1,0.9618057187032139,0.0,0.024616003036499023,5.0,4.0,1.0
67,explaGraphs,osrcd,counter,counter,9,8,9,8,22,1,0.9569823405533165,0.0,0.09781956672668457,9.0,8.0,1.0
68,explaGraphs,osrcd,support,support,5,4,5,4,6,1,0.9480489556792513,0.0,0.025774478912353516,5.0,4.0,1.0
69,explaGraphs,osrcd,counter,counter,4,4,4,4,4,1,0.9468582026652005,0.0,0.021665096282958984,4.0,4.0,1.0
70,explaGraphs,osrcd,support,support,7,6,7,6,14,1,0.9354866587832802,0.0,0.046251535415649414,7.0,6.0,1.0
71,explaGraphs,osrcd,support,support,5,4,5,4,6,1,0.943296164052626,0.0,0.024774551391601562,5.0,4.0,1.0
72,explaGraphs,osrcd,support,support,5,4,5,4,8,1,0.9595575245938245,0.0,0.02748584747314453,5.0,4.0,1.0
73,explaGraphs,osrcd,support,support,7,6,7,6,14,1,0.9604727090815064,0.0,0.04594016075134277,7.0,6.0,1.0
74,explaGraphs,osrcd,support,support,4,3,4,3,3,1,0.9266158956610611,0.0,0.020478487014770508,4.0,3.0,1.0
75,explaGraphs,osrcd,counter,counter,8,7,8,7,18,1,0.9336453595829105,0.0,0.0653085708618164,8.0,7.0,1.0
76,explaGraphs,osrcd,counter,counter,4,3,4,3,3,1,0.949652369938535,0.0,0.021142959594726562,4.0,3.0,1.0
77,explaGraphs,osrcd,support,support,5,4,5,4,6,1,0.9554484669474406,0.0,0.02666330337524414,5.0,4.0,1.0
78,explaGraphs,osrcd,counter,counter,4,3,4,3,3,1,0.9269407270792241,0.0,0.021376371383666992,4.0,3.0,1.0
79,explaGraphs,osrcd,support,support,4,3,4,3,4,1,0.9711445545623691,0.0,0.02108454704284668,4.0,3.0,1.0
80,explaGraphs,osrcd,counter,counter,5,4,5,4,6,1,0.9436323333232962,0.0,0.024106740951538086,5.0,4.0,1.0
81,explaGraphs,osrcd,counter,counter,6,5,6,5,10,1,0.9501723248901166,0.0,0.03293156623840332,6.0,5.0,1.0
82,explaGraphs,osrcd,support,support,4,3,4,3,3,1,0.9600875150919734,0.0,0.021056175231933594,4.0,3.0,1.0
83,explaGraphs,osrcd,support,support,4,3,4,3,3,1,0.9530072212446582,0.0,0.02019476890563965,4.0,3.0,1.0
84,explaGraphs,osrcd,counter,counter,4,3,4,3,3,1,0.9707343268254824,0.0,0.020089149475097656,4.0,3.0,1.0
85,explaGraphs,osrcd,support,support,8,7,8,7,18,1,0.9442364248082774,0.0,0.06455039978027344,8.0,7.0,1.0
86,explaGraphs,osrcd,counter,counter,6,5,6,5,10,1,0.9383484890657443,0.0,0.03330636024475098,6.0,5.0,1.0
87,explaGraphs,osrcd,counter,counter,8,8,8,8,21,1,0.9604013328156197,0.0,0.07193207740783691,8.0,8.0,1.0
88,explaGraphs,osrcd,support,support,6,6,6,6,13,1,0.9374565879496755,0.0,0.039835453033447266,6.0,6.0,1.0
89,explaGraphs,osrcd,counter,counter,7,6,7,6,14,1,0.9426445533760076,0.0,0.04668259620666504,7.0,6.0,1.0
90,explaGraphs,osrcd,support,support,7,6,7,6,14,1,0.9651088083253178,0.0,0.046524763107299805,7.0,6.0,1.0
91,explaGraphs,osrcd,support,support,6,5,6,5,10,1,0.9564234160270362,0.0,0.03310203552246094,6.0,5.0,1.0
92,explaGraphs,osrcd,counter,counter,6,5,6,5,10,1,0.934572981806514,0.0,0.0326995849609375,6.0,5.0,1.0
93,explaGraphs,osrcd,counter,counter,5,4,5,4,6,1,0.9676280881782671,0.0,0.02437305450439453,5.0,4.0,1.0
94,explaGraphs,osrcd,support,support,6,5,6,5,10,1,0.953296877863406,0.0,0.03267645835876465,6.0,5.0,1.0
95,explaGraphs,osrcd,support,support,6,5,6,5,10,1,0.9786454444497958,0.0,0.03149580955505371,6.0,5.0,1.0
96,explaGraphs,osrcd,counter,counter,4,3,4,3,3,1,0.9561778940815473,0.0,0.020839691162109375,4.0,3.0,1.0
97,explaGraphs,osrcd,support,support,5,4,5,4,6,1,0.9663921756420796,0.0,0.025095224380493164,5.0,4.0,1.0
98,explaGraphs,osrcd,support,support,5,4,5,4,6,1,0.9755931796455258,0.0,0.025131940841674805,5.0,4.0,1.0
99,explaGraphs,osrcd,support,support,6,5,6,5,10,1,0.9515353349060136,0.0,0.03465890884399414,6.0,5.0,1.0
100,explaGraphs,osrcd,counter,counter,5,4,5,4,6,1,0.9391247206306728,0.0,0.02459096908569336,5.0,4.0,1.0
101,explaGraphs,osrcd,counter,counter,6,5,6,5,10,1,0.9608577332587298,0.0,0.0327756404876709,6.0,5.0,1.0
102,explaGraphs,osrcd,support,support,8,7,8,7,18,1,0.9628171226590023,0.0,0.06518912315368652,8.0,7.0,1.0
103,explaGraphs,osrcd,support,support,4,3,4,3,3,1,0.9549125359864278,0.0,0.022306442260742188,4.0,3.0,1.0
104,explaGraphs,osrcd,support,support,6,5,6,5,10,1,0.9550638217994641,0.0,0.03244781494140625,6.0,5.0,1.0
105,explaGraphs,osrcd,counter,counter,4,3,4,3,3,1,0.9463729957357286,0.0,0.020298242568969727,4.0,3.0,1.0
106,explaGraphs,osrcd,support,support,6,5,6,5,10,1,0.9621531681834057,0.0,0.03269791603088379,6.0,5.0,1.0
107,explaGraphs,osrcd,support,support,6,5,6,5,10,1,0.937717528571564,0.0,0.03288698196411133,6.0,5.0,1.0
108,explaGraphs,osrcd,support,support,4,3,4,3,3,1,0.9498582100898492,0.0,0.020772218704223633,4.0,3.0,1.0
109,explaGraphs,osrcd,support,support,7,6,7,6,14,1,0.9772900707126025,0.0,0.046103477478027344,7.0,6.0,1.0
110,explaGraphs,osrcd,support,support,6,5,6,5,10,1,0.9564117827136545,0.0,0.03326153755187988,6.0,5.0,1.0
111,explaGraphs,osrcd,support,support,5,4,5,4,6,1,0.9516109365419512,0.0,0.024616003036499023,5.0,4.0,1.0
112,explaGraphs,osrcd,support,support,4,3,4,3,3,1,0.9489911875665663,0.0,0.0208740234375,4.0,3.0,1.0
113,explaGraphs,osrcd,support,support,4,3,4,3,4,1,0.9751074252625986,0.0,0.020298480987548828,4.0,3.0,1.0
114,explaGraphs,osrcd,counter,counter,5,4,5,4,8,1,0.9662925212767868,0.0,0.027208566665649414,5.0,4.0,1.0
115,explaGraphs,osrcd,support,support,7,6,7,6,14,1,0.9295209776212162,0.0,0.04626917839050293,7.0,6.0,1.0
116,explaGraphs,osrcd,support,support,4,3,4,3,3,1,0.9549597675957839,0.0,0.021009445190429688,4.0,3.0,1.0
117,explaGraphs,osrcd,counter,counter,6,5,6,5,10,1,0.9597899591689176,0.0,0.0334467887878418,6.0,5.0,1.0
118,explaGraphs,osrcd,support,support,6,5,6,5,10,1,0.9471553982663351,0.0,0.03238964080810547,6.0,5.0,1.0
119,explaGraphs,osrcd,support,support,9,8,9,8,22,1,0.9572293369179358,0.0,0.09714365005493164,9.0,8.0,1.0
120,explaGraphs,osrcd,counter,counter,6,5,6,5,10,1,0.937415436460303,0.0,0.03324127197265625,6.0,5.0,1.0
121,explaGraphs,osrcd,counter,counter,9,8,9,8,24,1,0.9725870695558975,0.0,0.09743070602416992,9.0,8.0,1.0
122,explaGraphs,osrcd,support,support,5,4,5,4,6,1,0.9537938290741304,0.0,0.025582551956176758,5.0,4.0,1.0
123,explaGraphs,osrcd,support,support,7,7,7,7,17,1,0.9359145991487715,0.0,0.05400848388671875,7.0,7.0,1.0
124,explaGraphs,osrcd,support,support,5,4,5,4,6,1,0.9210393458112792,0.0,0.02509927749633789,5.0,4.0,1.0
125,explaGraphs,osrcd,support,support,5,4,5,4,6,1,0.9564422878324945,0.0,0.025223493576049805,5.0,4.0,1.0
126,explaGraphs,osrcd,support,support,6,5,6,5,12,1,0.9515302422489624,0.0,0.036725521087646484,6.0,5.0,1.0
127,explaGraphs,osrcd,counter,counter,4,3,4,3,3,1,0.9661521511073424,0.0,0.02179741859436035,4.0,3.0,1.0
128,explaGraphs,osrcd,support,support,5,4,5,4,8,1,0.9494857672164315,0.0,0.0277101993560791,5.0,4.0,1.0
129,explaGraphs,osrcd,support,support,5,4,5,4,6,1,0.9696121884971323,0.0,0.02460622787475586,5.0,4.0,1.0
130,explaGraphs,osrcd,counter,counter,5,4,5,4,6,1,0.9644419295746838,0.0,0.02417278289794922,5.0,4.0,1.0
131,explaGraphs,osrcd,counter,counter,5,4,5,4,6,1,0.9725723226425127,0.0,0.024857521057128906,5.0,4.0,1.0
132,explaGraphs,osrcd,support,support,5,4,5,4,6,1,0.9510406952497436,0.0,0.024788379669189453,5.0,4.0,1.0
133,explaGraphs,osrcd,support,support,6,5,6,5,10,1,0.9412457048674492,0.0,0.035814762115478516,6.0,5.0,1.0
134,explaGraphs,osrcd,support,support,7,7,7,7,17,1,0.9535782035631261,0.0,0.05451798439025879,7.0,7.0,1.0
135,explaGraphs,osrcd,support,support,5,4,5,4,6,1,0.9432036531261878,0.0,0.02488422393798828,5.0,4.0,1.0
136,explaGraphs,osrcd,support,support,6,5,6,5,10,1,0.9495358217590844,0.0,0.03240704536437988,6.0,5.0,1.0
137,explaGraphs,osrcd,support,support,7,7,7,7,17,1,0.9420617028751006,0.0,0.05370044708251953,7.0,7.0,1.0
138,explaGraphs,osrcd,support,support,6,5,6,5,10,1,0.9617049306506043,0.0,0.03335833549499512,6.0,5.0,1.0
139,explaGraphs,osrcd,support,support,6,5,6,5,10,1,0.9328273348703364,0.0,0.032913923263549805,6.0,5.0,1.0
140,explaGraphs,osrcd,support,support,5,4,5,4,6,1,0.9374217216446628,0.0,0.02442312240600586,5.0,4.0,1.0
141,explaGraphs,osrcd,counter,counter,6,5,6,5,10,1,0.9370782835456086,0.0,0.032756805419921875,6.0,5.0,1.0
142,explaGraphs,osrcd,support,support,5,4,5,4,6,1,0.9587302959404648,0.0,0.024194717407226562,5.0,4.0,1.0
143,explaGraphs,osrcd,support,support,6,5,6,5,10,1,0.951826535163027,0.0,0.03231668472290039,6.0,5.0,1.0
144,explaGraphs,osrcd,counter,counter,6,5,6,5,10,1,0.9577317379182918,0.0,0.03228402137756348,6.0,5.0,1.0
145,explaGraphs,osrcd,counter,counter,8,7,8,7,18,1,0.9539058551744487,0.0,0.06481218338012695,8.0,7.0,1.0
146,explaGraphs,osrcd,support,support,6,5,6,5,10,1,0.9520357717032465,0.0,0.03311586380004883,6.0,5.0,1.0
147,explaGraphs,osrcd,support,support,6,5,6,5,12,1,0.9368178648585817,0.0,0.03675198554992676,6.0,5.0,1.0
148,explaGraphs,osrcd,support,support,4,3,4,3,3,1,0.9691538433945732,0.0,0.018144845962524414,4.0,3.0,1.0
149,explaGraphs,osrcd,counter,counter,8,8,8,8,21,1,0.9514670871203942,0.0,0.07191586494445801,8.0,8.0,1.0
150,explaGraphs,osrcd,support,support,4,3,4,3,3,1,0.9519097674805863,0.0,0.02170729637145996,4.0,3.0,1.0
151,explaGraphs,osrcd,counter,counter,8,8,8,8,21,1,0.9404466658757036,0.0,0.07170271873474121,8.0,8.0,1.0
152,explaGraphs,osrcd,counter,counter,5,4,5,4,8,1,0.960106492800392,0.0,0.02778172492980957,5.0,4.0,1.0
153,explaGraphs,osrcd,counter,counter,5,4,5,4,6,1,0.9737501319695577,0.0,0.024528026580810547,5.0,4.0,1.0
154,explaGraphs,osrcd,counter,counter,6,5,6,5,10,1,0.9742968089492262,0.0,0.03264617919921875,6.0,5.0,1.0
155,explaGraphs,osrcd,counter,counter,7,6,7,6,14,1,0.95704385125315,0.0,0.046047210693359375,7.0,6.0,1.0
156,explaGraphs,osrcd,counter,counter,7,7,7,7,17,1,0.952431933505671,0.0,0.05410575866699219,7.0,7.0,1.0
157,explaGraphs,osrcd,support,support,7,6,7,6,14,1,0.9645414919734181,0.0,0.04659104347229004,7.0,6.0,1.0
158,explaGraphs,osrcd,counter,counter,6,5,6,5,10,1,0.9495441532890135,0.0,0.03369140625,6.0,5.0,1.0
159,explaGraphs,osrcd,support,support,4,3,4,3,4,1,0.9444260887707356,0.0,0.021801471710205078,4.0,3.0,1.0
160,explaGraphs,osrcd,support,support,5,4,5,4,6,1,0.9574569523276878,0.0,0.02446150779724121,5.0,4.0,1.0
161,explaGraphs,osrcd,counter,counter,4,3,4,3,3,1,0.9581785571630942,0.0,0.021506547927856445,4.0,3.0,1.0
162,explaGraphs,osrcd,support,support,5,4,5,4,6,1,0.9639503902960079,0.0,0.024383544921875,5.0,4.0,1.0
163,explaGraphs,osrcd,support,support,5,4,5,4,8,1,0.9560428494574919,0.0,0.02765965461730957,5.0,4.0,1.0
164,explaGraphs,osrcd,support,support,7,8,7,8,17,1,0.9554019386565691,0.0,0.05299520492553711,7.0,8.0,1.0
165,explaGraphs,osrcd,support,support,8,7,8,7,18,1,0.9523474455160226,0.0,0.06492495536804199,8.0,7.0,1.0
166,explaGraphs,osrcd,support,support,8,7,8,7,18,1,0.9621874100513288,0.0,0.06456613540649414,8.0,7.0,1.0
167,explaGraphs,osrcd,counter,counter,5,4,5,4,6,1,0.9631019346711961,0.0,0.025209665298461914,5.0,4.0,1.0
168,explaGraphs,osrcd,counter,counter,9,8,9,8,24,2,0.9686926157899193,0.8615036811832041,0.10372710227966309,9.0,8.0,1.0
169,explaGraphs,osrcd,support,support,4,3,4,3,3,1,0.9251951115542557,0.0,0.021884441375732422,4.0,3.0,1.0
170,explaGraphs,osrcd,support,support,5,4,5,4,8,1,0.9639176947202668,0.0,0.027132511138916016,5.0,4.0,1.0
171,explaGraphs,osrcd,counter,counter,4,3,4,3,3,1,0.945712154915112,0.0,0.02140069007873535,4.0,3.0,1.0
172,explaGraphs,osrcd,support,support,4,3,4,3,3,1,0.9565404593465174,0.0,0.020824909210205078,4.0,3.0,1.0
173,explaGraphs,osrcd,support,support,6,5,6,5,10,1,0.958726783474134,0.0,0.03269028663635254,6.0,5.0,1.0
174,explaGraphs,osrcd,counter,counter,5,4,5,4,6,1,0.9641262485545385,0.0,0.024536848068237305,5.0,4.0,1.0
175,explaGraphs,osrcd,support,support,4,3,4,3,3,1,0.9645659017675481,0.0,0.019543170928955078,4.0,3.0,1.0
176,explaGraphs,osrcd,support,support,4,3,4,3,3,1,0.9681246555340749,0.0,0.02066969871520996,4.0,3.0,1.0
177,explaGraphs,osrcd,support,support,7,7,7,7,17,1,0.9570239656333052,0.0,0.053392887115478516,7.0,7.0,1.0
178,explaGraphs,osrcd,support,support,7,6,7,6,14,1,0.9545375574962461,0.0,0.04649829864501953,7.0,6.0,1.0
179,explaGraphs,osrcd,counter,counter,6,5,6,5,10,1,0.962940025048538,0.0,0.033296823501586914,6.0,5.0,1.0
180,explaGraphs,osrcd,support,support,5,4,5,4,6,1,0.9622657716861434,0.0,0.024564504623413086,5.0,4.0,1.0
181,explaGraphs,osrcd,support,support,5,4,5,4,6,1,0.9622732854283909,0.0,0.02390313148498535,5.0,4.0,1.0
182,explaGraphs,osrcd,counter,counter,5,4,5,4,6,1,0.9608996774844547,0.0,0.024396657943725586,5.0,4.0,1.0
183,explaGraphs,osrcd,support,support,5,4,5,4,6,1,0.9637928392686904,0.0,0.024555444717407227,5.0,4.0,1.0
184,explaGraphs,osrcd,support,support,5,4,5,4,8,1,0.9742202810744777,0.0,0.02591395378112793,5.0,4.0,1.0
185,explaGraphs,osrcd,counter,counter,6,5,6,5,10,1,0.9638275779879498,0.0,0.03265810012817383,6.0,5.0,1.0
186,explaGraphs,osrcd,counter,counter,6,5,6,5,10,1,0.9534598729745104,0.0,0.03304457664489746,6.0,5.0,1.0
187,explaGraphs,osrcd,support,support,6,5,6,5,10,1,0.9401165723579549,0.0,0.03321957588195801,6.0,5.0,1.0
188,explaGraphs,osrcd,support,support,7,6,7,6,14,1,0.9443670600602614,0.0,0.045349836349487305,7.0,6.0,1.0
189,explaGraphs,osrcd,counter,counter,6,5,6,5,10,1,0.9570786661707061,0.0,0.03287672996520996,6.0,5.0,1.0
190,explaGraphs,osrcd,support,support,4,3,4,3,3,1,0.9463773607352707,0.0,0.020676374435424805,4.0,3.0,1.0
191,explaGraphs,osrcd,support,support,9,8,9,8,22,1,0.9602679951777746,0.0,0.09788012504577637,9.0,8.0,1.0
192,explaGraphs,osrcd,support,support,6,5,6,5,10,1,0.9645144192504626,0.0,0.0341038703918457,6.0,5.0,1.0
193,explaGraphs,osrcd,support,support,6,5,6,5,10,1,0.955986119776345,0.0,0.035685062408447266,6.0,5.0,1.0
194,explaGraphs,osrcd,support,support,8,7,8,7,18,1,0.9581285047616165,0.0,0.06536078453063965,8.0,7.0,1.0
195,explaGraphs,osrcd,counter,counter,8,7,8,7,18,1,0.9653480960404867,0.0,0.06569910049438477,8.0,7.0,1.0
196,explaGraphs,osrcd,support,support,6,5,6,5,10,1,0.9505258179330782,0.0,0.03334689140319824,6.0,5.0,1.0
197,explaGraphs,osrcd,support,support,7,6,7,6,14,1,0.9668470927708115,0.0,0.04659008979797363,7.0,6.0,1.0
198,explaGraphs,osrcd,support,support,6,5,6,5,10,1,0.9562041234090792,0.0,0.03276395797729492,6.0,5.0,1.0
199,explaGraphs,osrcd,support,support,6,5,6,5,10,1,0.951450856161333,0.0,0.03286623954772949,6.0,5.0,1.0
200,explaGraphs,osrcd,counter,counter,4,3,4,3,3,1,0.9697456150658347,0.0,0.018018722534179688,4.0,3.0,1.0
201,explaGraphs,osrcd,counter,counter,5,4,5,4,6,1,0.9478083438876782,0.0,0.024348735809326172,5.0,4.0,1.0
202,explaGraphs,osrcd,support,support,5,4,5,4,6,1,0.9840942828387478,0.0,0.02154374122619629,5.0,4.0,1.0
203,explaGraphs,osrcd,support,support,7,6,7,6,14,1,0.951756665447616,0.0,0.04580998420715332,7.0,6.0,1.0
204,explaGraphs,osrcd,counter,counter,7,6,7,6,14,1,0.9596539206361905,0.0,0.04661989212036133,7.0,6.0,1.0
205,explaGraphs,osrcd,support,support,4,4,4,4,4,1,0.9682402673251796,0.0,0.021350622177124023,4.0,4.0,1.0
206,explaGraphs,osrcd,support,support,6,5,6,5,10,1,0.962222265049245,0.0,0.03270363807678223,6.0,5.0,1.0
207,explaGraphs,osrcd,counter,counter,5,5,5,5,8,1,0.9488660067006737,0.0,0.027446985244750977,5.0,5.0,1.0
208,explaGraphs,osrcd,support,support,8,7,8,7,18,1,0.9443318497681714,0.0,0.06679129600524902,8.0,7.0,1.0
209,explaGraphs,osrcd,support,support,8,7,8,7,20,1,0.9549125680365639,0.0,0.07209920883178711,8.0,7.0,1.0
210,explaGraphs,osrcd,support,support,4,3,4,3,3,1,0.9549322895387466,0.0,0.021526813507080078,4.0,3.0,1.0
211,explaGraphs,osrcd,support,support,4,3,4,3,4,1,0.9817738978068301,0.0,0.020716190338134766,4.0,3.0,1.0
212,explaGraphs,osrcd,counter,counter,5,4,5,4,6,1,0.9558756725304886,0.0,0.024509668350219727,5.0,4.0,1.0
213,explaGraphs,osrcd,support,support,5,4,5,4,8,1,0.9223970085354878,0.0,0.02686166763305664,5.0,4.0,1.0
214,explaGraphs,osrcd,support,support,4,3,4,3,3,1,0.9470907891747751,0.0,0.020615100860595703,4.0,3.0,1.0
215,explaGraphs,osrcd,support,support,4,3,4,3,4,1,0.9659737868517073,0.0,0.02126288414001465,4.0,3.0,1.0
216,explaGraphs,osrcd,counter,counter,7,7,7,7,17,1,0.9456833360399045,0.0,0.053438425064086914,7.0,7.0,1.0
217,explaGraphs,osrcd,support,support,7,7,7,7,17,1,0.9544173962957895,0.0,0.05382037162780762,7.0,7.0,1.0
218,explaGraphs,osrcd,support,support,7,6,7,6,14,1,0.951307145973883,0.0,0.046492576599121094,7.0,6.0,1.0
219,explaGraphs,osrcd,counter,counter,5,4,5,4,6,1,0.9468689201397753,0.0,0.026618242263793945,5.0,4.0,1.0
220,explaGraphs,osrcd,support,support,7,7,7,7,17,1,0.9342846541942822,0.0,0.054541826248168945,7.0,7.0,1.0
221,explaGraphs,osrcd,counter,counter,7,6,7,6,14,1,0.9533345046013713,0.0,0.04676246643066406,7.0,6.0,1.0
222,explaGraphs,osrcd,support,support,5,4,5,4,6,1,0.9528720500906969,0.0,0.024909019470214844,5.0,4.0,1.0
223,explaGraphs,osrcd,support,support,5,4,5,4,6,1,0.9625052875950004,0.0,0.024325132369995117,5.0,4.0,1.0
224,explaGraphs,osrcd,counter,counter,8,7,8,7,18,1,0.9403340995134559,0.0,0.0647890567779541,8.0,7.0,1.0
225,explaGraphs,osrcd,support,support,6,5,6,5,10,1,0.9658838195337841,0.0,0.03342795372009277,6.0,5.0,1.0
226,explaGraphs,osrcd,support,support,6,5,6,5,12,1,0.9659591450343881,0.0,0.03713631629943848,6.0,5.0,1.0
227,explaGraphs,osrcd,support,support,7,6,7,6,14,1,0.9528822662216493,0.0,0.04660916328430176,7.0,6.0,1.0
228,explaGraphs,osrcd,support,support,7,6,7,6,14,1,0.9375462998864403,0.0,0.04736065864562988,7.0,6.0,1.0
229,explaGraphs,osrcd,support,support,6,5,6,5,10,1,0.9596947828203273,0.0,0.034162044525146484,6.0,5.0,1.0
230,explaGraphs,osrcd,counter,counter,4,3,4,3,3,1,0.9758897045377762,0.0,0.02291083335876465,4.0,3.0,1.0
231,explaGraphs,osrcd,counter,counter,4,3,4,3,3,1,0.9584865392761331,0.0,0.02004265785217285,4.0,3.0,1.0
232,explaGraphs,osrcd,support,support,5,4,5,4,6,1,0.9578206276083503,0.0,0.024453163146972656,5.0,4.0,1.0
233,explaGraphs,osrcd,counter,counter,6,5,6,5,10,1,0.9558439287867694,0.0,0.0336155891418457,6.0,5.0,1.0
234,explaGraphs,osrcd,counter,counter,7,6,7,6,14,1,0.949564228390796,0.0,0.04616498947143555,7.0,6.0,1.0
235,explaGraphs,osrcd,support,support,4,3,4,3,3,1,0.9662435578013919,0.0,0.020612716674804688,4.0,3.0,1.0
236,explaGraphs,osrcd,support,support,7,6,7,6,14,1,0.9651395571092646,0.0,0.04620552062988281,7.0,6.0,1.0
237,explaGraphs,osrcd,counter,counter,5,4,5,4,6,1,0.959161263096702,0.0,0.024323463439941406,5.0,4.0,1.0
238,explaGraphs,osrcd,support,support,5,4,5,4,6,1,0.9577051586195111,0.0,0.024415254592895508,5.0,4.0,1.0
239,explaGraphs,osrcd,support,support,5,4,5,4,6,1,0.9434933457671469,0.0,0.024608612060546875,5.0,4.0,1.0
240,explaGraphs,osrcd,support,support,5,4,5,4,6,1,0.9550753312800657,0.0,0.024404287338256836,5.0,4.0,1.0
241,explaGraphs,osrcd,counter,counter,4,3,4,3,4,1,0.9886329686793225,0.0,0.019844770431518555,4.0,3.0,1.0
242,explaGraphs,osrcd,support,support,6,5,6,5,12,1,0.950646102953406,0.0,0.0366969108581543,6.0,5.0,1.0
243,explaGraphs,osrcd,support,support,4,3,4,3,4,1,0.9743959571806136,0.0,0.023734092712402344,4.0,3.0,1.0
244,explaGraphs,osrcd,support,support,8,7,8,7,18,1,0.9438233909308278,0.0,0.07706904411315918,8.0,7.0,1.0
245,explaGraphs,osrcd,support,support,7,6,7,6,14,1,0.9597052021573804,0.0,0.04788708686828613,7.0,6.0,1.0
246,explaGraphs,osrcd,counter,counter,4,3,4,3,3,1,0.9655874379130922,0.0,0.020927906036376953,4.0,3.0,1.0
247,explaGraphs,osrcd,support,support,7,8,7,8,17,1,0.9533441596378848,0.0,0.053354501724243164,7.0,8.0,1.0
248,explaGraphs,osrcd,support,support,8,7,8,7,18,1,0.9373284395698658,0.0,0.06599164009094238,8.0,7.0,1.0
249,explaGraphs,osrcd,support,support,7,7,7,7,17,1,0.9666061169922685,0.0,0.05454373359680176,7.0,7.0,1.0
250,explaGraphs,osrcd,support,support,6,5,6,5,10,1,0.9220841892113358,0.0,0.033905744552612305,6.0,5.0,1.0
251,explaGraphs,osrcd,counter,counter,7,6,7,6,14,1,0.9558286850364518,0.0,0.046201467514038086,7.0,6.0,1.0
252,explaGraphs,osrcd,support,support,5,4,5,4,6,1,0.9322953207285923,0.0,0.02497124671936035,5.0,4.0,1.0
253,explaGraphs,osrcd,counter,counter,8,7,8,7,18,1,0.9453322648038791,0.0,0.06529927253723145,8.0,7.0,1.0
254,explaGraphs,osrcd,support,support,6,5,6,5,10,1,0.9564941014137845,0.0,0.03267931938171387,6.0,5.0,1.0
255,explaGraphs,osrcd,support,support,7,8,7,8,17,1,0.9654790400661436,0.0,0.053802490234375,7.0,8.0,1.0
256,explaGraphs,osrcd,counter,counter,4,3,4,3,4,1,0.964425362727024,0.0,0.0216214656829834,4.0,3.0,1.0
257,explaGraphs,osrcd,counter,counter,4,3,4,3,3,1,0.9786695162486982,0.0,0.01882481575012207,4.0,3.0,1.0
258,explaGraphs,osrcd,support,support,5,4,5,4,6,1,0.967002862341052,0.0,0.024422407150268555,5.0,4.0,1.0
259,explaGraphs,osrcd,support,support,6,5,6,5,10,1,0.9673184656573264,0.0,0.03960108757019043,6.0,5.0,1.0
260,explaGraphs,osrcd,support,support,4,3,4,3,3,1,0.9771481526741567,0.0,0.01999354362487793,4.0,3.0,1.0
261,explaGraphs,osrcd,counter,counter,5,4,5,4,6,1,0.957607541134826,0.0,0.024047136306762695,5.0,4.0,1.0
262,explaGraphs,osrcd,support,support,9,8,9,8,22,1,0.9482726965951661,0.0,0.09756922721862793,9.0,8.0,1.0
263,explaGraphs,osrcd,support,support,9,8,9,8,22,1,0.9522262877443476,0.0,0.10619354248046875,9.0,8.0,1.0
264,explaGraphs,osrcd,support,support,8,8,8,8,21,1,0.9662055130010889,0.0,0.07515501976013184,8.0,8.0,1.0
265,explaGraphs,osrcd,counter,counter,5,4,5,4,6,1,0.9694151633214844,0.0,0.02519059181213379,5.0,4.0,1.0
266,explaGraphs,osrcd,counter,counter,5,4,5,4,6,1,0.9465762649786914,0.0,0.02453327178955078,5.0,4.0,1.0
267,explaGraphs,osrcd,support,support,4,3,4,3,3,1,0.9580901505179862,0.0,0.020767688751220703,4.0,3.0,1.0
268,explaGraphs,osrcd,support,support,6,5,6,5,12,1,0.9732816786574531,0.0,0.036594390869140625,6.0,5.0,1.0
269,explaGraphs,osrcd,support,support,6,5,6,5,10,1,0.953798710837872,0.0,0.03253650665283203,6.0,5.0,1.0
270,explaGraphs,osrcd,support,support,6,5,6,5,10,1,0.9726363818599608,0.0,0.03296327590942383,6.0,5.0,1.0
271,explaGraphs,osrcd,support,support,6,5,6,5,10,1,0.9447083104113202,0.0,0.03336739540100098,6.0,5.0,1.0
272,explaGraphs,osrcd,support,support,7,6,7,6,14,1,0.9533184267860733,0.0,0.0466303825378418,7.0,6.0,1.0
273,explaGraphs,osrcd,support,support,4,3,4,3,3,1,0.9622235057546407,0.0,0.02062702178955078,4.0,3.0,1.0
274,explaGraphs,osrcd,support,support,5,4,5,4,6,1,0.9508764559329684,0.0,0.02437591552734375,5.0,4.0,1.0
275,explaGraphs,osrcd,support,support,4,3,4,3,3,1,0.9636543261084426,0.0,0.021062612533569336,4.0,3.0,1.0
276,explaGraphs,osrcd,support,support,7,6,7,6,14,1,0.9460364597142239,0.0,0.045866966247558594,7.0,6.0,1.0
277,explaGraphs,osrcd,support,support,6,5,6,5,10,1,0.977198778041271,0.0,0.03329634666442871,6.0,5.0,1.0
278,explaGraphs,osrcd,support,support,5,4,5,4,6,1,0.9586599268065685,0.0,0.024237394332885742,5.0,4.0,1.0
279,explaGraphs,osrcd,support,support,5,4,5,4,6,1,0.9544636677589196,0.0,0.02446603775024414,5.0,4.0,1.0
280,explaGraphs,osrcd,counter,counter,5,4,5,4,8,1,0.9626350915843531,0.0,0.027462244033813477,5.0,4.0,1.0
281,explaGraphs,osrcd,counter,counter,5,4,5,4,6,1,0.9545206712303087,0.0,0.024575233459472656,5.0,4.0,1.0
282,explaGraphs,osrcd,support,support,8,8,8,8,21,1,0.9593730017747845,0.0,0.07129573822021484,8.0,8.0,1.0
283,explaGraphs,osrcd,counter,counter,5,4,5,4,6,1,0.9613801875520802,0.0,0.02556157112121582,5.0,4.0,1.0
284,explaGraphs,osrcd,support,support,5,4,5,4,8,1,0.9456954918735492,0.0,0.02749466896057129,5.0,4.0,1.0
285,explaGraphs,osrcd,support,support,4,3,4,3,3,1,0.9530782386228733,0.0,0.02064824104309082,4.0,3.0,1.0
286,explaGraphs,osrcd,support,support,5,4,5,4,6,1,0.9618113640012427,0.0,0.023164749145507812,5.0,4.0,1.0
287,explaGraphs,osrcd,support,support,6,5,6,5,10,1,0.9357317037966745,0.0,0.033191680908203125,6.0,5.0,1.0
288,explaGraphs,osrcd,support,support,5,4,5,4,6,1,0.9615163385888258,0.0,0.024672985076904297,5.0,4.0,1.0
289,explaGraphs,osrcd,counter,counter,5,4,5,4,6,1,0.971611897692637,0.0,0.024608373641967773,5.0,4.0,1.0
290,explaGraphs,osrcd,support,support,8,7,8,7,18,1,0.9664269478144267,0.0,0.06560158729553223,8.0,7.0,1.0
291,explaGraphs,osrcd,counter,counter,8,7,8,7,18,1,0.9590273316972111,0.0,0.06603646278381348,8.0,7.0,1.0
292,explaGraphs,osrcd,counter,counter,6,5,6,5,10,1,0.9474134818445262,0.0,0.033186912536621094,6.0,5.0,1.0
293,explaGraphs,osrcd,support,support,4,3,4,3,3,1,0.9713394237311481,0.0,0.021309852600097656,4.0,3.0,1.0
294,explaGraphs,osrcd,counter,counter,5,4,5,4,6,1,0.9540124298492526,0.0,0.024130821228027344,5.0,4.0,1.0
295,explaGraphs,osrcd,support,support,5,4,5,4,6,1,0.9500721748874524,0.0,0.02471327781677246,5.0,4.0,1.0
296,explaGraphs,osrcd,counter,counter,4,3,4,3,3,1,0.9450044802798168,0.0,0.020606040954589844,4.0,3.0,1.0
297,explaGraphs,osrcd,support,support,5,4,5,4,6,1,0.9352468017606456,0.0,0.02448892593383789,5.0,4.0,1.0
298,explaGraphs,osrcd,support,support,5,4,5,4,6,1,0.9472562710737079,0.0,0.024524450302124023,5.0,4.0,1.0
299,explaGraphs,osrcd,counter,counter,4,3,4,3,3,1,0.9694266878290597,0.0,0.021399736404418945,4.0,3.0,1.0
300,explaGraphs,osrcd,support,support,6,5,6,5,10,1,0.943762195070024,0.0,0.03292679786682129,6.0,5.0,1.0
301,explaGraphs,osrcd,support,support,5,4,5,4,6,1,0.9366792788732019,0.0,0.024224281311035156,5.0,4.0,1.0
302,explaGraphs,osrcd,counter,counter,5,4,5,4,6,1,0.9551792471231192,0.0,0.024600744247436523,5.0,4.0,1.0
303,explaGraphs,osrcd,counter,counter,5,4,5,4,6,1,0.9723683782878779,0.0,0.02487468719482422,5.0,4.0,1.0
304,explaGraphs,osrcd,support,support,5,4,5,4,6,1,0.9758308602483093,0.0,0.024629831314086914,5.0,4.0,1.0
305,explaGraphs,osrcd,counter,counter,6,5,6,5,10,1,0.9722554464519272,0.0,0.03289508819580078,6.0,5.0,1.0
306,explaGraphs,osrcd,support,support,4,3,4,3,3,1,0.9337959480006489,0.0,0.020826339721679688,4.0,3.0,1.0
307,explaGraphs,osrcd,support,support,5,4,5,4,6,1,0.9635066851773894,0.0,0.02512335777282715,5.0,4.0,1.0
308,explaGraphs,osrcd,support,support,8,7,8,7,18,1,0.9574882793136384,0.0,0.06369328498840332,8.0,7.0,1.0
309,explaGraphs,osrcd,counter,counter,5,4,5,4,6,1,0.9373429729810245,0.0,0.02519679069519043,5.0,4.0,1.0
310,explaGraphs,osrcd,support,support,7,6,7,6,14,1,0.9685476384164415,0.0,0.04568338394165039,7.0,6.0,1.0
311,explaGraphs,osrcd,support,support,5,4,5,4,6,1,0.9513648280258725,0.0,0.02435302734375,5.0,4.0,1.0
312,explaGraphs,osrcd,support,support,4,3,4,3,4,1,0.9598673212696485,0.0,0.021824359893798828,4.0,3.0,1.0
313,explaGraphs,osrcd,counter,counter,7,7,7,7,16,1,0.9505970510337888,0.0,0.05099940299987793,7.0,7.0,1.0
314,explaGraphs,osrcd,support,support,5,4,5,4,6,1,0.9637903340310413,0.0,0.02508068084716797,5.0,4.0,1.0
315,explaGraphs,osrcd,support,support,9,8,9,8,22,1,0.9518462019304206,0.0,0.09764218330383301,9.0,8.0,1.0
316,explaGraphs,osrcd,support,support,5,4,5,4,6,1,0.9605912899746505,0.0,0.025627613067626953,5.0,4.0,1.0
317,explaGraphs,osrcd,support,support,4,3,4,3,3,1,0.9493124644386332,0.0,0.020812511444091797,4.0,3.0,1.0
318,explaGraphs,osrcd,counter,counter,6,6,6,6,13,1,0.9370118717838395,0.0,0.04037880897521973,6.0,6.0,1.0
319,explaGraphs,osrcd,counter,counter,4,3,4,3,3,1,0.950019499808956,0.0,0.020444869995117188,4.0,3.0,1.0
320,explaGraphs,osrcd,support,support,5,4,5,4,6,1,0.9502606952851319,0.0,0.024514436721801758,5.0,4.0,1.0
321,explaGraphs,osrcd,support,support,6,6,6,6,13,1,0.9581185287217454,0.0,0.039170026779174805,6.0,6.0,1.0
322,explaGraphs,osrcd,counter,counter,5,4,5,4,6,1,0.9517524953587904,0.0,0.024797677993774414,5.0,4.0,1.0
323,explaGraphs,osrcd,support,support,5,4,5,4,6,1,0.9594998149431707,0.0,0.02448725700378418,5.0,4.0,1.0
324,explaGraphs,osrcd,counter,counter,5,4,5,4,8,1,0.9377192723007652,0.0,0.028044462203979492,5.0,4.0,1.0
325,explaGraphs,osrcd,support,support,5,4,5,4,6,1,0.964964760997349,0.0,0.024718046188354492,5.0,4.0,1.0
326,explaGraphs,osrcd,support,support,6,5,6,5,10,1,0.9452358592161222,0.0,0.03244280815124512,6.0,5.0,1.0
327,explaGraphs,osrcd,support,support,4,3,4,3,3,1,0.9498274644955731,0.0,0.021381855010986328,4.0,3.0,1.0
328,explaGraphs,osrcd,support,support,4,3,4,3,4,1,0.9742319876531592,0.0,0.021542787551879883,4.0,3.0,1.0
329,explaGraphs,osrcd,support,support,5,4,5,4,6,1,0.9610360538915251,0.0,0.024786710739135742,5.0,4.0,1.0
330,explaGraphs,osrcd,counter,counter,4,3,4,3,4,1,0.9442213125506776,0.0,0.02201056480407715,4.0,3.0,1.0
331,explaGraphs,osrcd,support,support,4,3,4,3,4,1,0.9520391034119611,0.0,0.02142190933227539,4.0,3.0,1.0
332,explaGraphs,osrcd,support,support,4,3,4,3,3,1,0.9758057655955314,0.0,0.017761707305908203,4.0,3.0,1.0
333,explaGraphs,osrcd,counter,counter,4,3,4,3,3,1,0.9782229442633085,0.0,0.0212249755859375,4.0,3.0,1.0
334,explaGraphs,osrcd,support,support,5,5,5,5,9,1,0.9646231241124297,0.0,0.029561758041381836,5.0,5.0,1.0
335,explaGraphs,osrcd,support,support,5,4,5,4,6,1,0.92816400160515,0.0,0.02483344078063965,5.0,4.0,1.0
336,explaGraphs,osrcd,support,support,6,5,6,5,10,1,0.9631991015611683,0.0,0.03348994255065918,6.0,5.0,1.0
337,explaGraphs,osrcd,counter,counter,4,3,4,3,3,1,0.960978615122976,0.0,0.021091699600219727,4.0,3.0,1.0
338,explaGraphs,osrcd,support,support,4,3,4,3,4,1,0.9574790693043664,0.0,0.021160602569580078,4.0,3.0,1.0
339,explaGraphs,osrcd,support,support,4,3,4,3,3,1,0.9640001583356367,0.0,0.020616769790649414,4.0,3.0,1.0
340,explaGraphs,osrcd,support,support,6,5,6,5,10,1,0.9529209169822563,0.0,0.03326773643493652,6.0,5.0,1.0
341,explaGraphs,osrcd,counter,counter,8,7,8,7,18,1,0.9571729386515992,0.0,0.06407928466796875,8.0,7.0,1.0
342,explaGraphs,osrcd,support,support,5,4,5,4,8,1,0.962012738259418,0.0,0.02764892578125,5.0,4.0,1.0
343,explaGraphs,osrcd,counter,counter,4,3,4,3,3,1,0.9593701241935478,0.0,0.019875764846801758,4.0,3.0,1.0
344,explaGraphs,osrcd,support,support,5,4,5,4,6,1,0.96635318392151,0.0,0.023913145065307617,5.0,4.0,1.0
345,explaGraphs,osrcd,support,support,8,7,8,7,18,1,0.957972447611519,0.0,0.06517672538757324,8.0,7.0,1.0
346,explaGraphs,osrcd,support,support,4,3,4,3,3,1,0.9641918419069107,0.0,0.01970195770263672,4.0,3.0,1.0
347,explaGraphs,osrcd,support,support,5,4,5,4,8,1,0.9761637298309443,0.0,0.026932716369628906,5.0,4.0,1.0
348,explaGraphs,osrcd,support,support,4,3,4,3,4,1,0.9674143846869051,0.0,0.02162003517150879,4.0,3.0,1.0
349,explaGraphs,osrcd,support,support,4,3,4,3,3,1,0.9585417037187738,0.0,0.020955324172973633,4.0,3.0,1.0
350,explaGraphs,osrcd,support,support,5,4,5,4,6,1,0.9625868331540138,0.0,0.0220644474029541,5.0,4.0,1.0
351,explaGraphs,osrcd,support,support,5,4,5,4,6,1,0.9541829370527555,0.0,0.024214744567871094,5.0,4.0,1.0
352,explaGraphs,osrcd,support,support,4,3,4,3,3,1,0.9634473512814531,0.0,0.02059483528137207,4.0,3.0,1.0
353,explaGraphs,osrcd,support,support,4,3,4,3,3,1,0.9546700761964946,0.0,0.02044224739074707,4.0,3.0,1.0
354,explaGraphs,osrcd,counter,counter,4,3,4,3,3,1,0.9492576079504377,0.0,0.020724058151245117,4.0,3.0,1.0
355,explaGraphs,osrcd,support,support,4,4,4,4,4,1,0.9448087688122809,0.0,0.02117013931274414,4.0,4.0,1.0
356,explaGraphs,osrcd,support,support,4,3,4,3,4,1,0.9575459321457572,0.0,0.02088761329650879,4.0,3.0,1.0
357,explaGraphs,osrcd,support,support,7,6,7,6,14,1,0.9518497138179036,0.0,0.046680450439453125,7.0,6.0,1.0
358,explaGraphs,osrcd,counter,counter,5,4,5,4,6,1,0.9736339459751021,0.0,0.024682044982910156,5.0,4.0,1.0
359,explaGraphs,osrcd,support,support,6,5,6,5,10,1,0.9609826203548826,0.0,0.0328829288482666,6.0,5.0,1.0
360,explaGraphs,osrcd,support,support,4,3,4,3,3,1,0.9788019394071652,0.0,0.01904892921447754,4.0,3.0,1.0
361,explaGraphs,osrcd,support,support,5,4,5,4,8,1,0.9876944050533355,0.0,0.02675914764404297,5.0,4.0,1.0
362,explaGraphs,osrcd,support,support,4,4,4,4,4,1,0.9720639337321849,0.0,0.020509719848632812,4.0,4.0,1.0
363,explaGraphs,osrcd,counter,counter,5,4,5,4,8,1,0.9466552614277659,0.0,0.027528047561645508,5.0,4.0,1.0
364,explaGraphs,osrcd,support,support,6,5,6,5,12,1,0.9501681869671293,0.0,0.03691267967224121,6.0,5.0,1.0
365,explaGraphs,osrcd,counter,counter,4,3,4,3,3,1,0.9697612487770771,0.0,0.020818233489990234,4.0,3.0,1.0
366,explaGraphs,osrcd,support,support,7,6,7,6,14,1,0.9548613607581478,0.0,0.04599285125732422,7.0,6.0,1.0
367,explaGraphs,osrcd,support,support,5,4,5,4,6,1,0.9647897308471861,0.0,0.02437591552734375,5.0,4.0,1.0
368,explaGraphs,osrcd,support,support,4,3,4,3,3,1,0.9686426591713105,0.0,0.02054762840270996,4.0,3.0,1.0
369,explaGraphs,osrcd,counter,counter,4,3,4,3,3,1,0.957616556097323,0.0,0.020610809326171875,4.0,3.0,1.0
370,explaGraphs,osrcd,support,support,4,3,4,3,4,1,0.9748691267375216,0.0,0.021439790725708008,4.0,3.0,1.0
371,explaGraphs,osrcd,support,support,4,3,4,3,3,1,0.9776235782383816,0.0,0.01962733268737793,4.0,3.0,1.0
372,explaGraphs,osrcd,support,support,5,4,5,4,6,1,0.9474191309066626,0.0,0.024617910385131836,5.0,4.0,1.0
373,explaGraphs,osrcd,support,support,5,5,5,5,8,1,0.9500140300476455,0.0,0.027400493621826172,5.0,5.0,1.0
374,explaGraphs,osrcd,support,support,6,5,6,5,10,1,0.9561307319984661,0.0,0.03233647346496582,6.0,5.0,1.0
375,explaGraphs,osrcd,support,support,5,4,5,4,6,1,0.9635867581264689,0.0,0.024447917938232422,5.0,4.0,1.0
376,explaGraphs,osrcd,support,support,5,4,5,4,6,1,0.9580377991538993,0.0,0.025182008743286133,5.0,4.0,1.0
377,explaGraphs,osrcd,support,support,5,4,5,4,6,1,0.9644480516231377,0.0,0.02436995506286621,5.0,4.0,1.0
378,explaGraphs,osrcd,counter,counter,5,4,5,4,6,1,0.9599714550577398,0.0,0.0241241455078125,5.0,4.0,1.0
379,explaGraphs,osrcd,support,support,4,3,4,3,3,1,0.9620937945573834,0.0,0.0206601619720459,4.0,3.0,1.0
380,explaGraphs,osrcd,counter,counter,4,3,4,3,3,1,0.956818833480722,0.0,0.02050614356994629,4.0,3.0,1.0
381,explaGraphs,osrcd,support,support,5,4,5,4,8,1,0.9581310469640483,0.0,0.027636051177978516,5.0,4.0,1.0
382,explaGraphs,osrcd,counter,counter,4,3,4,3,3,1,0.9472050971476003,0.0,0.019744396209716797,4.0,3.0,1.0
383,explaGraphs,osrcd,counter,counter,4,3,4,3,4,1,0.9721313828935194,0.0,0.021643400192260742,4.0,3.0,1.0
384,explaGraphs,osrcd,counter,counter,5,4,5,4,6,1,0.957331725500967,0.0,0.024517536163330078,5.0,4.0,1.0
385,explaGraphs,osrcd,support,support,4,3,4,3,3,1,0.971965079460998,0.0,0.019718647003173828,4.0,3.0,1.0
386,explaGraphs,osrcd,support,support,4,3,4,3,3,1,0.9471963654304596,0.0,0.020658254623413086,4.0,3.0,1.0
387,explaGraphs,osrcd,support,support,6,5,6,5,10,1,0.9340966097411376,0.0,0.032991886138916016,6.0,5.0,1.0
388,explaGraphs,osrcd,support,support,7,6,7,6,14,1,0.9604726328711884,0.0,0.04705548286437988,7.0,6.0,1.0
389,explaGraphs,osrcd,counter,counter,5,4,5,4,6,1,0.9528653843870867,0.0,0.024512529373168945,5.0,4.0,1.0
390,explaGraphs,osrcd,support,support,6,5,6,5,10,1,0.9415242852640852,0.0,0.03256678581237793,6.0,5.0,1.0
391,explaGraphs,osrcd,support,support,5,4,5,4,6,1,0.9531829251786267,0.0,0.02589726448059082,5.0,4.0,1.0
392,explaGraphs,osrcd,counter,counter,6,5,6,5,10,1,0.9499479469762796,0.0,0.0336461067199707,6.0,5.0,1.0
393,explaGraphs,osrcd,counter,counter,6,5,6,5,10,1,0.9469527372222407,0.0,0.032752037048339844,6.0,5.0,1.0
394,explaGraphs,osrcd,support,support,4,3,4,3,4,1,0.9472166475581578,0.0,0.0213015079498291,4.0,3.0,1.0
395,explaGraphs,osrcd,support,support,5,4,5,4,6,1,0.9525989505521416,0.0,0.02591419219970703,5.0,4.0,1.0
396,explaGraphs,osrcd,counter,counter,5,4,5,4,6,1,0.9602616343917372,0.0,0.02405714988708496,5.0,4.0,1.0
397,explaGraphs,osrcd,support,support,4,3,4,3,3,1,0.9712397898828723,0.0,0.02068924903869629,4.0,3.0,1.0
398,explaGraphs,osrcd,support,support,7,6,7,6,14,1,0.9494957590600505,0.0,0.046448707580566406,7.0,6.0,1.0
399,explaGraphs,osrcd,counter,counter,5,4,5,4,6,1,0.9470732059383942,0.0,0.025371313095092773,5.0,4.0,1.0
400,explaGraphs,osrcd,support,support,4,3,4,3,3,1,0.9604590891732758,0.0,0.021140336990356445,4.0,3.0,1.0
401,explaGraphs,osrcd,support,support,5,4,5,4,6,1,0.9457974234153282,0.0,0.02465987205505371,5.0,4.0,1.0
402,explaGraphs,osrcd,support,support,4,3,4,3,3,1,0.9469087396830375,0.0,0.020249366760253906,4.0,3.0,1.0
403,explaGraphs,osrcd,counter,counter,4,3,4,3,4,1,0.9443518003711643,0.0,0.022051572799682617,4.0,3.0,1.0
404,explaGraphs,osrcd,support,support,4,3,4,3,3,1,0.9657573128391302,0.0,0.02060675621032715,4.0,3.0,1.0
405,explaGraphs,osrcd,support,support,7,6,7,6,14,1,0.9520927642686449,0.0,0.045975446701049805,7.0,6.0,1.0
406,explaGraphs,osrcd,support,support,5,4,5,4,6,1,0.946638630013238,0.0,0.02521347999572754,5.0,4.0,1.0
407,explaGraphs,osrcd,support,support,4,3,4,3,3,1,0.9492528608944558,0.0,0.02066206932067871,4.0,3.0,1.0
408,explaGraphs,osrcd,counter,counter,5,4,5,4,6,1,0.9318944303616785,0.0,0.024589061737060547,5.0,4.0,1.0
409,explaGraphs,osrcd,support,support,5,4,5,4,6,1,0.9373028831567843,0.0,0.027839183807373047,5.0,4.0,1.0
410,explaGraphs,osrcd,support,support,7,6,7,6,14,1,0.9410063483772791,0.0,0.046196937561035156,7.0,6.0,1.0
411,explaGraphs,osrcd,support,support,5,4,5,4,6,1,0.9638205957133751,0.0,0.026214599609375,5.0,4.0,1.0
412,explaGraphs,osrcd,counter,counter,6,5,6,5,10,1,0.9586346819918655,0.0,0.0333404541015625,6.0,5.0,1.0
413,explaGraphs,osrcd,counter,counter,4,3,4,3,3,1,0.9451498137158116,0.0,0.021195411682128906,4.0,3.0,1.0
414,explaGraphs,osrcd,support,support,5,4,5,4,8,1,0.9684803007552413,0.0,0.027503013610839844,5.0,4.0,1.0
415,explaGraphs,osrcd,support,support,5,4,5,4,6,1,0.9521206028984225,0.0,0.024472713470458984,5.0,4.0,1.0
416,explaGraphs,osrcd,support,support,4,3,4,3,4,1,0.9513819299111103,0.0,0.021579265594482422,4.0,3.0,1.0
417,explaGraphs,osrcd,support,support,5,4,5,4,6,1,0.9657971750897577,0.0,0.025537490844726562,5.0,4.0,1.0
418,explaGraphs,osrcd,support,support,5,4,5,4,8,1,0.9658375682486124,0.0,0.02760148048400879,5.0,4.0,1.0
419,explaGraphs,osrcd,support,support,5,4,5,4,6,1,0.9645076276049853,0.0,0.024474620819091797,5.0,4.0,1.0
420,explaGraphs,osrcd,support,support,4,3,4,3,3,1,0.9625491453416738,0.0,0.020703554153442383,4.0,3.0,1.0
421,explaGraphs,osrcd,counter,counter,7,6,7,6,14,1,0.9524521499606021,0.0,0.0468292236328125,7.0,6.0,1.0
422,explaGraphs,osrcd,support,support,4,3,4,3,4,1,0.9555325884534343,0.0,0.021411418914794922,4.0,3.0,1.0
423,explaGraphs,osrcd,support,support,9,8,9,8,22,1,0.9476753167139521,0.0,0.0986013412475586,9.0,8.0,1.0
424,explaGraphs,osrcd,support,support,6,5,6,5,10,1,0.9524577446960983,0.0,0.03420424461364746,6.0,5.0,1.0
425,explaGraphs,osrcd,counter,counter,5,4,5,4,6,1,0.964847284423504,0.0,0.025052309036254883,5.0,4.0,1.0
426,explaGraphs,osrcd,counter,counter,4,3,4,3,3,1,0.976455526423979,0.0,0.020362138748168945,4.0,3.0,1.0
427,explaGraphs,osrcd,support,support,6,5,6,5,12,1,0.9737625698747563,0.0,0.03699660301208496,6.0,5.0,1.0
428,explaGraphs,osrcd,counter,counter,4,3,4,3,3,1,0.9481028346197597,0.0,0.02220940589904785,4.0,3.0,1.0
429,explaGraphs,osrcd,support,support,4,3,4,3,3,1,0.9786368723110679,0.0,0.0196073055267334,4.0,3.0,1.0
430,explaGraphs,osrcd,support,support,4,3,4,3,3,1,0.9593025878978662,0.0,0.019575119018554688,4.0,3.0,1.0
431,explaGraphs,osrcd,support,support,6,5,6,5,10,1,0.9588015513432444,0.0,0.03331303596496582,6.0,5.0,1.0
432,explaGraphs,osrcd,support,support,5,4,5,4,6,1,0.9492253300987502,0.0,0.024173498153686523,5.0,4.0,1.0
433,explaGraphs,osrcd,support,support,6,5,6,5,12,1,0.9564236815939041,0.0,0.036859989166259766,6.0,5.0,1.0
434,explaGraphs,osrcd,support,support,5,4,5,4,6,1,0.9638019617454887,0.0,0.024308443069458008,5.0,4.0,1.0
435,explaGraphs,osrcd,counter,counter,4,3,4,3,3,1,0.9386924352884357,0.0,0.020644426345825195,4.0,3.0,1.0
436,explaGraphs,osrcd,support,support,4,3,4,3,3,1,0.9509566379444937,0.0,0.020472049713134766,4.0,3.0,1.0
437,explaGraphs,osrcd,support,support,4,3,4,3,3,1,0.9814110824016886,0.0,0.017945528030395508,4.0,3.0,1.0
438,explaGraphs,osrcd,support,support,4,3,4,3,3,1,0.9568527357354994,0.0,0.02053356170654297,4.0,3.0,1.0
439,explaGraphs,osrcd,support,support,5,4,5,4,6,1,0.964571941804841,0.0,0.024399757385253906,5.0,4.0,1.0
440,explaGraphs,osrcd,support,support,5,4,5,4,6,1,0.9665799126519317,0.0,0.024588823318481445,5.0,4.0,1.0
441,explaGraphs,osrcd,support,support,4,3,4,3,3,1,0.9457667874427977,0.0,0.02097797393798828,4.0,3.0,1.0
442,explaGraphs,osrcd,support,support,4,3,4,3,3,1,0.974454481485855,0.0,0.02073192596435547,4.0,3.0,1.0
443,explaGraphs,osrcd,support,support,5,4,5,4,6,1,0.9623767842057506,0.0,0.02523040771484375,5.0,4.0,1.0
444,explaGraphs,osrcd,support,support,4,3,4,3,4,1,0.9718427958171214,0.0,0.022072315216064453,4.0,3.0,1.0
445,explaGraphs,osrcd,support,support,4,3,4,3,3,1,0.9539825952007006,0.0,0.020821809768676758,4.0,3.0,1.0
446,explaGraphs,osrcd,support,support,4,3,4,3,3,1,0.9711984944156883,0.0,0.020244121551513672,4.0,3.0,1.0
447,explaGraphs,osrcd,support,support,5,4,5,4,6,1,0.9628687334631277,0.0,0.024764537811279297,5.0,4.0,1.0
448,explaGraphs,osrcd,counter,counter,5,4,5,4,6,1,0.9531603514998618,0.0,0.0246279239654541,5.0,4.0,1.0
449,explaGraphs,osrcd,support,support,6,5,6,5,10,1,0.9551956378266814,0.0,0.032820701599121094,6.0,5.0,1.0
450,explaGraphs,osrcd,support,support,5,4,5,4,8,1,0.9543621284383691,0.0,0.027112483978271484,5.0,4.0,1.0
451,explaGraphs,osrcd,support,support,4,3,4,3,3,1,0.9574599285755856,0.0,0.01973247528076172,4.0,3.0,1.0
452,explaGraphs,osrcd,support,support,5,4,5,4,6,1,0.9774010364342025,0.0,0.0235598087310791,5.0,4.0,1.0
453,explaGraphs,osrcd,support,support,4,3,4,3,4,1,0.9652401961497689,0.0,0.020506858825683594,4.0,3.0,1.0
454,explaGraphs,osrcd,support,support,6,5,6,5,12,1,0.9701055470152065,0.0,0.0376279354095459,6.0,5.0,1.0
455,explaGraphs,osrcd,support,support,5,4,5,4,6,1,0.9507610080688292,0.0,0.024765491485595703,5.0,4.0,1.0
456,explaGraphs,osrcd,counter,counter,5,4,5,4,6,1,0.9742721960762346,0.0,0.02454209327697754,5.0,4.0,1.0
457,explaGraphs,osrcd,counter,counter,6,5,6,5,12,1,0.9709241372735109,0.0,0.037271976470947266,6.0,5.0,1.0
458,explaGraphs,osrcd,counter,counter,4,3,4,3,3,1,0.9654111602892281,0.0,0.021480321884155273,4.0,3.0,1.0
459,explaGraphs,osrcd,support,support,4,3,4,3,3,1,0.9632743892768294,0.0,0.018962621688842773,4.0,3.0,1.0
460,explaGraphs,osrcd,support,support,5,4,5,4,6,1,0.9639271769055754,0.0,0.024101972579956055,5.0,4.0,1.0
461,explaGraphs,osrcd,counter,counter,5,4,5,4,8,1,0.9682646973215052,0.0,0.02712845802307129,5.0,4.0,1.0
462,explaGraphs,osrcd,support,support,6,5,6,5,10,1,0.9456963179498702,0.0,0.03301048278808594,6.0,5.0,1.0
463,explaGraphs,osrcd,support,support,4,3,4,3,3,1,0.9365854315623475,0.0,0.0209503173828125,4.0,3.0,1.0
464,explaGraphs,osrcd,support,support,5,4,5,4,6,1,0.9657057074778369,0.0,0.025208711624145508,5.0,4.0,1.0
465,explaGraphs,osrcd,support,support,6,5,6,5,10,1,0.978214688961515,0.0,0.03246188163757324,6.0,5.0,1.0
466,explaGraphs,osrcd,support,support,4,3,4,3,3,1,0.9444761792437312,0.0,0.020595073699951172,4.0,3.0,1.0
467,explaGraphs,osrcd,counter,counter,5,4,5,4,6,1,0.9736069684447889,0.0,0.02443408966064453,5.0,4.0,1.0
468,explaGraphs,osrcd,support,support,4,3,4,3,3,1,0.9792256521459791,0.0,0.01780390739440918,4.0,3.0,1.0
469,explaGraphs,osrcd,support,support,5,4,5,4,6,1,0.9573579060422288,0.0,0.0243837833404541,5.0,4.0,1.0
470,explaGraphs,osrcd,support,support,4,3,4,3,3,1,0.9641394786176857,0.0,0.020769119262695312,4.0,3.0,1.0
471,explaGraphs,osrcd,support,support,5,4,5,4,6,1,0.9480737162386298,0.0,0.024322032928466797,5.0,4.0,1.0
472,explaGraphs,osrcd,support,support,4,3,4,3,3,1,0.9637222081502776,0.0,0.019727468490600586,4.0,3.0,1.0
473,explaGraphs,osrcd,support,support,4,3,4,3,3,1,0.968064091183671,0.0,0.019567251205444336,4.0,3.0,1.0
474,explaGraphs,osrcd,counter,counter,4,3,4,3,3,1,0.9643317167761853,0.0,0.020288705825805664,4.0,3.0,1.0
475,explaGraphs,osrcd,counter,counter,4,3,4,3,3,1,0.9642597878882432,0.0,0.019007205963134766,4.0,3.0,1.0
476,explaGraphs,osrcd,support,support,4,4,4,4,5,1,0.9721951529718947,0.0,0.020375728607177734,4.0,4.0,1.0
477,explaGraphs,osrcd,support,support,4,3,4,3,3,1,0.956212894911333,0.0,0.020633697509765625,4.0,3.0,1.0
478,explaGraphs,osrcd,support,support,6,5,6,5,10,1,0.9564156140262058,0.0,0.03240823745727539,6.0,5.0,1.0
479,explaGraphs,osrcd,counter,counter,8,7,8,7,18,1,0.964139272261485,0.0,0.06512713432312012,8.0,7.0,1.0
480,explaGraphs,osrcd,support,support,4,3,4,3,3,1,0.9462014375203496,0.0,0.02142500877380371,4.0,3.0,1.0
481,explaGraphs,osrcd,counter,counter,4,3,4,3,3,1,0.9771130207627653,0.0,0.02060556411743164,4.0,3.0,1.0
482,explaGraphs,osrcd,support,support,5,4,5,4,6,1,0.9463816841837067,0.0,0.024744749069213867,5.0,4.0,1.0
483,explaGraphs,osrcd,support,support,4,3,4,3,3,1,0.9608664149736281,0.0,0.020921945571899414,4.0,3.0,1.0
484,explaGraphs,osrcd,support,support,4,3,4,3,3,1,0.9166953129259302,0.0,0.020670413970947266,4.0,3.0,1.0
485,explaGraphs,osrcd,counter,counter,4,3,4,3,3,1,0.9650211403743086,0.0,0.019193649291992188,4.0,3.0,1.0
486,explaGraphs,osrcd,support,support,4,3,4,3,3,1,0.9418093596976758,0.0,0.02025747299194336,4.0,3.0,1.0
487,explaGraphs,osrcd,counter,counter,4,3,4,3,3,1,0.9664256911615388,0.0,0.018956899642944336,4.0,3.0,1.0
488,explaGraphs,osrcd,support,support,5,4,5,4,8,1,0.9503928021059262,0.0,0.026962757110595703,5.0,4.0,1.0
489,explaGraphs,osrcd,support,support,5,4,5,4,8,1,0.9582135958499884,0.0,0.02762007713317871,5.0,4.0,1.0
490,explaGraphs,osrcd,support,support,5,4,5,4,8,1,0.9359240362804546,0.0,0.027933120727539062,5.0,4.0,1.0
491,explaGraphs,osrcd,support,support,4,4,4,4,4,1,0.9640923631659288,0.0,0.02003955841064453,4.0,4.0,1.0
492,explaGraphs,osrcd,counter,counter,5,4,5,4,6,1,0.9629412978658347,0.0,0.024492502212524414,5.0,4.0,1.0
493,explaGraphs,osrcd,support,support,6,5,6,5,10,1,0.9631893852841936,0.0,0.033046722412109375,6.0,5.0,1.0
494,explaGraphs,osrcd,support,support,4,3,4,3,3,1,0.9567658846539876,0.0,0.020494461059570312,4.0,3.0,1.0
495,explaGraphs,osrcd,counter,counter,6,5,6,5,12,1,0.9488786320823762,0.0,0.036571502685546875,6.0,5.0,1.0
496,explaGraphs,osrcd,support,support,5,4,5,4,6,1,0.9462784208323419,0.0,0.02545642852783203,5.0,4.0,1.0
497,explaGraphs,osrcd,support,support,5,4,5,4,6,1,0.9465008378753251,0.0,0.023967266082763672,5.0,4.0,1.0
498,explaGraphs,osrcd,support,support,4,3,4,3,3,1,0.9616062031596401,0.0,0.019867420196533203,4.0,3.0,1.0
499,explaGraphs,osrcd,support,support,5,4,5,4,6,1,0.9787229274400363,0.0,0.021511316299438477,5.0,4.0,1.0
500,explaGraphs,osrcd,support,support,5,4,5,4,6,1,0.9620918446192661,0.0,0.023318767547607422,5.0,4.0,1.0
501,explaGraphs,osrcd,support,support,5,4,5,4,6,1,0.9647379042653011,0.0,0.024491548538208008,5.0,4.0,1.0
502,explaGraphs,osrcd,support,support,5,4,5,4,6,1,0.935469324352585,0.0,0.026260852813720703,5.0,4.0,1.0
503,explaGraphs,osrcd,counter,counter,6,5,6,5,10,1,0.9567280789019436,0.0,0.0330195426940918,6.0,5.0,1.0
504,explaGraphs,osrcd,support,support,8,8,8,8,21,1,0.9548837720133703,0.0,0.0715627670288086,8.0,8.0,1.0
505,explaGraphs,osrcd,support,support,5,4,5,4,6,1,0.9322307171945932,0.0,0.025591135025024414,5.0,4.0,1.0
506,explaGraphs,osrcd,support,support,4,3,4,3,3,1,0.9401143189931196,0.0,0.02036309242248535,4.0,3.0,1.0
507,explaGraphs,osrcd,support,support,5,4,5,4,6,1,0.9577281613194424,0.0,0.025051116943359375,5.0,4.0,1.0
508,explaGraphs,osrcd,counter,counter,4,3,4,3,3,1,0.9485444904136638,0.0,0.020160913467407227,4.0,3.0,1.0
509,explaGraphs,osrcd,support,support,4,3,4,3,4,1,0.9504000145376168,0.0,0.020891189575195312,4.0,3.0,1.0
510,explaGraphs,osrcd,support,support,7,7,7,7,17,1,0.9607218310012821,0.0,0.054128170013427734,7.0,7.0,1.0
511,explaGraphs,osrcd,support,support,4,3,4,3,3,1,0.9481051482704,0.0,0.021173477172851562,4.0,3.0,1.0
512,explaGraphs,osrcd,counter,counter,4,3,4,3,3,1,0.9509952309845356,0.0,0.020525217056274414,4.0,3.0,1.0
513,explaGraphs,osrcd,support,support,5,4,5,4,6,1,0.9515522265557872,0.0,0.02469325065612793,5.0,4.0,1.0
514,explaGraphs,osrcd,counter,counter,5,4,5,4,6,1,0.9401417253616882,0.0,0.025511503219604492,5.0,4.0,1.0
515,explaGraphs,osrcd,support,support,5,4,5,4,6,1,0.9352435557083368,0.0,0.024579763412475586,5.0,4.0,1.0
516,explaGraphs,osrcd,support,support,7,6,7,6,14,1,0.9628288130287805,0.0,0.04628872871398926,7.0,6.0,1.0
517,explaGraphs,osrcd,support,support,5,4,5,4,8,1,0.9532481708442954,0.0,0.02737283706665039,5.0,4.0,1.0
518,explaGraphs,osrcd,support,support,5,4,5,4,6,1,0.9573959931005677,0.0,0.024535179138183594,5.0,4.0,1.0
519,explaGraphs,osrcd,support,support,4,3,4,3,3,1,0.9664183266343699,0.0,0.02064657211303711,4.0,3.0,1.0
520,explaGraphs,osrcd,support,support,5,4,5,4,6,1,0.9377460058406779,0.0,0.02459239959716797,5.0,4.0,1.0
521,explaGraphs,osrcd,support,support,4,3,4,3,3,1,0.953049997210826,0.0,0.02060699462890625,4.0,3.0,1.0
522,explaGraphs,osrcd,support,support,5,4,5,4,6,1,0.9603316872613501,0.0,0.02425551414489746,5.0,4.0,1.0
523,explaGraphs,osrcd,support,support,5,4,5,4,6,1,0.974126434206821,0.0,0.02416205406188965,5.0,4.0,1.0
524,explaGraphs,osrcd,counter,counter,6,5,6,5,10,1,0.9516171364820795,0.0,0.03296923637390137,6.0,5.0,1.0
525,explaGraphs,osrcd,counter,counter,7,6,7,6,14,1,0.977548011949179,0.0,0.04654335975646973,7.0,6.0,1.0
526,explaGraphs,osrcd,support,support,9,8,9,8,22,1,0.9579689797121222,0.0,0.09517049789428711,9.0,8.0,1.0
527,explaGraphs,osrcd,support,support,4,3,4,3,3,1,0.9601759658985318,0.0,0.0210115909576416,4.0,3.0,1.0
528,explaGraphs,osrcd,support,support,5,4,5,4,6,1,0.9589580126406237,0.0,0.024404525756835938,5.0,4.0,1.0
529,explaGraphs,osrcd,support,support,4,3,4,3,4,1,0.9407350957098599,0.0,0.021465539932250977,4.0,3.0,1.0
530,explaGraphs,osrcd,support,support,7,6,7,6,14,1,0.9428004052844965,0.0,0.046602487564086914,7.0,6.0,1.0
531,explaGraphs,osrcd,support,support,4,3,4,3,4,1,0.9356580504088506,0.0,0.02196049690246582,4.0,3.0,1.0
532,explaGraphs,osrcd,support,support,4,3,4,3,3,1,0.9707577418973001,0.0,0.020211458206176758,4.0,3.0,1.0
533,explaGraphs,osrcd,support,support,5,4,5,4,6,1,0.9705028319047537,0.0,0.02471327781677246,5.0,4.0,1.0
534,explaGraphs,osrcd,support,support,8,7,8,7,18,1,0.946818526133168,0.0,0.0648188591003418,8.0,7.0,1.0
535,explaGraphs,osrcd,counter,counter,4,3,4,3,3,1,0.9499191983556394,0.0,0.021409273147583008,4.0,3.0,1.0
536,explaGraphs,osrcd,counter,counter,5,4,5,4,8,1,0.9296851023704807,0.0,0.02764439582824707,5.0,4.0,1.0
537,explaGraphs,osrcd,support,support,5,4,5,4,8,1,0.9545742402610276,0.0,0.027586698532104492,5.0,4.0,1.0
538,explaGraphs,osrcd,support,support,5,4,5,4,6,1,0.967489156549724,0.0,0.02416396141052246,5.0,4.0,1.0
539,explaGraphs,osrcd,support,support,4,3,4,3,3,1,0.9574247573853294,0.0,0.02020549774169922,4.0,3.0,1.0
540,explaGraphs,osrcd,counter,counter,5,4,5,4,8,1,0.951720344956584,0.0,0.026825904846191406,5.0,4.0,1.0
541,explaGraphs,osrcd,counter,counter,4,3,4,3,3,1,0.9436578679966171,0.0,0.020903587341308594,4.0,3.0,1.0
542,explaGraphs,osrcd,support,support,5,4,5,4,6,1,0.9602428842641515,0.0,0.024053335189819336,5.0,4.0,1.0
543,explaGraphs,osrcd,support,support,4,3,4,3,3,1,0.9564657348158218,0.0,0.02026844024658203,4.0,3.0,1.0
544,explaGraphs,osrcd,support,support,5,4,5,4,6,1,0.9357953574164377,0.0,0.023865222930908203,5.0,4.0,1.0
545,explaGraphs,osrcd,support,support,4,3,4,3,3,1,0.9514166649434889,0.0,0.020043373107910156,4.0,3.0,1.0
546,explaGraphs,osrcd,support,support,4,3,4,3,3,1,0.9370715572517729,0.0,0.020778417587280273,4.0,3.0,1.0
547,explaGraphs,osrcd,support,support,4,4,4,4,4,1,0.968359058645365,0.0,0.021647214889526367,4.0,4.0,1.0
548,explaGraphs,osrcd,support,support,6,5,6,5,10,1,0.9546794947430538,0.0,0.03250837326049805,6.0,5.0,1.0
549,explaGraphs,osrcd,support,support,6,5,6,5,10,1,0.9575986313661015,0.0,0.03304696083068848,6.0,5.0,1.0
550,explaGraphs,osrcd,support,support,7,6,7,6,14,1,0.951535027565312,0.0,0.04618239402770996,7.0,6.0,1.0
551,explaGraphs,osrcd,support,support,6,5,6,5,10,1,0.9408907252099367,0.0,0.034449100494384766,6.0,5.0,1.0
552,explaGraphs,osrcd,support,support,5,4,5,4,6,1,0.9407877740867631,0.0,0.024373292922973633,5.0,4.0,1.0
553,explaGraphs,osrcd,support,support,4,3,4,3,4,1,0.9392228351518495,0.0,0.021755218505859375,4.0,3.0,1.0
554,explaGraphs,osrcd,support,support,5,4,5,4,8,1,0.9492324929391954,0.0,0.027521848678588867,5.0,4.0,1.0
555,explaGraphs,osrcd,counter,counter,5,4,5,4,6,1,0.9532880048744915,0.0,0.024686574935913086,5.0,4.0,1.0
556,explaGraphs,osrcd,counter,counter,5,4,5,4,6,1,0.912952270223785,0.0,0.024544954299926758,5.0,4.0,1.0
557,explaGraphs,osrcd,support,support,4,3,4,3,3,1,0.9364465025969649,0.0,0.0204160213470459,4.0,3.0,1.0
558,explaGraphs,osrcd,support,support,5,4,5,4,6,1,0.9465801812338019,0.0,0.024080753326416016,5.0,4.0,1.0
559,explaGraphs,osrcd,support,support,7,6,7,6,14,1,0.9617855633015938,0.0,0.04624176025390625,7.0,6.0,1.0
560,explaGraphs,osrcd,support,support,4,3,4,3,3,1,0.9615598096462422,0.0,0.021083593368530273,4.0,3.0,1.0
561,explaGraphs,osrcd,support,support,5,4,5,4,6,1,0.9387695259554023,0.0,0.02449202537536621,5.0,4.0,1.0
562,explaGraphs,osrcd,counter,counter,6,5,6,5,12,1,0.9512386974166597,0.0,0.03707575798034668,6.0,5.0,1.0
563,explaGraphs,osrcd,support,support,5,4,5,4,6,1,0.9654798910239112,0.0,0.0242769718170166,5.0,4.0,1.0
564,explaGraphs,osrcd,counter,counter,5,4,5,4,6,1,0.9541461781044114,0.0,0.024524211883544922,5.0,4.0,1.0
565,explaGraphs,osrcd,support,support,5,4,5,4,6,1,0.9616100311560474,0.0,0.023897409439086914,5.0,4.0,1.0
566,explaGraphs,osrcd,support,support,5,4,5,4,6,1,0.9640392558367741,0.0,0.024738073348999023,5.0,4.0,1.0
567,explaGraphs,osrcd,support,support,4,3,4,3,3,1,0.9493515847862095,0.0,0.01967930793762207,4.0,3.0,1.0
568,explaGraphs,osrcd,counter,counter,5,4,5,4,6,1,0.9490610202261602,0.0,0.024370908737182617,5.0,4.0,1.0
569,explaGraphs,osrcd,support,support,5,4,5,4,8,1,0.9667195792760749,0.0,0.02751445770263672,5.0,4.0,1.0
570,explaGraphs,osrcd,support,support,5,4,5,4,6,1,0.9591204996306982,0.0,0.0245819091796875,5.0,4.0,1.0
571,explaGraphs,osrcd,support,support,5,4,5,4,6,1,0.9291081986302127,0.0,0.024667978286743164,5.0,4.0,1.0
572,explaGraphs,osrcd,counter,counter,4,3,4,3,3,1,0.9555995778780092,0.0,0.02083730697631836,4.0,3.0,1.0
573,explaGraphs,osrcd,counter,counter,8,8,8,8,21,1,0.9541717232505085,0.0,0.07283544540405273,8.0,8.0,1.0
574,explaGraphs,osrcd,support,support,5,4,5,4,8,1,0.9565127759719179,0.0,0.027921199798583984,5.0,4.0,1.0
575,explaGraphs,osrcd,counter,counter,5,4,5,4,6,1,0.9555382843563782,0.0,0.0246274471282959,5.0,4.0,1.0
576,explaGraphs,osrcd,support,support,4,3,4,3,3,1,0.9339515321209909,0.0,0.020519733428955078,4.0,3.0,1.0
577,explaGraphs,osrcd,support,support,4,3,4,3,3,1,0.9763577467885938,0.0,0.020323753356933594,4.0,3.0,1.0
578,explaGraphs,osrcd,counter,counter,5,4,5,4,6,1,0.9498798216084288,0.0,0.024653196334838867,5.0,4.0,1.0
579,explaGraphs,osrcd,support,support,6,5,6,5,10,1,0.9221260221446026,0.0,0.03277420997619629,6.0,5.0,1.0
580,explaGraphs,osrcd,counter,counter,5,4,5,4,6,1,0.9738706289170725,0.0,0.02184152603149414,5.0,4.0,1.0
581,explaGraphs,osrcd,support,support,5,4,5,4,6,1,0.9499520138987145,0.0,0.024903535842895508,5.0,4.0,1.0
582,explaGraphs,osrcd,support,support,5,4,5,4,6,1,0.9682467786359265,0.0,0.024173974990844727,5.0,4.0,1.0
583,explaGraphs,osrcd,counter,counter,4,3,4,3,3,1,0.9548188720709735,0.0,0.0209200382232666,4.0,3.0,1.0
584,explaGraphs,osrcd,support,support,5,4,5,4,6,1,0.9509454026401546,0.0,0.02454209327697754,5.0,4.0,1.0
585,explaGraphs,osrcd,support,support,6,5,6,5,10,1,0.9357758455969191,0.0,0.033257246017456055,6.0,5.0,1.0
586,explaGraphs,osrcd,counter,counter,4,3,4,3,4,1,0.9527954794309291,0.0,0.021885395050048828,4.0,3.0,1.0
587,explaGraphs,osrcd,support,support,5,4,5,4,6,1,0.9599151813136717,0.0,0.024598360061645508,5.0,4.0,1.0
588,explaGraphs,osrcd,support,support,4,3,4,3,4,1,0.9574355720125803,0.0,0.021662473678588867,4.0,3.0,1.0
589,explaGraphs,osrcd,support,support,5,4,5,4,6,1,0.9537214837560072,0.0,0.02410721778869629,5.0,4.0,1.0
590,explaGraphs,osrcd,support,support,4,3,4,3,3,1,0.9601441922469617,0.0,0.020967721939086914,4.0,3.0,1.0
591,explaGraphs,osrcd,support,support,4,3,4,3,4,1,0.9754602579606132,0.0,0.020336389541625977,4.0,3.0,1.0
592,explaGraphs,osrcd,counter,counter,5,5,5,5,9,1,0.9571446363684312,0.0,0.02908778190612793,5.0,5.0,1.0
593,explaGraphs,osrcd,support,support,4,3,4,3,3,1,0.9302516763369418,0.0,0.02096414566040039,4.0,3.0,1.0
594,explaGraphs,osrcd,support,support,8,7,8,7,18,1,0.944757966924429,0.0,0.06494688987731934,8.0,7.0,1.0
595,explaGraphs,osrcd,counter,counter,6,5,6,5,12,1,0.9527992454324865,0.0,0.03782081604003906,6.0,5.0,1.0
596,explaGraphs,osrcd,support,support,4,3,4,3,3,1,0.9458053211704975,0.0,0.020896434783935547,4.0,3.0,1.0
597,explaGraphs,osrcd,support,support,4,3,4,3,4,1,0.9513267235587528,0.0,0.021246910095214844,4.0,3.0,1.0
598,explaGraphs,osrcd,support,support,5,4,5,4,8,1,0.960111049403293,0.0,0.028003692626953125,5.0,4.0,1.0
599,explaGraphs,osrcd,counter,counter,6,5,6,5,10,1,0.9485020701884534,0.0,0.03314828872680664,6.0,5.0,1.0
600,explaGraphs,osrcd,support,support,4,3,4,3,3,1,0.935949193118826,0.0,0.02092766761779785,4.0,3.0,1.0
601,explaGraphs,osrcd,counter,counter,4,3,4,3,3,1,0.9446080096389993,0.0,0.020090103149414062,4.0,3.0,1.0
602,explaGraphs,osrcd,support,support,6,5,6,5,10,1,0.9659389084131158,0.0,0.03292274475097656,6.0,5.0,1.0
603,explaGraphs,osrcd,support,support,4,3,4,3,3,1,0.9515244687325104,0.0,0.02090597152709961,4.0,3.0,1.0
604,explaGraphs,osrcd,support,support,4,3,4,3,3,1,0.9541600054266478,0.0,0.022835969924926758,4.0,3.0,1.0
605,explaGraphs,osrcd,support,support,5,4,5,4,6,1,0.9542569216967242,0.0,0.026209592819213867,5.0,4.0,1.0
606,explaGraphs,osrcd,support,support,4,3,4,3,4,1,0.9709869405125584,0.0,0.02193140983581543,4.0,3.0,1.0
607,explaGraphs,osrcd,support,support,4,3,4,3,4,1,0.9522978454931513,0.0,0.02389240264892578,4.0,3.0,1.0
608,explaGraphs,osrcd,support,support,5,4,5,4,6,1,0.957515891852231,0.0,0.030405759811401367,5.0,4.0,1.0
609,explaGraphs,osrcd,support,support,5,4,5,4,6,1,0.9454266889884521,0.0,0.02456521987915039,5.0,4.0,1.0
610,explaGraphs,osrcd,support,support,4,3,4,3,3,1,0.9291599145425125,0.0,0.02062821388244629,4.0,3.0,1.0
611,explaGraphs,osrcd,counter,counter,5,4,5,4,6,1,0.9606929288766378,0.0,0.02327561378479004,5.0,4.0,1.0
612,explaGraphs,osrcd,support,support,5,4,5,4,6,1,0.9530746086183882,0.0,0.024554967880249023,5.0,4.0,1.0
613,explaGraphs,osrcd,support,support,8,7,8,7,18,1,0.9410247460614607,0.0,0.06602931022644043,8.0,7.0,1.0
614,explaGraphs,osrcd,support,support,5,4,5,4,6,1,0.9397626388516779,0.0,0.025254011154174805,5.0,4.0,1.0
615,explaGraphs,osrcd,support,support,8,8,8,8,20,2,0.962576829161761,0.8562784992978453,0.07639336585998535,8.0,8.0,1.0
616,explaGraphs,osrcd,counter,counter,6,5,6,5,10,1,0.9394763655580257,0.0,0.03302931785583496,6.0,5.0,1.0
617,explaGraphs,osrcd,support,support,7,6,7,6,14,1,0.9480592972701286,0.0,0.0465693473815918,7.0,6.0,1.0
618,explaGraphs,osrcd,support,support,5,4,5,4,6,1,0.9712978846033232,0.0,0.026311874389648438,5.0,4.0,1.0
619,explaGraphs,osrcd,support,support,4,3,4,3,3,1,0.9659205881570629,0.0,0.02063274383544922,4.0,3.0,1.0
620,explaGraphs,osrcd,support,support,6,5,6,5,10,1,0.9627766701968632,0.0,0.03271055221557617,6.0,5.0,1.0
621,explaGraphs,osrcd,support,support,5,4,5,4,6,1,0.9618488842990326,0.0,0.024560213088989258,5.0,4.0,1.0
622,explaGraphs,osrcd,support,support,5,4,5,4,6,1,0.9570466165846978,0.0,0.024912357330322266,5.0,4.0,1.0
623,explaGraphs,osrcd,support,support,5,4,5,4,6,1,0.9340433456251692,0.0,0.02454519271850586,5.0,4.0,1.0
624,explaGraphs,osrcd,support,support,6,5,6,5,10,1,0.940162324345734,0.0,0.03288888931274414,6.0,5.0,1.0
625,explaGraphs,osrcd,support,support,4,3,4,3,3,1,0.9590149643009324,0.0,0.020856380462646484,4.0,3.0,1.0
626,explaGraphs,osrcd,counter,counter,6,5,6,5,10,1,0.9535704123906946,0.0,0.03262734413146973,6.0,5.0,1.0
627,explaGraphs,osrcd,support,support,5,4,5,4,6,1,0.9413906656025839,0.0,0.024683237075805664,5.0,4.0,1.0
628,explaGraphs,osrcd,counter,counter,5,4,5,4,6,1,0.9506455174698377,0.0,0.02468395233154297,5.0,4.0,1.0
629,explaGraphs,osrcd,support,support,5,4,5,4,6,1,0.958214670335528,0.0,0.024281024932861328,5.0,4.0,1.0
630,explaGraphs,osrcd,counter,counter,4,3,4,3,3,1,0.9361448975145394,0.0,0.020507097244262695,4.0,3.0,1.0
631,explaGraphs,osrcd,counter,counter,5,4,5,4,6,1,0.9554370383130075,0.0,0.02434992790222168,5.0,4.0,1.0
632,explaGraphs,osrcd,support,support,5,4,5,4,6,1,0.9328370193520442,0.0,0.024867773056030273,5.0,4.0,1.0
633,explaGraphs,osrcd,support,support,4,3,4,3,3,1,0.9750481995705869,0.0,0.02061772346496582,4.0,3.0,1.0
634,explaGraphs,osrcd,counter,counter,7,6,7,6,16,1,0.9416411566479167,0.0,0.05097222328186035,7.0,6.0,1.0
635,explaGraphs,osrcd,support,support,5,4,5,4,6,1,0.9774509860505032,0.0,0.024942398071289062,5.0,4.0,1.0
636,explaGraphs,osrcd,support,support,6,5,6,5,10,1,0.9642258360236666,0.0,0.03290724754333496,6.0,5.0,1.0
637,explaGraphs,osrcd,support,support,6,5,6,5,10,1,0.9505766632709425,0.0,0.033519744873046875,6.0,5.0,1.0
638,explaGraphs,osrcd,counter,counter,5,4,5,4,6,1,0.9673637884693177,0.0,0.024090051651000977,5.0,4.0,1.0
639,explaGraphs,osrcd,support,support,5,4,5,4,9,1,0.9685103399176755,0.0,0.02897167205810547,5.0,4.0,1.0
640,explaGraphs,osrcd,support,support,6,5,6,5,10,1,0.9209134112719604,0.0,0.033072471618652344,6.0,5.0,1.0
641,explaGraphs,osrcd,counter,counter,7,6,7,6,14,1,0.9362572364329164,0.0,0.04661870002746582,7.0,6.0,1.0
642,explaGraphs,osrcd,support,support,5,4,5,4,6,1,0.9452028017455292,0.0,0.024959802627563477,5.0,4.0,1.0
643,explaGraphs,osrcd,support,support,8,7,8,7,18,1,0.9349956476311985,0.0,0.06570315361022949,8.0,7.0,1.0
644,explaGraphs,osrcd,support,support,5,4,5,4,6,1,0.9607485788089121,0.0,0.025332212448120117,5.0,4.0,1.0
645,explaGraphs,osrcd,support,support,5,4,5,4,6,1,0.9550340377460568,0.0,0.024506330490112305,5.0,4.0,1.0
646,explaGraphs,osrcd,support,support,5,4,5,4,6,1,0.9613954863664751,0.0,0.02444148063659668,5.0,4.0,1.0
647,explaGraphs,osrcd,support,support,5,4,5,4,6,1,0.9347325291426986,0.0,0.02441120147705078,5.0,4.0,1.0
648,explaGraphs,osrcd,support,support,5,4,5,4,8,1,0.9271871277800147,0.0,0.02695488929748535,5.0,4.0,1.0
649,explaGraphs,osrcd,support,support,4,3,4,3,3,1,0.955900594741662,0.0,0.020145654678344727,4.0,3.0,1.0
650,explaGraphs,osrcd,counter,counter,5,4,5,4,6,1,0.9350973486971949,0.0,0.023963451385498047,5.0,4.0,1.0
651,explaGraphs,osrcd,support,support,5,4,5,4,8,1,0.9220197785035772,0.0,0.027858734130859375,5.0,4.0,1.0
652,explaGraphs,osrcd,support,support,5,4,5,4,6,1,0.9549388939432077,0.0,0.024545907974243164,5.0,4.0,1.0
653,explaGraphs,osrcd,support,support,5,4,5,4,6,1,0.9515088253311613,0.0,0.024085521697998047,5.0,4.0,1.0
654,explaGraphs,osrcd,support,support,4,3,4,3,4,1,0.9672803417121181,0.0,0.02054452896118164,4.0,3.0,1.0
655,explaGraphs,osrcd,counter,counter,5,5,5,5,8,1,0.94320486141345,0.0,0.027597904205322266,5.0,5.0,1.0
656,explaGraphs,osrcd,counter,counter,4,3,4,3,3,1,0.953399552000407,0.0,0.0207979679107666,4.0,3.0,1.0
657,explaGraphs,osrcd,support,support,4,3,4,3,4,1,0.9430089464899875,0.0,0.021598100662231445,4.0,3.0,1.0
658,explaGraphs,osrcd,support,support,6,5,6,5,10,1,0.967204488248355,0.0,0.03277754783630371,6.0,5.0,1.0
659,explaGraphs,osrcd,counter,counter,5,4,5,4,8,1,0.9741868675479024,0.0,0.02746868133544922,5.0,4.0,1.0
660,explaGraphs,osrcd,support,support,4,3,4,3,3,1,0.9717237105383952,0.0,0.019816160202026367,4.0,3.0,1.0
661,explaGraphs,osrcd,counter,counter,6,5,6,5,10,1,0.9431413420334425,0.0,0.032613277435302734,6.0,5.0,1.0
662,explaGraphs,osrcd,support,support,6,5,6,5,10,1,0.9413604825568094,0.0,0.03292679786682129,6.0,5.0,1.0
663,explaGraphs,osrcd,support,support,6,5,6,5,10,1,0.9748950132673868,0.0,0.03304266929626465,6.0,5.0,1.0
664,explaGraphs,osrcd,support,support,5,4,5,4,6,1,0.9523775328004699,0.0,0.024483680725097656,5.0,4.0,1.0
665,explaGraphs,osrcd,counter,counter,4,3,4,3,3,1,0.9582335311985627,0.0,0.0205841064453125,4.0,3.0,1.0
666,explaGraphs,osrcd,support,support,7,6,7,6,14,1,0.9678446421885082,0.0,0.046230316162109375,7.0,6.0,1.0
667,explaGraphs,osrcd,support,support,5,4,5,4,6,1,0.9716661323571587,0.0,0.0234677791595459,5.0,4.0,1.0
668,explaGraphs,osrcd,support,support,4,3,4,3,3,1,0.9658233324546931,0.0,0.02070927619934082,4.0,3.0,1.0
669,explaGraphs,osrcd,support,support,5,4,5,4,6,1,0.9510088025309518,0.0,0.023894548416137695,5.0,4.0,1.0
670,explaGraphs,osrcd,support,support,4,3,4,3,3,1,0.9472843364193972,0.0,0.021417856216430664,4.0,3.0,1.0
671,explaGraphs,osrcd,support,support,5,4,5,4,6,1,0.9644462651926994,0.0,0.024235963821411133,5.0,4.0,1.0
672,explaGraphs,osrcd,support,support,6,5,6,5,12,1,0.9215567070694511,0.0,0.036553144454956055,6.0,5.0,1.0
673,explaGraphs,osrcd,support,support,5,4,5,4,6,1,0.9562240305332678,0.0,0.02487635612487793,5.0,4.0,1.0
674,explaGraphs,osrcd,support,support,5,4,5,4,6,1,0.9086433944548392,0.0,0.023957490921020508,5.0,4.0,1.0
675,explaGraphs,osrcd,support,support,4,3,4,3,3,1,0.958079837334205,0.0,0.020552873611450195,4.0,3.0,1.0
676,explaGraphs,osrcd,support,support,6,5,6,5,10,1,0.9606646987204303,0.0,0.03273153305053711,6.0,5.0,1.0
677,explaGraphs,osrcd,counter,counter,4,3,4,3,4,1,0.922793656029093,0.0,0.021234750747680664,4.0,3.0,1.0
678,explaGraphs,osrcd,counter,counter,4,3,4,3,3,1,0.9527143730056823,0.0,0.02058267593383789,4.0,3.0,1.0
679,explaGraphs,osrcd,support,support,5,4,5,4,6,1,0.9601053452536756,0.0,0.023914575576782227,5.0,4.0,1.0
680,explaGraphs,osrcd,support,support,6,5,6,5,12,1,0.9599944383633523,0.0,0.03673958778381348,6.0,5.0,1.0
681,explaGraphs,osrcd,support,support,4,3,4,3,3,1,0.9526970166383661,0.0,0.020934104919433594,4.0,3.0,1.0
682,explaGraphs,osrcd,support,support,4,3,4,3,3,1,0.9633075682839611,0.0,0.01779484748840332,4.0,3.0,1.0
683,explaGraphs,osrcd,support,support,5,4,5,4,6,1,0.9175272827644088,0.0,0.02395153045654297,5.0,4.0,1.0
684,explaGraphs,osrcd,support,support,4,3,4,3,3,1,0.9353069682194262,0.0,0.020211219787597656,4.0,3.0,1.0
685,explaGraphs,osrcd,counter,counter,6,5,6,5,10,1,0.9617687647141043,0.0,0.03267955780029297,6.0,5.0,1.0
686,explaGraphs,osrcd,support,support,5,4,5,4,6,1,0.9582129610109107,0.0,0.02498483657836914,5.0,4.0,1.0
687,explaGraphs,osrcd,support,support,6,5,6,5,12,1,0.9390804023983219,0.0,0.0381159782409668,6.0,5.0,1.0
688,explaGraphs,osrcd,support,support,5,4,5,4,6,1,0.9520136673260218,0.0,0.024823665618896484,5.0,4.0,1.0
689,explaGraphs,osrcd,support,support,4,3,4,3,3,1,0.9766369102035993,0.0,0.01906442642211914,4.0,3.0,1.0
690,explaGraphs,osrcd,counter,counter,4,3,4,3,4,1,0.955047763262892,0.0,0.021428585052490234,4.0,3.0,1.0
691,explaGraphs,osrcd,counter,counter,5,4,5,4,6,1,0.9690447543711361,0.0,0.025063037872314453,5.0,4.0,1.0
692,explaGraphs,osrcd,support,support,4,3,4,3,3,1,0.9421193700028986,0.0,0.02076411247253418,4.0,3.0,1.0
693,explaGraphs,osrcd,support,support,5,4,5,4,6,1,0.9506358051066721,0.0,0.025040626525878906,5.0,4.0,1.0
694,explaGraphs,osrcd,support,support,5,4,5,4,8,1,0.9564414672378287,0.0,0.02736377716064453,5.0,4.0,1.0
695,explaGraphs,osrcd,support,support,5,4,5,4,6,1,0.9330452971886721,0.0,0.024637937545776367,5.0,4.0,1.0
696,explaGraphs,osrcd,counter,counter,4,3,4,3,3,1,0.9703455868654762,0.0,0.020752906799316406,4.0,3.0,1.0
697,explaGraphs,osrcd,support,support,4,3,4,3,3,1,0.93139957460227,0.0,0.020756244659423828,4.0,3.0,1.0
698,explaGraphs,osrcd,support,support,4,3,4,3,3,1,0.9515195261933425,0.0,0.02060723304748535,4.0,3.0,1.0
699,explaGraphs,osrcd,support,support,5,4,5,4,8,1,0.9546535201974211,0.0,0.0269167423248291,5.0,4.0,1.0
700,explaGraphs,osrcd,counter,counter,4,3,4,3,4,1,0.934444249744064,0.0,0.02152228355407715,4.0,3.0,1.0
701,explaGraphs,osrcd,support,support,7,6,7,6,14,1,0.9616388382400161,0.0,0.04611039161682129,7.0,6.0,1.0
702,explaGraphs,osrcd,support,support,4,3,4,3,3,1,0.9395377671843976,0.0,0.021126270294189453,4.0,3.0,1.0
703,explaGraphs,osrcd,support,support,4,3,4,3,3,1,0.9733938619769635,0.0,0.019738435745239258,4.0,3.0,1.0
704,explaGraphs,osrcd,support,support,4,3,4,3,3,1,0.9587274971490298,0.0,0.020573139190673828,4.0,3.0,1.0
705,explaGraphs,osrcd,support,support,5,4,5,4,6,1,0.9754468298376506,0.0,0.024567604064941406,5.0,4.0,1.0
706,explaGraphs,osrcd,support,support,5,4,5,4,6,1,0.9581954573689679,0.0,0.024568557739257812,5.0,4.0,1.0
707,explaGraphs,osrcd,support,support,8,7,8,7,21,1,0.942985831204514,0.0,0.07343792915344238,8.0,7.0,1.0
708,explaGraphs,osrcd,support,support,4,3,4,3,3,1,0.9868585531008081,0.0,0.02145838737487793,4.0,3.0,1.0
709,explaGraphs,osrcd,support,support,4,3,4,3,3,1,0.9728001547356935,0.0,0.02050018310546875,4.0,3.0,1.0
710,explaGraphs,osrcd,support,support,5,4,5,4,6,1,0.9467010536759731,0.0,0.024177074432373047,5.0,4.0,1.0
711,explaGraphs,osrcd,support,support,5,4,5,4,6,1,0.942042401561921,0.0,0.025130033493041992,5.0,4.0,1.0
712,explaGraphs,osrcd,support,support,5,4,5,4,6,1,0.9474550276759814,0.0,0.024455785751342773,5.0,4.0,1.0
713,explaGraphs,osrcd,counter,counter,5,4,5,4,6,1,0.9714321224958162,0.0,0.024422645568847656,5.0,4.0,1.0
714,explaGraphs,osrcd,counter,counter,5,4,5,4,6,1,0.953581227036136,0.0,0.0244903564453125,5.0,4.0,1.0
715,explaGraphs,osrcd,support,support,4,3,4,3,3,1,0.9833129296141769,0.0,0.019753456115722656,4.0,3.0,1.0
716,explaGraphs,osrcd,support,support,4,3,4,3,3,1,0.9344048286185981,0.0,0.02092576026916504,4.0,3.0,1.0
717,explaGraphs,osrcd,support,support,6,5,6,5,12,1,0.9363540353725108,0.0,0.037102460861206055,6.0,5.0,1.0
718,explaGraphs,osrcd,support,support,4,3,4,3,4,1,0.947738874635492,0.0,0.020825624465942383,4.0,3.0,1.0
719,explaGraphs,osrcd,counter,counter,4,3,4,3,3,1,0.9579489679362375,0.0,0.020876646041870117,4.0,3.0,1.0
720,explaGraphs,osrcd,support,support,5,4,5,4,6,1,0.9464986601314416,0.0,0.024502038955688477,5.0,4.0,1.0
721,explaGraphs,osrcd,support,support,5,4,5,4,6,1,0.9358887236728384,0.0,0.02465677261352539,5.0,4.0,1.0
722,explaGraphs,osrcd,counter,counter,9,8,9,8,22,1,0.9577359595824321,0.0,0.09752917289733887,9.0,8.0,1.0
723,explaGraphs,osrcd,support,support,5,4,5,4,6,1,0.9456159803089901,0.0,0.02552342414855957,5.0,4.0,1.0
724,explaGraphs,osrcd,support,support,4,3,4,3,3,1,0.9728297493540882,0.0,0.01958918571472168,4.0,3.0,1.0
725,explaGraphs,osrcd,support,support,5,4,5,4,8,1,0.9524626250863831,0.0,0.027468204498291016,5.0,4.0,1.0
726,explaGraphs,osrcd,support,support,4,3,4,3,3,1,0.9720771294274231,0.0,0.02075934410095215,4.0,3.0,1.0
727,explaGraphs,osrcd,counter,counter,5,4,5,4,8,1,0.9324412724085942,0.0,0.027296781539916992,5.0,4.0,1.0
728,explaGraphs,osrcd,support,support,5,4,5,4,6,1,0.9736720582507297,0.0,0.022913694381713867,5.0,4.0,1.0
729,explaGraphs,osrcd,support,support,4,3,4,3,3,1,0.9652780830624426,0.0,0.019596576690673828,4.0,3.0,1.0
730,explaGraphs,osrcd,support,support,5,4,5,4,6,1,0.9361501976775142,0.0,0.024970054626464844,5.0,4.0,1.0
731,explaGraphs,osrcd,support,support,7,6,7,6,14,1,0.9650721232684022,0.0,0.04632854461669922,7.0,6.0,1.0
732,explaGraphs,osrcd,counter,counter,5,4,5,4,6,1,0.9718243221152301,0.0,0.02503800392150879,5.0,4.0,1.0
733,explaGraphs,osrcd,support,support,4,3,4,3,3,1,0.9447365929833924,0.0,0.020946741104125977,4.0,3.0,1.0
734,explaGraphs,osrcd,support,support,5,4,5,4,8,1,0.9501854491035514,0.0,0.02783966064453125,5.0,4.0,1.0
735,explaGraphs,osrcd,support,support,4,3,4,3,3,1,0.9245037532513554,0.0,0.021094560623168945,4.0,3.0,1.0
736,explaGraphs,osrcd,support,support,5,4,5,4,6,1,0.9554866306730136,0.0,0.02480030059814453,5.0,4.0,1.0
737,explaGraphs,osrcd,support,support,6,5,6,5,10,1,0.944878901723443,0.0,0.03294730186462402,6.0,5.0,1.0
738,explaGraphs,osrcd,support,support,4,3,4,3,4,1,0.9651494613906539,0.0,0.020547866821289062,4.0,3.0,1.0
739,explaGraphs,osrcd,support,support,6,5,6,5,10,1,0.9525092014641686,0.0,0.03280997276306152,6.0,5.0,1.0
740,explaGraphs,osrcd,support,support,4,3,4,3,3,1,0.9442361317335808,0.0,0.021466493606567383,4.0,3.0,1.0
741,explaGraphs,osrcd,counter,counter,5,4,5,4,6,1,0.9479651202598097,0.0,0.02546095848083496,5.0,4.0,1.0
742,explaGraphs,osrcd,support,support,4,3,4,3,3,1,0.9400004038069522,0.0,0.019053936004638672,4.0,3.0,1.0
743,explaGraphs,osrcd,support,support,4,3,4,3,3,1,0.943835180096996,0.0,0.020570993423461914,4.0,3.0,1.0
744,explaGraphs,osrcd,support,support,4,4,4,4,5,1,0.9773048333824319,0.0,0.022074460983276367,4.0,4.0,1.0
745,explaGraphs,osrcd,counter,counter,4,3,4,3,3,1,0.9419788392147573,0.0,0.020774126052856445,4.0,3.0,1.0
746,explaGraphs,osrcd,counter,counter,5,4,5,4,8,1,0.9575792863432249,0.0,0.027541160583496094,5.0,4.0,1.0
747,explaGraphs,osrcd,support,support,6,5,6,5,10,1,0.9646312135853556,0.0,0.03234601020812988,6.0,5.0,1.0
748,explaGraphs,osrcd,support,support,7,6,7,6,14,1,0.9525360448079758,0.0,0.04634356498718262,7.0,6.0,1.0
749,explaGraphs,osrcd,support,support,7,6,7,6,14,1,0.9503261966806639,0.0,0.04682350158691406,7.0,6.0,1.0
750,explaGraphs,osrcd,support,support,8,7,8,7,18,1,0.9589429022825613,0.0,0.06534171104431152,8.0,7.0,1.0
751,explaGraphs,osrcd,support,support,6,5,6,5,10,1,0.9419518884673749,0.0,0.03386735916137695,6.0,5.0,1.0
752,explaGraphs,osrcd,support,support,5,4,5,4,6,1,0.9467949268242183,0.0,0.024600505828857422,5.0,4.0,1.0
753,explaGraphs,osrcd,support,support,4,3,4,3,4,1,0.9596539229939031,0.0,0.02156686782836914,4.0,3.0,1.0
754,explaGraphs,osrcd,support,support,5,4,5,4,6,1,0.9590212869274759,0.0,0.025963783264160156,5.0,4.0,1.0
755,explaGraphs,osrcd,support,support,5,4,5,4,6,1,0.9245031322808533,0.0,0.027209758758544922,5.0,4.0,1.0
756,explaGraphs,osrcd,counter,counter,5,4,5,4,6,1,0.9727583521572609,0.0,0.025278806686401367,5.0,4.0,1.0
757,explaGraphs,osrcd,support,support,5,5,5,5,9,1,0.9440231859470635,0.0,0.030259132385253906,5.0,5.0,1.0
758,explaGraphs,osrcd,counter,counter,4,3,4,3,4,1,0.9779416320397984,0.0,0.026073932647705078,4.0,3.0,1.0
759,explaGraphs,osrcd,support,support,5,4,5,4,8,1,0.9659026832653083,0.0,0.02748584747314453,5.0,4.0,1.0
760,explaGraphs,osrcd,support,support,5,4,5,4,8,1,0.9258639416844724,0.0,0.027528047561645508,5.0,4.0,1.0
761,explaGraphs,osrcd,support,support,4,3,4,3,3,1,0.9522385105260533,0.0,0.02092146873474121,4.0,3.0,1.0
762,explaGraphs,osrcd,counter,counter,8,7,8,7,18,1,0.9321122294330167,0.0,0.06591153144836426,8.0,7.0,1.0
763,explaGraphs,osrcd,support,support,6,5,6,5,10,1,0.9404826695743056,0.0,0.04008197784423828,6.0,5.0,1.0
764,explaGraphs,osrcd,counter,counter,4,3,4,3,3,1,0.9565821400781456,0.0,0.019865036010742188,4.0,3.0,1.0
765,explaGraphs,osrcd,support,support,4,3,4,3,3,1,0.9577231834462989,0.0,0.020716190338134766,4.0,3.0,1.0
766,explaGraphs,osrcd,support,support,5,4,5,4,6,1,0.9709868710148848,0.0,0.022767066955566406,5.0,4.0,1.0
767,explaGraphs,osrcd,counter,counter,5,5,5,5,9,1,0.9532782228606205,0.0,0.028946638107299805,5.0,5.0,1.0
768,explaGraphs,osrcd,counter,counter,5,4,5,4,6,1,0.9778034145911989,0.0,0.02516770362854004,5.0,4.0,1.0
769,explaGraphs,osrcd,support,support,6,5,6,5,10,1,0.9454389068192804,0.0,0.03320431709289551,6.0,5.0,1.0
770,explaGraphs,osrcd,counter,counter,4,3,4,3,3,1,0.941005511434789,0.0,0.019603252410888672,4.0,3.0,1.0
771,explaGraphs,osrcd,counter,counter,4,3,4,3,4,1,0.9641869143310609,0.0,0.021413326263427734,4.0,3.0,1.0
772,explaGraphs,osrcd,support,support,8,7,8,7,18,1,0.9588347971126234,0.0,0.06462979316711426,8.0,7.0,1.0
773,explaGraphs,osrcd,support,support,5,4,5,4,6,1,0.9436964607893421,0.0,0.024925947189331055,5.0,4.0,1.0
774,explaGraphs,osrcd,support,support,4,3,4,3,3,1,0.9685235801040962,0.0,0.019589662551879883,4.0,3.0,1.0
775,explaGraphs,osrcd,support,support,5,4,5,4,8,1,0.9641743569131337,0.0,0.027187585830688477,5.0,4.0,1.0
776,explaGraphs,osrcd,counter,counter,5,4,5,4,8,1,0.9595938059472418,0.0,0.027375221252441406,5.0,4.0,1.0
777,explaGraphs,osrcd,support,support,4,3,4,3,3,1,0.9811177855102489,0.0,0.020284175872802734,4.0,3.0,1.0
778,explaGraphs,osrcd,support,support,4,3,4,3,3,1,0.9601921448210515,0.0,0.02011895179748535,4.0,3.0,1.0
779,explaGraphs,osrcd,support,support,5,4,5,4,6,1,0.9507375682440149,0.0,0.024524211883544922,5.0,4.0,1.0
780,explaGraphs,osrcd,support,support,4,3,4,3,4,1,0.9788610603575021,0.0,0.020456314086914062,4.0,3.0,1.0
781,explaGraphs,osrcd,counter,counter,4,3,4,3,3,1,0.9766770759455132,0.0,0.018985748291015625,4.0,3.0,1.0
782,explaGraphs,osrcd,support,support,7,6,7,6,14,1,0.948856923104357,0.0,0.046526432037353516,7.0,6.0,1.0
783,explaGraphs,osrcd,support,support,4,3,4,3,3,1,0.9469310727664911,0.0,0.02113938331604004,4.0,3.0,1.0
784,explaGraphs,osrcd,support,support,5,4,5,4,6,1,0.9850368600025013,0.0,0.02452850341796875,5.0,4.0,1.0
785,explaGraphs,osrcd,support,support,5,4,5,4,8,1,0.9470482511614218,0.0,0.027386188507080078,5.0,4.0,1.0
786,explaGraphs,osrcd,support,support,4,3,4,3,3,1,0.9446762080540085,0.0,0.020815134048461914,4.0,3.0,1.0
787,explaGraphs,osrcd,support,support,5,4,5,4,6,1,0.9592501422463212,0.0,0.02454400062561035,5.0,4.0,1.0
788,explaGraphs,osrcd,support,support,4,3,4,3,4,1,0.9571517447505772,0.0,0.021471500396728516,4.0,3.0,1.0
789,explaGraphs,osrcd,support,support,4,3,4,3,4,1,0.9878229524544692,0.0,0.0195467472076416,4.0,3.0,1.0
790,explaGraphs,osrcd,counter,counter,5,4,5,4,8,1,0.9481726320434787,0.0,0.027492523193359375,5.0,4.0,1.0
791,explaGraphs,osrcd,counter,counter,5,4,5,4,6,1,0.9257804486523136,0.0,0.024657249450683594,5.0,4.0,1.0
792,explaGraphs,osrcd,support,support,4,3,4,3,3,1,0.9737158878120877,0.0,0.020751953125,4.0,3.0,1.0
793,explaGraphs,osrcd,counter,counter,6,5,6,5,10,1,0.9477176420570376,0.0,0.040312767028808594,6.0,5.0,1.0
794,explaGraphs,osrcd,support,support,5,4,5,4,6,1,0.9589993233919883,0.0,0.0257723331451416,5.0,4.0,1.0
795,explaGraphs,osrcd,support,support,9,8,9,8,22,1,0.9494280942536344,0.0,0.09844255447387695,9.0,8.0,1.0
796,explaGraphs,osrcd,support,support,5,4,5,4,6,1,0.953212418815461,0.0,0.025117874145507812,5.0,4.0,1.0
797,explaGraphs,osrcd,support,support,4,3,4,3,3,1,0.975326976426124,0.0,0.02053976058959961,4.0,3.0,1.0
798,explaGraphs,osrcd,counter,counter,6,5,6,5,10,1,0.9536030663086602,0.0,0.03478264808654785,6.0,5.0,1.0
799,explaGraphs,osrcd,support,support,5,4,5,4,8,1,0.950840756708149,0.0,0.030655622482299805,5.0,4.0,1.0
800,explaGraphs,osrcd,support,support,5,4,5,4,6,1,0.9348964741205713,0.0,0.02451467514038086,5.0,4.0,1.0
801,explaGraphs,osrcd,support,support,4,3,4,3,3,1,0.972843492998754,0.0,0.020839691162109375,4.0,3.0,1.0
802,explaGraphs,osrcd,counter,counter,9,8,9,8,22,1,0.9528314612526135,0.0,0.09750175476074219,9.0,8.0,1.0
803,explaGraphs,osrcd,support,support,4,3,4,3,3,1,0.9538449326808965,0.0,0.0209043025970459,4.0,3.0,1.0
804,explaGraphs,osrcd,support,support,5,4,5,4,8,1,0.9548857304805664,0.0,0.02738213539123535,5.0,4.0,1.0
805,explaGraphs,osrcd,counter,counter,5,4,5,4,6,1,0.9470152727432561,0.0,0.024098634719848633,5.0,4.0,1.0
806,explaGraphs,osrcd,support,support,8,7,8,7,18,1,0.9547639293324907,0.0,0.06481814384460449,8.0,7.0,1.0
807,explaGraphs,osrcd,support,support,5,4,5,4,6,1,0.9449532977941063,0.0,0.025167465209960938,5.0,4.0,1.0
808,explaGraphs,osrcd,support,support,5,4,5,4,6,1,0.9485222429374738,0.0,0.024551868438720703,5.0,4.0,1.0
809,explaGraphs,osrcd,counter,counter,4,3,4,3,3,1,0.9790502112882105,0.0,0.019841432571411133,4.0,3.0,1.0
810,explaGraphs,osrcd,counter,counter,4,3,4,3,3,1,0.981051489019887,0.0,0.02021002769470215,4.0,3.0,1.0
811,explaGraphs,osrcd,support,support,5,4,5,4,6,1,0.961549642901633,0.0,0.023984193801879883,5.0,4.0,1.0
812,explaGraphs,osrcd,support,support,4,3,4,3,4,1,0.952656817656821,0.0,0.021555185317993164,4.0,3.0,1.0
813,explaGraphs,osrcd,support,support,4,3,4,3,3,1,0.9279899305895576,0.0,0.020556926727294922,4.0,3.0,1.0
814,explaGraphs,osrcd,support,support,4,3,4,3,3,1,0.9635986625105295,0.0,0.020540475845336914,4.0,3.0,1.0
815,explaGraphs,osrcd,support,support,6,5,6,5,10,1,0.9769186638798072,0.0,0.03273177146911621,6.0,5.0,1.0
816,explaGraphs,osrcd,support,support,8,7,8,7,18,1,0.9589149471978973,0.0,0.06503033638000488,8.0,7.0,1.0
817,explaGraphs,osrcd,counter,counter,4,3,4,3,3,1,0.9273280977353707,0.0,0.02221536636352539,4.0,3.0,1.0
818,explaGraphs,osrcd,counter,counter,4,3,4,3,4,1,0.9507460830182307,0.0,0.021361351013183594,4.0,3.0,1.0
819,explaGraphs,osrcd,support,support,4,3,4,3,3,1,0.9687886118834678,0.0,0.020475387573242188,4.0,3.0,1.0
820,explaGraphs,osrcd,support,support,6,5,6,5,10,1,0.9590631962055822,0.0,0.03287243843078613,6.0,5.0,1.0
821,explaGraphs,osrcd,support,support,4,3,4,3,3,1,0.9398899914669343,0.0,0.020954370498657227,4.0,3.0,1.0
822,explaGraphs,osrcd,support,support,5,4,5,4,8,1,0.9531872999144753,0.0,0.02723860740661621,5.0,4.0,1.0
823,explaGraphs,osrcd,support,support,4,3,4,3,4,1,0.939228939154428,0.0,0.021668672561645508,4.0,3.0,1.0
824,explaGraphs,osrcd,support,support,4,3,4,3,4,1,0.9524516169138532,0.0,0.021416664123535156,4.0,3.0,1.0
825,explaGraphs,osrcd,counter,counter,5,4,5,4,8,1,0.9809167806117176,0.0,0.026927709579467773,5.0,4.0,1.0
826,explaGraphs,osrcd,support,support,4,3,4,3,4,1,0.9419106039926171,0.0,0.021496057510375977,4.0,3.0,1.0
827,explaGraphs,osrcd,counter,counter,4,3,4,3,3,1,0.9625396804741847,0.0,0.019558191299438477,4.0,3.0,1.0
828,explaGraphs,osrcd,counter,counter,4,3,4,3,3,1,0.9519536415768095,0.0,0.020616531372070312,4.0,3.0,1.0
829,explaGraphs,osrcd,counter,counter,8,8,8,8,20,1,0.9404934295844468,0.0,0.06964278221130371,8.0,8.0,1.0
830,explaGraphs,osrcd,support,support,5,4,5,4,6,1,0.9455806831032642,0.0,0.0254514217376709,5.0,4.0,1.0
831,explaGraphs,osrcd,support,support,6,5,6,5,10,1,0.97099382245529,0.0,0.03317832946777344,6.0,5.0,1.0
832,explaGraphs,osrcd,counter,counter,4,3,4,3,3,1,0.9534351608235765,0.0,0.02079939842224121,4.0,3.0,1.0
833,explaGraphs,osrcd,counter,counter,4,3,4,3,3,1,0.9619825237340033,0.0,0.019492149353027344,4.0,3.0,1.0
834,explaGraphs,osrcd,support,support,4,3,4,3,3,1,0.9323271941119823,0.0,0.020870208740234375,4.0,3.0,1.0
835,explaGraphs,osrcd,support,support,4,3,4,3,3,1,0.9828140204702668,0.0,0.020731449127197266,4.0,3.0,1.0
836,explaGraphs,osrcd,counter,counter,4,3,4,3,3,1,0.9706566091824519,0.0,0.02003026008605957,4.0,3.0,1.0
837,explaGraphs,osrcd,counter,counter,5,4,5,4,6,1,0.9428856135580098,0.0,0.024525880813598633,5.0,4.0,1.0
838,explaGraphs,osrcd,support,support,4,3,4,3,3,1,0.9775176515899362,0.0,0.02021002769470215,4.0,3.0,1.0
839,explaGraphs,osrcd,support,support,4,3,4,3,4,1,0.9481499686168297,0.0,0.021396160125732422,4.0,3.0,1.0
840,explaGraphs,osrcd,support,support,7,7,7,7,17,1,0.9549677064059444,0.0,0.05412864685058594,7.0,7.0,1.0
841,explaGraphs,osrcd,support,support,5,4,5,4,6,1,0.9529552910900788,0.0,0.024764299392700195,5.0,4.0,1.0
842,explaGraphs,osrcd,support,support,4,3,4,3,4,1,0.950444542794043,0.0,0.02037215232849121,4.0,3.0,1.0
843,explaGraphs,osrcd,support,support,4,3,4,3,3,1,0.9559054620185529,0.0,0.020809650421142578,4.0,3.0,1.0
844,explaGraphs,osrcd,support,support,5,4,5,4,6,1,0.9315878612437034,0.0,0.02430105209350586,5.0,4.0,1.0
845,explaGraphs,osrcd,counter,counter,4,3,4,3,3,1,0.941636818007628,0.0,0.020821094512939453,4.0,3.0,1.0
846,explaGraphs,osrcd,support,support,5,4,5,4,8,1,0.9590795659314093,0.0,0.027075767517089844,5.0,4.0,1.0
847,explaGraphs,osrcd,counter,counter,5,4,5,4,6,1,0.9695039171525786,0.0,0.024243831634521484,5.0,4.0,1.0
848,explaGraphs,osrcd,support,support,5,4,5,4,8,1,0.940889561438494,0.0,0.027522563934326172,5.0,4.0,1.0
849,explaGraphs,osrcd,support,support,5,4,5,4,6,1,0.9616203981498614,0.0,0.02464890480041504,5.0,4.0,1.0
850,explaGraphs,osrcd,counter,counter,7,7,7,7,16,1,0.9602582705130379,0.0,0.05080533027648926,7.0,7.0,1.0
851,explaGraphs,osrcd,support,support,4,3,4,3,3,1,0.9688165553875864,0.0,0.02071547508239746,4.0,3.0,1.0
852,explaGraphs,osrcd,support,support,4,3,4,3,3,1,0.9207559750866251,0.0,0.020616769790649414,4.0,3.0,1.0
853,explaGraphs,osrcd,counter,counter,4,3,4,3,3,1,0.9652637603994552,0.0,0.019594669342041016,4.0,3.0,1.0
854,explaGraphs,osrcd,support,support,8,8,8,8,20,1,0.9562736847862788,0.0,0.06996297836303711,8.0,8.0,1.0
855,explaGraphs,osrcd,counter,counter,5,4,5,4,8,1,0.9519200264941331,0.0,0.027530670166015625,5.0,4.0,1.0
856,explaGraphs,osrcd,support,support,4,3,4,3,3,1,0.9790294936400175,0.0,0.0206756591796875,4.0,3.0,1.0
857,explaGraphs,osrcd,support,support,4,3,4,3,3,1,0.9625328446552778,0.0,0.020572423934936523,4.0,3.0,1.0
858,explaGraphs,osrcd,support,support,5,4,5,4,8,1,0.9684691873024704,0.0,0.027310848236083984,5.0,4.0,1.0
859,explaGraphs,osrcd,support,support,4,3,4,3,3,1,0.9644844698193901,0.0,0.020712852478027344,4.0,3.0,1.0
860,explaGraphs,osrcd,support,support,4,3,4,3,3,1,0.964197023982869,0.0,0.01982402801513672,4.0,3.0,1.0
861,explaGraphs,osrcd,support,support,4,3,4,3,3,1,0.9456963775595261,0.0,0.020490407943725586,4.0,3.0,1.0
862,explaGraphs,osrcd,support,support,6,5,6,5,10,1,0.9528417137006513,0.0,0.03272414207458496,6.0,5.0,1.0
863,explaGraphs,osrcd,support,support,7,6,7,6,14,1,0.9638339414873902,0.0,0.04659533500671387,7.0,6.0,1.0
864,explaGraphs,osrcd,support,support,5,4,5,4,6,1,0.9338864380105986,0.0,0.024646997451782227,5.0,4.0,1.0
865,explaGraphs,osrcd,support,support,4,3,4,3,3,1,0.9691493589564132,0.0,0.0195925235748291,4.0,3.0,1.0
866,explaGraphs,osrcd,counter,counter,5,4,5,4,6,1,0.9715670580927219,0.0,0.024550199508666992,5.0,4.0,1.0
867,explaGraphs,osrcd,support,support,5,4,5,4,8,1,0.9208283546833144,0.0,0.026989221572875977,5.0,4.0,1.0
868,explaGraphs,osrcd,support,support,5,4,5,4,6,1,0.9647903009526443,0.0,0.02392721176147461,5.0,4.0,1.0
869,explaGraphs,osrcd,support,support,6,5,6,5,12,1,0.9438129078063667,0.0,0.036604881286621094,6.0,5.0,1.0
870,explaGraphs,osrcd,support,support,5,4,5,4,8,1,0.9385211542385556,0.0,0.027616262435913086,5.0,4.0,1.0
871,explaGraphs,osrcd,support,support,4,3,4,3,3,1,0.9776651984442629,0.0,0.01962733268737793,4.0,3.0,1.0
872,explaGraphs,osrcd,counter,counter,5,4,5,4,8,1,0.9367988042241191,0.0,0.027496814727783203,5.0,4.0,1.0
873,explaGraphs,osrcd,counter,counter,5,4,5,4,6,1,0.9499841654709964,0.0,0.024718761444091797,5.0,4.0,1.0
874,explaGraphs,osrcd,support,support,6,5,6,5,10,1,0.9232561537111832,0.0,0.03249669075012207,6.0,5.0,1.0
875,explaGraphs,osrcd,support,support,4,3,4,3,4,1,0.9587116464222273,0.0,0.02164173126220703,4.0,3.0,1.0
876,explaGraphs,osrcd,support,support,4,3,4,3,3,1,0.9589220615239219,0.0,0.020108938217163086,4.0,3.0,1.0
877,explaGraphs,osrcd,support,support,4,3,4,3,3,1,0.9429750601183846,0.0,0.020622968673706055,4.0,3.0,1.0
878,explaGraphs,osrcd,support,support,5,4,5,4,6,1,0.9503182323856885,0.0,0.02423548698425293,5.0,4.0,1.0
879,explaGraphs,osrcd,support,support,4,3,4,3,3,1,0.958779558116581,0.0,0.02018427848815918,4.0,3.0,1.0
880,explaGraphs,osrcd,support,support,5,4,5,4,6,1,0.9711622285834892,0.0,0.022727012634277344,5.0,4.0,1.0
881,explaGraphs,osrcd,support,support,5,4,5,4,8,1,0.9341856193375632,0.0,0.026931285858154297,5.0,4.0,1.0
882,explaGraphs,osrcd,support,support,4,3,4,3,3,1,0.9766265266475503,0.0,0.018895626068115234,4.0,3.0,1.0
883,explaGraphs,osrcd,support,support,5,4,5,4,6,1,0.9579895275618623,0.0,0.024648189544677734,5.0,4.0,1.0
884,explaGraphs,osrcd,counter,counter,5,4,5,4,6,1,0.950927124034808,0.0,0.024448633193969727,5.0,4.0,1.0
885,explaGraphs,osrcd,support,support,5,4,5,4,8,1,0.943123330115359,0.0,0.02745985984802246,5.0,4.0,1.0
886,explaGraphs,osrcd,counter,counter,4,3,4,3,3,1,0.963699627869144,0.0,0.01974010467529297,4.0,3.0,1.0
887,explaGraphs,osrcd,counter,counter,5,4,5,4,6,1,0.9508887582449598,0.0,0.024498462677001953,5.0,4.0,1.0
888,explaGraphs,osrcd,support,support,4,4,4,4,4,1,0.9638273338629988,0.0,0.021592140197753906,4.0,4.0,1.0
889,explaGraphs,osrcd,support,support,4,3,4,3,3,1,0.9794218793955802,0.0,0.01960277557373047,4.0,3.0,1.0
890,explaGraphs,osrcd,support,support,5,4,5,4,6,1,0.9681856781890741,0.0,0.02422332763671875,5.0,4.0,1.0
891,explaGraphs,osrcd,support,support,5,4,5,4,6,1,0.9572197271783158,0.0,0.024210453033447266,5.0,4.0,1.0
892,explaGraphs,osrcd,support,support,5,4,5,4,6,1,0.9696622034773994,0.0,0.024491548538208008,5.0,4.0,1.0
893,explaGraphs,osrcd,support,support,4,3,4,3,3,1,0.9580491022351839,0.0,0.01972341537475586,4.0,3.0,1.0
894,explaGraphs,osrcd,support,support,5,4,5,4,6,1,0.9772905360581937,0.0,0.024645566940307617,5.0,4.0,1.0
895,explaGraphs,osrcd,support,support,5,4,5,4,6,1,0.9562050208759777,0.0,0.024982690811157227,5.0,4.0,1.0
896,explaGraphs,osrcd,support,support,5,4,5,4,8,1,0.9424955774402204,0.0,0.02689075469970703,5.0,4.0,1.0
897,explaGraphs,osrcd,support,support,4,3,4,3,3,1,0.9576763308961371,0.0,0.020971298217773438,4.0,3.0,1.0
898,explaGraphs,osrcd,support,support,5,4,5,4,6,1,0.9398976708764835,0.0,0.024477243423461914,5.0,4.0,1.0
899,explaGraphs,osrcd,support,support,5,4,5,4,6,1,0.9494486381926462,0.0,0.02461719512939453,5.0,4.0,1.0
900,explaGraphs,osrcd,support,support,5,4,5,4,6,1,0.9510272208607533,0.0,0.02448749542236328,5.0,4.0,1.0
901,explaGraphs,osrcd,support,support,6,5,6,5,12,1,0.9359977283790302,0.0,0.03761887550354004,6.0,5.0,1.0
902,explaGraphs,osrcd,counter,counter,5,4,5,4,8,1,0.9539477477865739,0.0,0.02762746810913086,5.0,4.0,1.0
903,explaGraphs,osrcd,support,support,5,4,5,4,6,1,0.9545112091393457,0.0,0.024710416793823242,5.0,4.0,1.0
904,explaGraphs,osrcd,support,support,5,4,5,4,8,1,0.9466114267432727,0.0,0.027524232864379883,5.0,4.0,1.0
905,explaGraphs,osrcd,support,support,5,4,5,4,8,1,0.9507238618188798,0.0,0.027456045150756836,5.0,4.0,1.0
906,explaGraphs,osrcd,support,support,5,4,5,4,6,1,0.9588377828506509,0.0,0.02481222152709961,5.0,4.0,1.0
907,explaGraphs,osrcd,counter,counter,5,4,5,4,6,1,0.9319616428022675,0.0,0.024483919143676758,5.0,4.0,1.0
908,explaGraphs,osrcd,support,support,4,4,4,4,5,1,0.9591530034031531,0.0,0.020956754684448242,4.0,4.0,1.0
909,explaGraphs,osrcd,support,support,5,4,5,4,6,1,0.9786014293364405,0.0,0.023860692977905273,5.0,4.0,1.0
910,explaGraphs,osrcd,counter,counter,4,3,4,3,4,1,0.9609216544702742,0.0,0.021710634231567383,4.0,3.0,1.0
911,explaGraphs,osrcd,support,support,7,7,7,7,17,1,0.9340722114153257,0.0,0.054283857345581055,7.0,7.0,1.0
912,explaGraphs,osrcd,counter,counter,5,4,5,4,6,1,0.9432358868239832,0.0,0.025293588638305664,5.0,4.0,1.0
913,explaGraphs,osrcd,support,support,4,3,4,3,3,1,0.9735011741112388,0.0,0.02020740509033203,4.0,3.0,1.0
914,explaGraphs,osrcd,support,support,5,4,5,4,6,1,0.9406736186502502,0.0,0.02471327781677246,5.0,4.0,1.0
915,explaGraphs,osrcd,support,support,5,4,5,4,6,1,0.9461412702395873,0.0,0.0246737003326416,5.0,4.0,1.0
916,explaGraphs,osrcd,support,support,4,3,4,3,3,1,0.9674741563163942,0.0,0.020767688751220703,4.0,3.0,1.0
917,explaGraphs,osrcd,counter,counter,4,3,4,3,3,1,0.9379282668692528,0.0,0.020671606063842773,4.0,3.0,1.0
918,explaGraphs,osrcd,support,support,5,4,5,4,8,1,0.9644014522142224,0.0,0.027195453643798828,5.0,4.0,1.0
919,explaGraphs,osrcd,counter,counter,5,4,5,4,6,1,0.9675314706474533,0.0,0.02439093589782715,5.0,4.0,1.0
920,explaGraphs,osrcd,support,support,5,4,5,4,8,1,0.9659299809083574,0.0,0.025730133056640625,5.0,4.0,1.0
921,explaGraphs,osrcd,counter,counter,4,3,4,3,3,1,0.9247042461518018,0.0,0.020824432373046875,4.0,3.0,1.0
922,explaGraphs,osrcd,support,support,4,4,4,4,4,1,0.9611929825363524,0.0,0.020607471466064453,4.0,4.0,1.0
923,explaGraphs,osrcd,counter,counter,5,4,5,4,6,1,0.9417251688526754,0.0,0.024529218673706055,5.0,4.0,1.0
924,explaGraphs,osrcd,support,support,5,4,5,4,8,1,0.9693470373839025,0.0,0.02748394012451172,5.0,4.0,1.0
925,explaGraphs,osrcd,support,support,5,4,5,4,6,1,0.9439553723554258,0.0,0.0247495174407959,5.0,4.0,1.0
926,explaGraphs,osrcd,support,support,5,4,5,4,6,1,0.9560038429061397,0.0,0.024476289749145508,5.0,4.0,1.0
927,explaGraphs,osrcd,counter,counter,4,3,4,3,3,1,0.9542633560551288,0.0,0.019771337509155273,4.0,3.0,1.0
928,explaGraphs,osrcd,support,support,5,4,5,4,8,1,0.9817970611769938,0.0,0.024280309677124023,5.0,4.0,1.0
929,explaGraphs,osrcd,support,support,4,3,4,3,4,1,0.9473377134305552,0.0,0.02127218246459961,4.0,3.0,1.0
930,explaGraphs,osrcd,support,support,4,3,4,3,3,1,0.9491361982787645,0.0,0.020598173141479492,4.0,3.0,1.0
931,explaGraphs,osrcd,support,support,4,3,4,3,3,1,0.942588115891731,0.0,0.019382238388061523,4.0,3.0,1.0
932,explaGraphs,osrcd,support,support,6,5,6,5,10,1,0.9589261075112802,0.0,0.032712697982788086,6.0,5.0,1.0
933,explaGraphs,osrcd,support,support,4,3,4,3,3,1,0.9632232733334501,0.0,0.020999908447265625,4.0,3.0,1.0
934,explaGraphs,osrcd,support,support,5,4,5,4,8,1,0.9368715590836015,0.0,0.026814937591552734,5.0,4.0,1.0
935,explaGraphs,osrcd,support,support,5,4,5,4,6,1,0.9645162443654277,0.0,0.024766921997070312,5.0,4.0,1.0
936,explaGraphs,osrcd,support,support,5,4,5,4,6,1,0.9532866024889224,0.0,0.024077177047729492,5.0,4.0,1.0
937,explaGraphs,osrcd,counter,counter,4,3,4,3,3,1,0.9511582639141768,0.0,0.021075725555419922,4.0,3.0,1.0
938,explaGraphs,osrcd,counter,counter,5,4,5,4,8,1,0.9499661507946867,0.0,0.027266979217529297,5.0,4.0,1.0
939,explaGraphs,osrcd,counter,counter,5,4,5,4,9,1,0.9347476334913749,0.0,0.029059648513793945,5.0,4.0,1.0
940,explaGraphs,osrcd,support,support,5,4,5,4,6,1,0.9518453790060786,0.0,0.024338245391845703,5.0,4.0,1.0
941,explaGraphs,osrcd,support,support,4,3,4,3,3,1,0.9566007258559037,0.0,0.020726442337036133,4.0,3.0,1.0
942,explaGraphs,osrcd,support,support,7,6,7,6,14,1,0.9417132997586135,0.0,0.0457921028137207,7.0,6.0,1.0
943,explaGraphs,osrcd,support,support,4,3,4,3,3,1,0.9426994032573303,0.0,0.022595882415771484,4.0,3.0,1.0
944,explaGraphs,osrcd,support,support,5,4,5,4,6,1,0.9350874025167522,0.0,0.024642229080200195,5.0,4.0,1.0
945,explaGraphs,osrcd,support,support,5,4,5,4,6,1,0.9638676262022164,0.0,0.02461719512939453,5.0,4.0,1.0
946,explaGraphs,osrcd,support,support,5,4,5,4,8,1,0.9416644146882105,0.0,0.027093887329101562,5.0,4.0,1.0
947,explaGraphs,osrcd,support,support,5,4,5,4,6,1,0.976788178460768,0.0,0.024738073348999023,5.0,4.0,1.0
948,explaGraphs,osrcd,counter,counter,6,5,6,5,12,1,0.9658266428336294,0.0,0.037153005599975586,6.0,5.0,1.0
949,explaGraphs,osrcd,support,support,5,4,5,4,8,1,0.9574095299235303,0.0,0.028583765029907227,5.0,4.0,1.0
950,explaGraphs,osrcd,support,support,5,4,5,4,6,1,0.9510292366970001,0.0,0.024651527404785156,5.0,4.0,1.0
951,explaGraphs,osrcd,counter,counter,4,3,4,3,3,1,0.9660954078783472,0.0,0.0207061767578125,4.0,3.0,1.0
952,explaGraphs,osrcd,support,support,5,4,5,4,6,1,0.9489960777727185,0.0,0.030236005783081055,5.0,4.0,1.0
953,explaGraphs,osrcd,support,support,5,4,5,4,8,1,0.960356673882079,0.0,0.02753734588623047,5.0,4.0,1.0
954,explaGraphs,osrcd,support,support,4,4,4,4,4,1,0.9360607516668166,0.0,0.02185964584350586,4.0,4.0,1.0
955,explaGraphs,osrcd,support,support,4,3,4,3,3,1,0.930679693330224,0.0,0.020613670349121094,4.0,3.0,1.0
956,explaGraphs,osrcd,support,support,5,4,5,4,8,1,0.9594273548907146,0.0,0.027270078659057617,5.0,4.0,1.0
957,explaGraphs,osrcd,support,support,4,3,4,3,3,1,0.9730001341806409,0.0,0.020815134048461914,4.0,3.0,1.0
958,explaGraphs,osrcd,counter,counter,6,5,6,5,10,1,0.9544707173504963,0.0,0.032273054122924805,6.0,5.0,1.0
959,explaGraphs,osrcd,support,support,5,4,5,4,6,1,0.9367016956092776,0.0,0.02486133575439453,5.0,4.0,1.0
960,explaGraphs,osrcd,counter,counter,5,4,5,4,6,1,0.9545785407928289,0.0,0.024580717086791992,5.0,4.0,1.0
961,explaGraphs,osrcd,support,support,4,4,4,4,5,1,0.955972082444011,0.0,0.022748470306396484,4.0,4.0,1.0
962,explaGraphs,osrcd,support,support,5,4,5,4,8,1,0.9543535663435584,0.0,0.027521610260009766,5.0,4.0,1.0
963,explaGraphs,osrcd,support,support,5,4,5,4,6,1,0.9337968771479481,0.0,0.02476358413696289,5.0,4.0,1.0
964,explaGraphs,osrcd,support,support,5,4,5,4,6,1,0.9358850929803353,0.0,0.02424788475036621,5.0,4.0,1.0
965,explaGraphs,osrcd,counter,counter,5,4,5,4,6,1,0.9588528174770563,0.0,0.02456521987915039,5.0,4.0,1.0
966,explaGraphs,osrcd,counter,counter,5,4,5,4,6,1,0.957459307455213,0.0,0.02478194236755371,5.0,4.0,1.0
967,explaGraphs,osrcd,support,support,4,3,4,3,4,1,0.9221127142447695,0.0,0.021652936935424805,4.0,3.0,1.0
968,explaGraphs,osrcd,support,support,5,4,5,4,6,1,0.940390246878837,0.0,0.024144411087036133,5.0,4.0,1.0
969,explaGraphs,osrcd,support,support,5,4,5,4,6,1,0.9546525596250814,0.0,0.02474069595336914,5.0,4.0,1.0
970,explaGraphs,osrcd,support,support,5,4,5,4,6,1,0.9575423190411342,0.0,0.024632930755615234,5.0,4.0,1.0
971,explaGraphs,osrcd,support,support,6,5,6,5,12,1,0.9152495907473199,0.0,0.03698253631591797,6.0,5.0,1.0
972,explaGraphs,osrcd,support,support,4,4,4,4,5,1,0.9617512744855852,0.0,0.0230405330657959,4.0,4.0,1.0
973,explaGraphs,osrcd,support,support,5,4,5,4,6,1,0.9550873548882137,0.0,0.024630069732666016,5.0,4.0,1.0
974,explaGraphs,osrcd,support,support,5,4,5,4,6,1,0.9603345603371214,0.0,0.023428678512573242,5.0,4.0,1.0
975,explaGraphs,osrcd,counter,counter,5,4,5,4,6,1,0.9578985732633494,0.0,0.02469801902770996,5.0,4.0,1.0
976,explaGraphs,osrcd,support,support,5,4,5,4,6,1,0.9471926905113393,0.0,0.025034189224243164,5.0,4.0,1.0
977,explaGraphs,osrcd,support,support,5,4,5,4,8,1,0.9595377231720927,0.0,0.026826143264770508,5.0,4.0,1.0
978,explaGraphs,osrcd,support,support,5,4,5,4,6,1,0.9349323510013104,0.0,0.02489447593688965,5.0,4.0,1.0
979,explaGraphs,osrcd,support,support,4,3,4,3,3,1,0.959673820357523,0.0,0.020794391632080078,4.0,3.0,1.0
980,explaGraphs,osrcd,support,support,6,5,6,5,12,1,0.9675014411078791,0.0,0.03833508491516113,6.0,5.0,1.0
981,explaGraphs,osrcd,support,support,5,4,5,4,6,1,0.9446299728026148,0.0,0.024952411651611328,5.0,4.0,1.0
982,explaGraphs,osrcd,support,support,5,4,5,4,6,1,0.974203270973216,0.0,0.024042129516601562,5.0,4.0,1.0
983,explaGraphs,osrcd,support,support,5,4,5,4,6,1,0.9662302673967197,0.0,0.02463364601135254,5.0,4.0,1.0
984,explaGraphs,osrcd,support,support,5,4,5,4,6,1,0.9123233987683586,0.0,0.024501323699951172,5.0,4.0,1.0
985,explaGraphs,osrcd,support,support,5,4,5,4,8,1,0.9311773852349269,0.0,0.02739739418029785,5.0,4.0,1.0
986,explaGraphs,osrcd,support,support,4,3,4,3,3,1,0.9415621149081512,0.0,0.020888328552246094,4.0,3.0,1.0
987,explaGraphs,osrcd,support,support,5,4,5,4,6,1,0.964733131477626,0.0,0.02652120590209961,5.0,4.0,1.0
988,explaGraphs,osrcd,support,support,4,3,4,3,3,1,0.9512870959801201,0.0,0.025417566299438477,4.0,3.0,1.0
989,explaGraphs,osrcd,support,support,4,3,4,3,4,1,0.9642697542893639,0.0,0.025339603424072266,4.0,3.0,1.0
990,explaGraphs,osrcd,support,support,5,4,5,4,6,1,0.9609003075024389,0.0,0.027958393096923828,5.0,4.0,1.0
991,explaGraphs,osrcd,counter,counter,5,4,5,4,8,1,0.9367718260466678,0.0,0.029157638549804688,5.0,4.0,1.0
992,explaGraphs,osrcd,support,support,4,3,4,3,3,1,0.9406822792045642,0.0,0.020333528518676758,4.0,3.0,1.0
993,explaGraphs,osrcd,support,support,5,4,5,4,6,1,0.9476024650963973,0.0,0.023926496505737305,5.0,4.0,1.0
994,explaGraphs,osrcd,counter,counter,4,3,4,3,3,1,0.9537295823411229,0.0,0.019581079483032227,4.0,3.0,1.0
995,explaGraphs,osrcd,support,support,5,4,5,4,6,1,0.9618423112255029,0.0,0.024562835693359375,5.0,4.0,1.0
996,explaGraphs,osrcd,support,support,5,4,5,4,8,1,0.9485427635070135,0.0,0.028096675872802734,5.0,4.0,1.0
997,explaGraphs,osrcd,counter,counter,7,6,7,6,14,1,0.9554893822280863,0.0,0.05219244956970215,7.0,6.0,1.0
998,explaGraphs,osrcd,counter,counter,5,4,5,4,6,1,0.9292246835254605,0.0,0.025070905685424805,5.0,4.0,1.0
999,explaGraphs,osrcd,counter,counter,5,4,5,4,6,1,0.9364148666486282,0.0,0.024524927139282227,5.0,4.0,1.0
1000,explaGraphs,osrcd,counter,counter,4,3,4,3,4,1,0.9764237402738372,0.0,0.019644498825073242,4.0,3.0,1.0
1001,explaGraphs,osrcd,support,support,4,3,4,3,3,1,0.9566506345700488,0.0,0.020592927932739258,4.0,3.0,1.0
1002,explaGraphs,osrcd,counter,counter,5,4,5,4,6,1,0.9553696713999468,0.0,0.024614572525024414,5.0,4.0,1.0
1003,explaGraphs,osrcd,support,support,4,3,4,3,3,1,0.9660886279432551,0.0,0.019745826721191406,4.0,3.0,1.0
1004,explaGraphs,osrcd,support,support,5,4,5,4,6,1,0.9581952437388653,0.0,0.02432703971862793,5.0,4.0,1.0
1005,explaGraphs,osrcd,support,support,5,4,5,4,8,1,0.9462923383614552,0.0,0.027568578720092773,5.0,4.0,1.0
1006,explaGraphs,osrcd,counter,counter,5,4,5,4,6,1,0.9433433029250912,0.0,0.02467799186706543,5.0,4.0,1.0
1007,explaGraphs,osrcd,counter,counter,5,4,5,4,8,1,0.9621051471655053,0.0,0.027220726013183594,5.0,4.0,1.0
1008,explaGraphs,osrcd,counter,counter,6,5,6,5,10,1,0.9474290540805571,0.0,0.03371238708496094,6.0,5.0,1.0
1009,explaGraphs,osrcd,support,support,4,3,4,3,3,1,0.9172337742931446,0.0,0.021262645721435547,4.0,3.0,1.0
1010,explaGraphs,osrcd,support,support,4,3,4,3,4,1,0.9669557864611219,0.0,0.02146315574645996,4.0,3.0,1.0
1011,explaGraphs,osrcd,counter,counter,4,3,4,3,3,1,0.963662522792818,0.0,0.020673036575317383,4.0,3.0,1.0
1012,explaGraphs,osrcd,support,support,5,4,5,4,6,1,0.9424172588196861,0.0,0.024791479110717773,5.0,4.0,1.0
1013,explaGraphs,osrcd,support,support,5,4,5,4,8,1,0.9274107006325897,0.0,0.027612686157226562,5.0,4.0,1.0
1014,explaGraphs,osrcd,support,support,5,4,5,4,6,1,0.9609478013168937,0.0,0.024100780487060547,5.0,4.0,1.0
1015,explaGraphs,osrcd,support,support,4,4,4,4,5,1,0.9294400512651735,0.0,0.022803783416748047,4.0,4.0,1.0
1016,explaGraphs,osrcd,support,support,4,3,4,3,3,1,0.9601329202546999,0.0,0.020171403884887695,4.0,3.0,1.0
1017,explaGraphs,osrcd,support,support,5,4,5,4,8,1,0.933697720761545,0.0,0.02694845199584961,5.0,4.0,1.0
1018,explaGraphs,osrcd,support,support,4,3,4,3,3,1,0.9259041237261219,0.0,0.02014017105102539,4.0,3.0,1.0
1019,explaGraphs,osrcd,support,support,5,4,5,4,6,1,0.9739241064649097,0.0,0.023641347885131836,5.0,4.0,1.0
1020,explaGraphs,osrcd,counter,counter,4,3,4,3,3,1,0.9408448837635138,0.0,0.0207369327545166,4.0,3.0,1.0
1021,explaGraphs,osrcd,support,support,4,4,4,4,5,1,0.9492722294911299,0.0,0.02207040786743164,4.0,4.0,1.0
1022,explaGraphs,osrcd,counter,counter,5,4,5,4,6,1,0.9477418451365307,0.0,0.024646282196044922,5.0,4.0,1.0
1023,explaGraphs,osrcd,support,support,7,6,7,6,14,1,0.948344181627558,0.0,0.046198129653930664,7.0,6.0,1.0
1024,explaGraphs,osrcd,support,support,4,3,4,3,3,1,0.9527818264533731,0.0,0.02108454704284668,4.0,3.0,1.0
1025,explaGraphs,osrcd,support,support,5,4,5,4,6,1,0.9602872078545336,0.0,0.024413585662841797,5.0,4.0,1.0
1026,explaGraphs,osrcd,support,support,4,3,4,3,3,1,0.9379512643631203,0.0,0.01967310905456543,4.0,3.0,1.0
1027,explaGraphs,osrcd,support,support,6,5,6,5,10,1,0.9528236154437458,0.0,0.0330357551574707,6.0,5.0,1.0
1028,explaGraphs,osrcd,support,support,6,5,6,5,10,1,0.9457201014088276,0.0,0.0331118106842041,6.0,5.0,1.0
1029,explaGraphs,osrcd,support,support,5,4,5,4,8,1,0.9501048300085378,0.0,0.02738356590270996,5.0,4.0,1.0
1030,explaGraphs,osrcd,support,support,5,4,5,4,6,1,0.9402066735428076,0.0,0.02466869354248047,5.0,4.0,1.0
1031,explaGraphs,osrcd,support,support,4,3,4,3,3,1,0.9522543668904788,0.0,0.019963979721069336,4.0,3.0,1.0
1032,explaGraphs,osrcd,counter,counter,5,4,5,4,6,1,0.9559027263757705,0.0,0.025951623916625977,5.0,4.0,1.0
1033,explaGraphs,osrcd,support,support,4,3,4,3,3,1,0.9517803366138631,0.0,0.02196216583251953,4.0,3.0,1.0
1034,explaGraphs,osrcd,support,support,5,5,5,5,8,1,0.9505872425651977,0.0,0.027381181716918945,5.0,5.0,1.0
1035,explaGraphs,osrcd,support,support,5,4,5,4,8,1,0.9635399135361788,0.0,0.0275266170501709,5.0,4.0,1.0
1036,explaGraphs,osrcd,support,support,4,3,4,3,3,1,0.9587312224555395,0.0,0.019336700439453125,4.0,3.0,1.0
1037,explaGraphs,osrcd,support,support,6,5,6,5,12,1,0.930878787220463,0.0,0.0368199348449707,6.0,5.0,1.0
1038,explaGraphs,osrcd,counter,counter,4,3,4,3,4,1,0.923344126937297,0.0,0.021561861038208008,4.0,3.0,1.0
1039,explaGraphs,osrcd,counter,counter,5,4,5,4,6,1,0.9564528635280396,0.0,0.024930715560913086,5.0,4.0,1.0
1040,explaGraphs,osrcd,support,support,4,3,4,3,3,1,0.951749102280875,0.0,0.018886327743530273,4.0,3.0,1.0
1041,explaGraphs,osrcd,counter,counter,5,4,5,4,6,1,0.9718395572738834,0.0,0.022930622100830078,5.0,4.0,1.0
1042,explaGraphs,osrcd,support,support,4,3,4,3,4,1,0.9401863877686066,0.0,0.021404027938842773,4.0,3.0,1.0
1043,explaGraphs,osrcd,support,support,5,4,5,4,6,1,0.9497346430676412,0.0,0.024594545364379883,5.0,4.0,1.0
1044,explaGraphs,osrcd,support,support,5,4,5,4,8,1,0.9434260045315362,0.0,0.027279376983642578,5.0,4.0,1.0
1045,explaGraphs,osrcd,support,support,7,6,7,6,14,1,0.9435160290596248,0.0,0.046471357345581055,7.0,6.0,1.0
1046,explaGraphs,osrcd,support,support,4,3,4,3,3,1,0.9428726800688166,0.0,0.021029233932495117,4.0,3.0,1.0
1047,explaGraphs,osrcd,counter,counter,4,3,4,3,3,1,0.9502334592619363,0.0,0.020075559616088867,4.0,3.0,1.0
1048,explaGraphs,osrcd,counter,counter,6,5,6,5,10,1,0.9640459651537406,0.0,0.03278088569641113,6.0,5.0,1.0
1049,explaGraphs,osrcd,counter,counter,4,3,4,3,3,1,0.9352092904898299,0.0,0.020997047424316406,4.0,3.0,1.0
1050,explaGraphs,osrcd,counter,counter,5,4,5,4,6,1,0.9513614738498328,0.0,0.02445244789123535,5.0,4.0,1.0
1051,explaGraphs,osrcd,support,support,4,3,4,3,3,1,0.9407460256011677,0.0,0.020914316177368164,4.0,3.0,1.0
1052,explaGraphs,osrcd,counter,counter,5,4,5,4,8,1,0.9665434789803639,0.0,0.027344465255737305,5.0,4.0,1.0
1053,explaGraphs,osrcd,counter,counter,4,3,4,3,3,1,0.9787810784743007,0.0,0.019663333892822266,4.0,3.0,1.0
1054,explaGraphs,osrcd,support,support,4,3,4,3,3,1,0.9445838210977417,0.0,0.020713090896606445,4.0,3.0,1.0
1055,explaGraphs,osrcd,counter,counter,4,3,4,3,3,1,0.9481084719136382,0.0,0.020533084869384766,4.0,3.0,1.0
1056,explaGraphs,osrcd,support,support,6,5,6,5,12,1,0.9422587544664518,0.0,0.0373995304107666,6.0,5.0,1.0
1057,explaGraphs,osrcd,counter,counter,5,4,5,4,6,1,0.9718344349541386,0.0,0.023061752319335938,5.0,4.0,1.0
1058,explaGraphs,osrcd,counter,counter,5,4,5,4,6,1,0.9439109970083008,0.0,0.0246124267578125,5.0,4.0,1.0
1059,explaGraphs,osrcd,support,support,5,4,5,4,6,1,0.9640853507455692,0.0,0.024496078491210938,5.0,4.0,1.0
1060,explaGraphs,osrcd,support,support,5,4,5,4,6,1,0.9320166244982317,0.0,0.024993419647216797,5.0,4.0,1.0
1061,explaGraphs,osrcd,counter,counter,5,4,5,4,6,1,0.9480924777159976,0.0,0.02452707290649414,5.0,4.0,1.0
1062,explaGraphs,osrcd,support,support,5,4,5,4,6,1,0.9549065719593592,0.0,0.02452540397644043,5.0,4.0,1.0
1063,explaGraphs,osrcd,support,support,7,6,7,6,14,1,0.9654203176414183,0.0,0.04596662521362305,7.0,6.0,1.0
1064,explaGraphs,osrcd,support,support,5,4,5,4,6,1,0.9467943483775738,0.0,0.02517986297607422,5.0,4.0,1.0
1065,explaGraphs,osrcd,support,support,7,7,7,7,17,1,0.9557052364101079,0.0,0.054221391677856445,7.0,7.0,1.0
1066,explaGraphs,osrcd,counter,counter,6,5,6,5,12,1,0.9575121087962601,0.0,0.03622102737426758,6.0,5.0,1.0
1067,explaGraphs,osrcd,support,support,4,3,4,3,3,1,0.9547612016746538,0.0,0.020870447158813477,4.0,3.0,1.0
1068,explaGraphs,osrcd,counter,counter,5,4,5,4,6,1,0.9498514514852663,0.0,0.024468660354614258,5.0,4.0,1.0
1069,explaGraphs,osrcd,support,support,5,4,5,4,6,1,0.9554263165557544,0.0,0.024018287658691406,5.0,4.0,1.0
1070,explaGraphs,osrcd,support,support,5,4,5,4,6,1,0.9599802763540694,0.0,0.024586200714111328,5.0,4.0,1.0
1071,explaGraphs,osrcd,support,support,5,4,5,4,6,1,0.9657830588754137,0.0,0.024512767791748047,5.0,4.0,1.0
1072,explaGraphs,osrcd,support,support,5,4,5,4,6,1,0.9614597073168819,0.0,0.024205923080444336,5.0,4.0,1.0
1073,explaGraphs,osrcd,support,support,4,3,4,3,4,1,0.9597784357247925,0.0,0.02034282684326172,4.0,3.0,1.0
1074,explaGraphs,osrcd,support,support,4,3,4,3,3,1,0.9094517899169312,0.0,0.02098560333251953,4.0,3.0,1.0
1075,explaGraphs,osrcd,counter,counter,5,4,5,4,8,1,0.945309574614296,0.0,0.027121543884277344,5.0,4.0,1.0
1076,explaGraphs,osrcd,support,support,4,3,4,3,3,1,0.9427152412292138,0.0,0.020405292510986328,4.0,3.0,1.0
1077,explaGraphs,osrcd,support,support,4,3,4,3,3,1,0.9474673415589151,0.0,0.020227670669555664,4.0,3.0,1.0
1078,explaGraphs,osrcd,support,support,6,5,6,5,10,1,0.9314139421120865,0.0,0.032883405685424805,6.0,5.0,1.0
1079,explaGraphs,osrcd,support,support,6,5,6,5,12,1,0.944803635090452,0.0,0.036760807037353516,6.0,5.0,1.0
1080,explaGraphs,osrcd,support,support,5,4,5,4,6,1,0.9329096966194134,0.0,0.02483987808227539,5.0,4.0,1.0
1081,explaGraphs,osrcd,counter,counter,4,3,4,3,3,1,0.9428740982103895,0.0,0.020732402801513672,4.0,3.0,1.0
1082,explaGraphs,osrcd,counter,counter,5,4,5,4,6,1,0.9439786776074017,0.0,0.024621963500976562,5.0,4.0,1.0
1083,explaGraphs,osrcd,counter,counter,4,3,4,3,3,1,0.9417437768227291,0.0,0.020612239837646484,4.0,3.0,1.0
1084,explaGraphs,osrcd,support,support,4,3,4,3,3,1,0.9582586591892677,0.0,0.020683765411376953,4.0,3.0,1.0
1085,explaGraphs,osrcd,support,support,4,3,4,3,3,1,0.947109103722651,0.0,0.01989889144897461,4.0,3.0,1.0
1086,explaGraphs,osrcd,support,support,6,5,6,5,10,1,0.9570522641858576,0.0,0.032987356185913086,6.0,5.0,1.0
1087,explaGraphs,osrcd,support,support,4,3,4,3,3,1,0.9263307495685494,0.0,0.02099895477294922,4.0,3.0,1.0
1088,explaGraphs,osrcd,counter,counter,5,4,5,4,8,1,0.9649964415848834,0.0,0.0274808406829834,5.0,4.0,1.0
1089,explaGraphs,osrcd,support,support,4,3,4,3,3,1,0.9545301118359198,0.0,0.020505666732788086,4.0,3.0,1.0
1090,explaGraphs,osrcd,support,support,5,4,5,4,6,1,0.9690848678691935,0.0,0.024537324905395508,5.0,4.0,1.0
1091,explaGraphs,osrcd,counter,counter,4,3,4,3,3,1,0.9627713405264742,0.0,0.020926713943481445,4.0,3.0,1.0
1092,explaGraphs,osrcd,support,support,5,4,5,4,8,1,0.9586401837938846,0.0,0.027353525161743164,5.0,4.0,1.0
1093,explaGraphs,osrcd,counter,counter,5,4,5,4,6,1,0.9730985379323218,0.0,0.02477717399597168,5.0,4.0,1.0
1094,explaGraphs,osrcd,support,support,5,4,5,4,6,1,0.9554691203666823,0.0,0.024618148803710938,5.0,4.0,1.0
1095,explaGraphs,osrcd,support,support,5,4,5,4,6,1,0.9619243098727056,0.0,0.023367881774902344,5.0,4.0,1.0
1096,explaGraphs,osrcd,support,support,5,4,5,4,6,1,0.9669267379038546,0.0,0.024236202239990234,5.0,4.0,1.0
1097,explaGraphs,osrcd,support,support,5,4,5,4,6,1,0.972760030431634,0.0,0.024553298950195312,5.0,4.0,1.0
1098,explaGraphs,osrcd,support,support,4,3,4,3,4,1,0.9510670678062529,0.0,0.021125316619873047,4.0,3.0,1.0
1099,explaGraphs,osrcd,support,support,5,4,5,4,6,1,0.9475708115547483,0.0,0.024752378463745117,5.0,4.0,1.0
1100,explaGraphs,osrcd,counter,counter,5,4,5,4,8,1,0.951306685896164,0.0,0.027681827545166016,5.0,4.0,1.0
1101,explaGraphs,osrcd,support,support,5,4,5,4,6,1,0.9281715018089257,0.0,0.02472853660583496,5.0,4.0,1.0
1102,explaGraphs,osrcd,support,support,4,4,4,4,5,1,0.9341465252075284,0.0,0.022835731506347656,4.0,4.0,1.0
1103,explaGraphs,osrcd,support,support,4,3,4,3,3,1,0.9589912187517947,0.0,0.020769119262695312,4.0,3.0,1.0
1104,explaGraphs,osrcd,support,support,4,3,4,3,3,1,0.9495536955423097,0.0,0.017644405364990234,4.0,3.0,1.0
1105,explaGraphs,osrcd,support,support,5,4,5,4,8,1,0.9488649296754826,0.0,0.02858877182006836,5.0,4.0,1.0
1106,explaGraphs,osrcd,support,support,4,3,4,3,3,1,0.9745167675080421,0.0,0.021321773529052734,4.0,3.0,1.0
1107,explaGraphs,osrcd,counter,counter,5,4,5,4,6,1,0.9596055649095878,0.0,0.025543212890625,5.0,4.0,1.0
1108,explaGraphs,osrcd,support,support,4,4,4,4,4,1,0.9476133113089921,0.0,0.021329641342163086,4.0,4.0,1.0
1109,explaGraphs,osrcd,support,support,5,5,5,5,9,1,0.9628830026568513,0.0,0.029254674911499023,5.0,5.0,1.0
1110,explaGraphs,osrcd,support,support,4,3,4,3,3,1,0.9719655939802442,0.0,0.020647048950195312,4.0,3.0,1.0
1111,explaGraphs,osrcd,support,support,5,4,5,4,6,1,0.9771975632217461,0.0,0.02453470230102539,5.0,4.0,1.0
1112,explaGraphs,osrcd,support,support,5,4,5,4,6,1,0.9403831228563422,0.0,0.024672508239746094,5.0,4.0,1.0
1113,explaGraphs,osrcd,support,support,4,3,4,3,3,1,0.9757173106143414,0.0,0.019634723663330078,4.0,3.0,1.0
1114,explaGraphs,osrcd,support,support,4,3,4,3,3,1,0.9585628826873587,0.0,0.02077794075012207,4.0,3.0,1.0
1115,explaGraphs,osrcd,support,support,5,4,5,4,8,1,0.9582291399450781,0.0,0.027460336685180664,5.0,4.0,1.0
1116,explaGraphs,osrcd,support,support,4,3,4,3,3,1,0.9665474050124001,0.0,0.01994633674621582,4.0,3.0,1.0
1117,explaGraphs,osrcd,support,support,5,4,5,4,6,1,0.9793103806446863,0.0,0.02423405647277832,5.0,4.0,1.0
1118,explaGraphs,osrcd,support,support,4,3,4,3,3,1,0.933911403415282,0.0,0.020766258239746094,4.0,3.0,1.0
1119,explaGraphs,osrcd,counter,counter,5,4,5,4,6,1,0.9696686850948967,0.0,0.02479863166809082,5.0,4.0,1.0
1120,explaGraphs,osrcd,counter,counter,7,6,7,6,14,1,0.9433554669304758,0.0,0.04638814926147461,7.0,6.0,1.0
1121,explaGraphs,osrcd,counter,counter,4,3,4,3,3,1,0.956193176289814,0.0,0.0202028751373291,4.0,3.0,1.0
1122,explaGraphs,osrcd,support,support,5,4,5,4,6,1,0.9738627931945344,0.0,0.02406144142150879,5.0,4.0,1.0
1123,explaGraphs,osrcd,counter,counter,4,3,4,3,4,1,0.9701920143729891,0.0,0.021546363830566406,4.0,3.0,1.0
1124,explaGraphs,osrcd,support,support,5,5,5,5,9,1,0.8944203533307805,0.0,0.029884815216064453,5.0,5.0,1.0
1125,explaGraphs,osrcd,support,support,5,4,5,4,6,1,0.9073785545519577,0.0,0.02490687370300293,5.0,4.0,1.0
1126,explaGraphs,osrcd,counter,counter,5,4,5,4,6,1,0.9520242276157466,0.0,0.024672269821166992,5.0,4.0,1.0
1127,explaGraphs,osrcd,support,support,7,6,7,6,17,1,0.9225328765185627,0.0,0.053050994873046875,7.0,6.0,1.0
1128,explaGraphs,osrcd,support,support,5,4,5,4,8,1,0.9522887587820847,0.0,0.02746272087097168,5.0,4.0,1.0
1129,explaGraphs,osrcd,support,support,5,4,5,4,6,1,0.962981356811216,0.0,0.024868488311767578,5.0,4.0,1.0
1130,explaGraphs,osrcd,counter,counter,7,6,7,6,14,1,0.9411693004025806,0.0,0.04612588882446289,7.0,6.0,1.0
1131,explaGraphs,osrcd,support,support,5,4,5,4,6,1,0.9559418593742541,0.0,0.02397918701171875,5.0,4.0,1.0
1132,explaGraphs,osrcd,support,support,6,5,6,5,12,1,0.9683760680941891,0.0,0.03704643249511719,6.0,5.0,1.0
1133,explaGraphs,osrcd,counter,counter,5,4,5,4,6,1,0.9642479421310589,0.0,0.024763822555541992,5.0,4.0,1.0
1134,explaGraphs,osrcd,support,support,6,5,6,5,12,1,0.9520031931824976,0.0,0.03669619560241699,6.0,5.0,1.0
1135,explaGraphs,osrcd,support,support,9,8,9,8,22,1,0.9430816515632531,0.0,0.09868836402893066,9.0,8.0,1.0
1136,explaGraphs,osrcd,support,support,4,3,4,3,3,1,0.9673278695033819,0.0,0.02081465721130371,4.0,3.0,1.0
1137,explaGraphs,osrcd,support,support,5,4,5,4,6,1,0.9513801632159995,0.0,0.024353742599487305,5.0,4.0,1.0
1138,explaGraphs,osrcd,counter,counter,5,4,5,4,6,1,0.9379829980310965,0.0,0.024499893188476562,5.0,4.0,1.0
1139,explaGraphs,osrcd,support,support,5,4,5,4,6,1,0.9447994475626283,0.0,0.024123191833496094,5.0,4.0,1.0
1140,explaGraphs,osrcd,support,support,4,3,4,3,3,1,0.9716726333485428,0.0,0.019883394241333008,4.0,3.0,1.0
1141,explaGraphs,osrcd,counter,counter,4,3,4,3,3,1,0.9632212510377801,0.0,0.020684242248535156,4.0,3.0,1.0
1142,explaGraphs,osrcd,support,support,5,4,5,4,6,1,0.9589642314158175,0.0,0.02403855323791504,5.0,4.0,1.0
1143,explaGraphs,osrcd,support,support,4,3,4,3,4,1,0.9400932131438253,0.0,0.02113652229309082,4.0,3.0,1.0
1144,explaGraphs,osrcd,counter,counter,4,3,4,3,3,1,0.9605580639096319,0.0,0.020091772079467773,4.0,3.0,1.0
1145,explaGraphs,osrcd,support,support,5,4,5,4,6,1,0.95042473000936,0.0,0.024248361587524414,5.0,4.0,1.0
1146,explaGraphs,osrcd,support,support,4,3,4,3,3,1,0.9553874643263125,0.0,0.018899202346801758,4.0,3.0,1.0
1147,explaGraphs,osrcd,support,support,6,5,6,5,10,1,0.9631101146937333,0.0,0.03304290771484375,6.0,5.0,1.0
1148,explaGraphs,osrcd,support,support,4,4,4,4,4,1,0.9620661177888373,0.0,0.02165818214416504,4.0,4.0,1.0
1149,explaGraphs,osrcd,support,support,5,4,5,4,6,1,0.9166189997220173,0.0,0.024776697158813477,5.0,4.0,1.0
1150,explaGraphs,osrcd,support,support,4,4,4,4,5,1,0.9708247298383333,0.0,0.022617578506469727,4.0,4.0,1.0
1151,explaGraphs,osrcd,support,support,4,3,4,3,3,1,0.9418933490366008,0.0,0.01964592933654785,4.0,3.0,1.0
1152,explaGraphs,osrcd,support,support,5,4,5,4,6,1,0.9407581652420954,0.0,0.025323152542114258,5.0,4.0,1.0
1153,explaGraphs,osrcd,support,support,6,5,6,5,10,1,0.9330182465454251,0.0,0.03391313552856445,6.0,5.0,1.0
1154,explaGraphs,osrcd,support,support,5,4,5,4,6,1,0.938965442953694,0.0,0.024866104125976562,5.0,4.0,1.0
1155,explaGraphs,osrcd,support,support,4,3,4,3,3,1,0.9387005450856885,0.0,0.020650148391723633,4.0,3.0,1.0
1156,explaGraphs,osrcd,counter,counter,6,5,6,5,12,1,0.9442727013587497,0.0,0.03693723678588867,6.0,5.0,1.0
1157,explaGraphs,osrcd,counter,counter,6,5,6,5,10,1,0.960119654072813,0.0,0.03351187705993652,6.0,5.0,1.0
1158,explaGraphs,osrcd,support,support,4,3,4,3,4,1,0.922682381883008,0.0,0.021861791610717773,4.0,3.0,1.0
1159,explaGraphs,osrcd,support,support,7,6,7,6,14,1,0.959561282469514,0.0,0.04590487480163574,7.0,6.0,1.0
1160,explaGraphs,osrcd,support,support,4,4,4,4,5,1,0.9701504349641623,0.0,0.023080825805664062,4.0,4.0,1.0
1161,explaGraphs,osrcd,support,support,4,4,4,4,4,1,0.9719498989081778,0.0,0.019847869873046875,4.0,4.0,1.0
1162,explaGraphs,osrcd,support,support,4,3,4,3,3,1,0.9522410568012937,0.0,0.020678997039794922,4.0,3.0,1.0
1163,explaGraphs,osrcd,support,support,5,4,5,4,6,1,0.965636859266165,0.0,0.02477240562438965,5.0,4.0,1.0
1164,explaGraphs,osrcd,support,support,5,4,5,4,6,1,0.9647566261209104,0.0,0.02476048469543457,5.0,4.0,1.0
1165,explaGraphs,osrcd,counter,counter,5,4,5,4,8,1,0.9422086142815019,0.0,0.027604103088378906,5.0,4.0,1.0
1166,explaGraphs,osrcd,support,support,5,4,5,4,8,1,0.959293200574398,0.0,0.027565717697143555,5.0,4.0,1.0
1167,explaGraphs,osrcd,counter,counter,6,5,6,5,12,1,0.9637485509600178,0.0,0.036529541015625,6.0,5.0,1.0
1168,explaGraphs,osrcd,support,support,5,4,5,4,8,1,0.9585534891316009,0.0,0.027652263641357422,5.0,4.0,1.0
1169,explaGraphs,osrcd,support,support,6,5,6,5,12,1,0.9336591481768975,0.0,0.03724265098571777,6.0,5.0,1.0
1170,explaGraphs,osrcd,support,support,4,3,4,3,3,1,0.9578066619740121,0.0,0.020027637481689453,4.0,3.0,1.0
1171,explaGraphs,osrcd,support,support,5,4,5,4,6,1,0.9626359747150475,0.0,0.02461981773376465,5.0,4.0,1.0
1172,explaGraphs,osrcd,counter,counter,5,4,5,4,6,1,0.9583418438379131,0.0,0.024240732192993164,5.0,4.0,1.0
1173,explaGraphs,osrcd,support,support,6,5,6,5,13,1,0.9533855145669933,0.0,0.03925061225891113,6.0,5.0,1.0
1174,explaGraphs,osrcd,support,support,4,4,4,4,4,1,0.9547099324680287,0.0,0.02203536033630371,4.0,4.0,1.0
1175,explaGraphs,osrcd,support,support,4,3,4,3,3,1,0.9871599681025502,0.0,0.01997518539428711,4.0,3.0,1.0
1176,explaGraphs,osrcd,support,support,4,3,4,3,3,1,0.9508400098388053,0.0,0.020865917205810547,4.0,3.0,1.0
1177,explaGraphs,osrcd,support,support,5,4,5,4,6,1,0.952490556027764,0.0,0.0245821475982666,5.0,4.0,1.0
1178,explaGraphs,osrcd,support,support,4,3,4,3,3,1,0.9350450069312947,0.0,0.02115941047668457,4.0,3.0,1.0
1179,explaGraphs,osrcd,support,support,4,3,4,3,4,1,0.976750751380611,0.0,0.021520137786865234,4.0,3.0,1.0
1180,explaGraphs,osrcd,support,support,5,4,5,4,6,1,0.9749410895795914,0.0,0.024494647979736328,5.0,4.0,1.0
1181,explaGraphs,osrcd,counter,counter,5,4,5,4,6,1,0.972898370422771,0.0,0.0249478816986084,5.0,4.0,1.0
1182,explaGraphs,osrcd,support,support,5,4,5,4,6,1,0.9441432343089038,0.0,0.02467036247253418,5.0,4.0,1.0
1183,explaGraphs,osrcd,support,support,4,3,4,3,3,1,0.96062991474545,0.0,0.020756244659423828,4.0,3.0,1.0
1184,explaGraphs,osrcd,support,support,7,6,7,6,17,1,0.9390612088642342,0.0,0.05399298667907715,7.0,6.0,1.0
1185,explaGraphs,osrcd,support,support,5,4,5,4,6,1,0.9601445579984299,0.0,0.025159597396850586,5.0,4.0,1.0
1186,explaGraphs,osrcd,support,support,4,3,4,3,3,1,0.9511353665569632,0.0,0.02068781852722168,4.0,3.0,1.0
1187,explaGraphs,osrcd,support,support,4,3,4,3,3,1,0.9357447035354499,0.0,0.020398378372192383,4.0,3.0,1.0
1188,explaGraphs,osrcd,support,support,4,3,4,3,3,1,0.9498540773869976,0.0,0.0195157527923584,4.0,3.0,1.0
1189,explaGraphs,osrcd,support,support,5,4,5,4,6,1,0.9492971313183984,0.0,0.024608373641967773,5.0,4.0,1.0
1190,explaGraphs,osrcd,support,support,4,3,4,3,3,1,0.9761266739091221,0.0,0.018985748291015625,4.0,3.0,1.0
1191,explaGraphs,osrcd,counter,counter,4,3,4,3,3,1,0.9628279355797409,0.0,0.020574092864990234,4.0,3.0,1.0
1192,explaGraphs,osrcd,support,support,5,4,5,4,6,1,0.922763461909959,0.0,0.0246889591217041,5.0,4.0,1.0
1193,explaGraphs,osrcd,support,support,5,4,5,4,6,1,0.9443932289228978,0.0,0.024791479110717773,5.0,4.0,1.0
1194,explaGraphs,osrcd,counter,counter,5,4,5,4,6,1,0.9622836339358518,0.0,0.02483820915222168,5.0,4.0,1.0
1195,explaGraphs,osrcd,support,support,4,4,4,4,5,1,0.9645524877856045,0.0,0.021671533584594727,4.0,4.0,1.0
1196,explaGraphs,osrcd,support,support,4,4,4,4,4,1,0.9835688174823521,0.0,0.021761417388916016,4.0,4.0,1.0
1197,explaGraphs,osrcd,support,support,5,4,5,4,8,1,0.9584834257071487,0.0,0.028352737426757812,5.0,4.0,1.0
1198,explaGraphs,osrcd,support,support,5,4,5,4,6,1,0.9509897997165385,0.0,0.025190114974975586,5.0,4.0,1.0
1199,explaGraphs,osrcd,support,support,6,5,6,5,10,1,0.9612352732984755,0.0,0.03280282020568848,6.0,5.0,1.0
1200,explaGraphs,osrcd,support,support,5,4,5,4,6,1,0.9754396141235757,0.0,0.024698257446289062,5.0,4.0,1.0
1201,explaGraphs,osrcd,support,support,5,4,5,4,6,1,0.9674576419109324,0.0,0.024049043655395508,5.0,4.0,1.0
1202,explaGraphs,osrcd,support,support,5,4,5,4,8,1,0.9661300728000289,0.0,0.027561664581298828,5.0,4.0,1.0
1203,explaGraphs,osrcd,support,support,5,4,5,4,6,1,0.9363870499117233,0.0,0.024646997451782227,5.0,4.0,1.0
1204,explaGraphs,osrcd,support,support,6,5,6,5,10,1,0.9458577037674885,0.0,0.03326272964477539,6.0,5.0,1.0
1205,explaGraphs,osrcd,counter,counter,6,5,6,5,10,1,0.9801840789868602,0.0,0.03800201416015625,6.0,5.0,1.0
1206,explaGraphs,osrcd,counter,counter,4,3,4,3,3,1,0.9599909820800117,0.0,0.022742509841918945,4.0,3.0,1.0
1207,explaGraphs,osrcd,support,support,5,4,5,4,6,1,0.9619525797833784,0.0,0.024541854858398438,5.0,4.0,1.0
1208,explaGraphs,osrcd,support,support,4,4,4,4,4,1,0.9668693509930015,0.0,0.021230697631835938,4.0,4.0,1.0
1209,explaGraphs,osrcd,support,support,6,5,6,5,10,1,0.9358955399919332,0.0,0.0322415828704834,6.0,5.0,1.0
1210,explaGraphs,osrcd,counter,counter,4,3,4,3,4,1,0.9842917516012922,0.0,0.021703720092773438,4.0,3.0,1.0
1211,explaGraphs,osrcd,support,support,5,4,5,4,6,1,0.976850683290455,0.0,0.024544715881347656,5.0,4.0,1.0
1212,explaGraphs,osrcd,support,support,8,7,8,7,18,1,0.9355424544734627,0.0,0.06539440155029297,8.0,7.0,1.0
1213,explaGraphs,osrcd,support,support,7,6,7,6,14,1,0.9505255146987133,0.0,0.047147274017333984,7.0,6.0,1.0
1214,explaGraphs,osrcd,support,support,5,4,5,4,6,1,0.9612973236865817,0.0,0.02491593360900879,5.0,4.0,1.0
1215,explaGraphs,osrcd,support,support,4,3,4,3,3,1,0.9662128057361579,0.0,0.02102351188659668,4.0,3.0,1.0
1216,explaGraphs,osrcd,support,support,5,4,5,4,6,1,0.9541168201631804,0.0,0.02445697784423828,5.0,4.0,1.0
1217,explaGraphs,osrcd,support,support,7,6,7,6,14,1,0.9531905331096141,0.0,0.04622364044189453,7.0,6.0,1.0
1218,explaGraphs,osrcd,support,support,4,3,4,3,3,1,0.9654259981647169,0.0,0.01986074447631836,4.0,3.0,1.0
1219,explaGraphs,osrcd,support,support,5,4,5,4,6,1,0.9512195080725339,0.0,0.024058103561401367,5.0,4.0,1.0
1220,explaGraphs,osrcd,support,support,7,8,7,8,17,1,0.9548184320857083,0.0,0.05322122573852539,7.0,8.0,1.0
1221,explaGraphs,osrcd,counter,counter,5,4,5,4,6,1,0.9437688748564265,0.0,0.024583101272583008,5.0,4.0,1.0
1222,explaGraphs,osrcd,support,support,4,3,4,3,3,1,0.9663289815490002,0.0,0.020043373107910156,4.0,3.0,1.0
1223,explaGraphs,osrcd,support,support,5,4,5,4,6,1,0.9432649655477324,0.0,0.024060964584350586,5.0,4.0,1.0
1224,explaGraphs,osrcd,support,support,5,4,5,4,6,1,0.9180013174990966,0.0,0.024606704711914062,5.0,4.0,1.0
1225,explaGraphs,osrcd,counter,counter,6,5,6,5,12,1,0.9435947936403034,0.0,0.036893606185913086,6.0,5.0,1.0
1226,explaGraphs,osrcd,support,support,4,3,4,3,3,1,0.9447652726595229,0.0,0.020364999771118164,4.0,3.0,1.0
1227,explaGraphs,osrcd,support,support,5,4,5,4,8,1,0.9574263520101306,0.0,0.02721691131591797,5.0,4.0,1.0
1228,explaGraphs,osrcd,support,support,5,4,5,4,9,1,0.9368441889968098,0.0,0.028583526611328125,5.0,4.0,1.0
1229,explaGraphs,osrcd,support,support,4,3,4,3,3,1,0.9463044206483018,0.0,0.020818233489990234,4.0,3.0,1.0
1230,explaGraphs,osrcd,support,support,5,4,5,4,8,1,0.9528569641810866,0.0,0.027109384536743164,5.0,4.0,1.0
1231,explaGraphs,osrcd,counter,counter,5,4,5,4,8,1,0.9499883383796452,0.0,0.02784585952758789,5.0,4.0,1.0
1232,explaGraphs,osrcd,support,support,4,4,4,4,5,1,0.9578178795682045,0.0,0.022748708724975586,4.0,4.0,1.0
1233,explaGraphs,osrcd,support,support,5,4,5,4,6,1,0.9555150646783654,0.0,0.024396657943725586,5.0,4.0,1.0
1234,explaGraphs,osrcd,counter,counter,7,6,7,6,14,1,0.9544131435515034,0.0,0.04551362991333008,7.0,6.0,1.0
1235,explaGraphs,osrcd,support,support,4,4,4,4,4,1,0.9501643726835268,0.0,0.022129535675048828,4.0,4.0,1.0
1236,explaGraphs,osrcd,support,support,5,4,5,4,8,1,0.931116054920737,0.0,0.02747631072998047,5.0,4.0,1.0
1237,explaGraphs,osrcd,support,support,6,5,6,5,10,1,0.9276793522698863,0.0,0.03254413604736328,6.0,5.0,1.0
1238,explaGraphs,osrcd,counter,counter,4,3,4,3,3,1,0.9670939260110898,0.0,0.02084636688232422,4.0,3.0,1.0
1239,explaGraphs,osrcd,support,support,5,4,5,4,6,1,0.9395466666674049,0.0,0.024207592010498047,5.0,4.0,1.0
1240,explaGraphs,osrcd,support,support,5,4,5,4,6,1,0.9533170726160978,0.0,0.024491071701049805,5.0,4.0,1.0
1241,explaGraphs,osrcd,support,support,4,3,4,3,3,1,0.9599067651882386,0.0,0.020714759826660156,4.0,3.0,1.0
1242,explaGraphs,osrcd,support,support,4,3,4,3,3,1,0.9360111326975195,0.0,0.020563840866088867,4.0,3.0,1.0
1243,explaGraphs,osrcd,support,support,5,4,5,4,6,1,0.9721369431263255,0.0,0.024108409881591797,5.0,4.0,1.0
1244,explaGraphs,osrcd,counter,counter,4,3,4,3,3,1,0.9508205954561696,0.0,0.020646333694458008,4.0,3.0,1.0
1245,explaGraphs,osrcd,support,support,5,4,5,4,6,1,0.9668745643161105,0.0,0.024543285369873047,5.0,4.0,1.0
1246,explaGraphs,osrcd,counter,counter,5,4,5,4,8,1,0.9761703756766824,0.0,0.027437448501586914,5.0,4.0,1.0
1247,explaGraphs,osrcd,support,support,5,4,5,4,6,1,0.9606063963382815,0.0,0.024267911911010742,5.0,4.0,1.0
1248,explaGraphs,osrcd,support,support,5,4,5,4,6,1,0.9429234530608412,0.0,0.02412557601928711,5.0,4.0,1.0
1249,explaGraphs,osrcd,support,support,6,5,6,5,12,1,0.9530076986931542,0.0,0.03693580627441406,6.0,5.0,1.0
1250,explaGraphs,osrcd,support,support,5,4,5,4,8,1,0.9234386926744137,0.0,0.02817559242248535,5.0,4.0,1.0
1251,explaGraphs,osrcd,support,support,4,3,4,3,3,1,0.9354969847915026,0.0,0.020757436752319336,4.0,3.0,1.0
1252,explaGraphs,osrcd,support,support,5,4,5,4,6,1,0.9534153671802238,0.0,0.024457693099975586,5.0,4.0,1.0
1253,explaGraphs,osrcd,support,support,5,4,5,4,8,1,0.9599387372074656,0.0,0.02755260467529297,5.0,4.0,1.0
1254,explaGraphs,osrcd,counter,counter,5,4,5,4,8,1,0.9567561734635261,0.0,0.026938915252685547,5.0,4.0,1.0
1255,explaGraphs,osrcd,support,support,5,4,5,4,6,1,0.9672157661519816,0.0,0.024598360061645508,5.0,4.0,1.0
1256,explaGraphs,osrcd,support,support,5,4,5,4,6,1,0.9233936608841243,0.0,0.02454519271850586,5.0,4.0,1.0
1257,explaGraphs,osrcd,support,support,4,4,4,4,5,1,0.9433833891618137,0.0,0.022551298141479492,4.0,4.0,1.0
1258,explaGraphs,osrcd,support,support,5,4,5,4,6,1,0.9313247129254604,0.0,0.024895668029785156,5.0,4.0,1.0
1259,explaGraphs,osrcd,support,support,4,3,4,3,3,1,0.9550548140129734,0.0,0.020840167999267578,4.0,3.0,1.0
1260,explaGraphs,osrcd,support,support,5,4,5,4,6,1,0.9783997618900288,0.0,0.024654626846313477,5.0,4.0,1.0
1261,explaGraphs,osrcd,support,support,5,4,5,4,6,1,0.953272043456928,0.0,0.024077892303466797,5.0,4.0,1.0
1262,explaGraphs,osrcd,support,support,4,4,4,4,5,1,0.9615766063220144,0.0,0.022675037384033203,4.0,4.0,1.0
1263,explaGraphs,osrcd,counter,counter,5,4,5,4,9,1,0.9432060942837472,0.0,0.028782129287719727,5.0,4.0,1.0
1264,explaGraphs,osrcd,counter,counter,7,6,7,6,14,1,0.9317493590774001,0.0,0.046332359313964844,7.0,6.0,1.0
1265,explaGraphs,osrcd,support,support,5,4,5,4,6,1,0.9597704530739093,0.0,0.02443075180053711,5.0,4.0,1.0
1266,explaGraphs,osrcd,support,support,4,3,4,3,3,1,0.9524145132358214,0.0,0.0202939510345459,4.0,3.0,1.0
1267,explaGraphs,osrcd,support,support,4,3,4,3,4,1,0.9730639976257058,0.0,0.02129650115966797,4.0,3.0,1.0
1268,explaGraphs,osrcd,support,support,4,4,4,4,4,1,0.9174784428414795,0.0,0.021090030670166016,4.0,4.0,1.0
1269,explaGraphs,osrcd,support,support,4,4,4,4,5,1,0.9280621755171805,0.0,0.022168874740600586,4.0,4.0,1.0
1270,explaGraphs,osrcd,support,support,6,5,6,5,10,1,0.9562711129065561,0.0,0.03277015686035156,6.0,5.0,1.0
1271,explaGraphs,osrcd,support,support,4,4,4,4,4,1,0.9682785935417533,0.0,0.0217134952545166,4.0,4.0,1.0
1272,explaGraphs,osrcd,support,support,4,4,4,4,5,1,0.9529122689472443,0.0,0.021600008010864258,4.0,4.0,1.0
1273,explaGraphs,osrcd,support,support,5,4,5,4,8,1,0.9615489823191598,0.0,0.026691913604736328,5.0,4.0,1.0
1274,explaGraphs,osrcd,support,support,5,4,5,4,6,1,0.957319082728687,0.0,0.02410268783569336,5.0,4.0,1.0
1275,explaGraphs,osrcd,support,support,6,5,6,5,10,1,0.9349395288964507,0.0,0.03293013572692871,6.0,5.0,1.0
1276,explaGraphs,osrcd,support,support,4,3,4,3,4,1,0.9600108068587414,0.0,0.021076679229736328,4.0,3.0,1.0
1277,explaGraphs,osrcd,support,support,7,6,7,6,14,1,0.9529141375594813,0.0,0.045989274978637695,7.0,6.0,1.0
1278,explaGraphs,osrcd,counter,counter,7,6,7,6,14,1,0.9619567447007278,0.0,0.04678678512573242,7.0,6.0,1.0
1279,explaGraphs,osrcd,support,support,5,4,5,4,6,1,0.926977378208025,0.0,0.025040388107299805,5.0,4.0,1.0
1280,explaGraphs,osrcd,support,support,6,5,6,5,10,1,0.9662143966218507,0.0,0.032839059829711914,6.0,5.0,1.0
1281,explaGraphs,osrcd,support,support,8,7,8,7,18,1,0.9694974667165578,0.0,0.06571483612060547,8.0,7.0,1.0
1282,explaGraphs,osrcd,support,support,5,4,5,4,6,1,0.9539057826202363,0.0,0.025260448455810547,5.0,4.0,1.0
1283,explaGraphs,osrcd,counter,counter,5,4,5,4,6,1,0.9495895922119202,0.0,0.024574995040893555,5.0,4.0,1.0
1284,explaGraphs,osrcd,support,support,6,6,6,6,13,1,0.9486551496316519,0.0,0.039511680603027344,6.0,6.0,1.0
1285,explaGraphs,osrcd,support,support,5,4,5,4,6,1,0.9538586458812968,0.0,0.024777889251708984,5.0,4.0,1.0
1286,explaGraphs,osrcd,support,support,4,3,4,3,3,1,0.9264970735518836,0.0,0.020542383193969727,4.0,3.0,1.0
1287,explaGraphs,osrcd,support,support,5,4,5,4,8,1,0.9653075758556028,0.0,0.027275800704956055,5.0,4.0,1.0
1288,explaGraphs,osrcd,support,support,5,4,5,4,6,1,0.9481715817173568,0.0,0.024465084075927734,5.0,4.0,1.0
1289,explaGraphs,osrcd,counter,counter,6,5,6,5,10,1,0.9712542478602212,0.0,0.032178640365600586,6.0,5.0,1.0
1290,explaGraphs,osrcd,support,support,5,4,5,4,8,1,0.9671769030567726,0.0,0.0272369384765625,5.0,4.0,1.0
1291,explaGraphs,osrcd,support,support,5,4,5,4,8,1,0.9477877374734849,0.0,0.02704453468322754,5.0,4.0,1.0
1292,explaGraphs,osrcd,support,support,6,5,6,5,12,1,0.9631580848884392,0.0,0.037009477615356445,6.0,5.0,1.0
1293,explaGraphs,osrcd,support,support,4,4,4,4,4,1,0.9643615742067114,0.0,0.021985769271850586,4.0,4.0,1.0
1294,explaGraphs,osrcd,counter,counter,6,5,6,5,13,1,0.9301751081865198,0.0,0.03874850273132324,6.0,5.0,1.0
1295,explaGraphs,osrcd,support,support,6,5,6,5,10,1,0.9724737154573846,0.0,0.03259897232055664,6.0,5.0,1.0
1296,explaGraphs,osrcd,support,support,5,4,5,4,8,1,0.9486347498211934,0.0,0.027557373046875,5.0,4.0,1.0
1297,explaGraphs,osrcd,support,support,5,4,5,4,6,1,0.9478694355169004,0.0,0.024713993072509766,5.0,4.0,1.0
1298,explaGraphs,osrcd,support,support,5,4,5,4,6,1,0.9580270105824829,0.0,0.024564266204833984,5.0,4.0,1.0
1299,explaGraphs,osrcd,support,support,5,4,5,4,8,1,0.9521150525374367,0.0,0.02825331687927246,5.0,4.0,1.0
1300,explaGraphs,osrcd,support,support,6,5,6,5,12,1,0.9638511680533021,0.0,0.03759622573852539,6.0,5.0,1.0
1301,explaGraphs,osrcd,support,support,4,3,4,3,3,1,0.9723761509194618,0.0,0.01782393455505371,4.0,3.0,1.0
1302,explaGraphs,osrcd,support,support,5,4,5,4,6,1,0.9431436035339207,0.0,0.02447676658630371,5.0,4.0,1.0
1303,explaGraphs,osrcd,support,support,5,4,5,4,8,1,0.9626766601494391,0.0,0.026941299438476562,5.0,4.0,1.0
1304,explaGraphs,osrcd,support,support,4,3,4,3,3,1,0.9595027419358043,0.0,0.020267486572265625,4.0,3.0,1.0
1305,explaGraphs,osrcd,support,support,5,4,5,4,8,1,0.9631020747314433,0.0,0.02715301513671875,5.0,4.0,1.0
1306,explaGraphs,osrcd,counter,counter,6,5,6,5,10,1,0.9678626177159447,0.0,0.03273606300354004,6.0,5.0,1.0
1307,explaGraphs,osrcd,support,support,4,3,4,3,3,1,0.9653233560786167,0.0,0.020565032958984375,4.0,3.0,1.0
1308,explaGraphs,osrcd,support,support,5,4,5,4,6,1,0.9648222701182061,0.0,0.02465677261352539,5.0,4.0,1.0
1309,explaGraphs,osrcd,support,support,6,5,6,5,10,1,0.94187733190178,0.0,0.03363490104675293,6.0,5.0,1.0
1310,explaGraphs,osrcd,support,support,5,4,5,4,6,1,0.9443812150348011,0.0,0.024910688400268555,5.0,4.0,1.0
1311,explaGraphs,osrcd,counter,counter,7,6,7,6,16,1,0.9471494633396907,0.0,0.05216026306152344,7.0,6.0,1.0
1312,explaGraphs,osrcd,support,support,5,4,5,4,8,1,0.9683566786252383,0.0,0.02701854705810547,5.0,4.0,1.0
1313,explaGraphs,osrcd,support,support,5,4,5,4,6,1,0.9676039852774315,0.0,0.023668766021728516,5.0,4.0,1.0
1314,explaGraphs,osrcd,support,support,4,3,4,3,4,1,0.970293309230117,0.0,0.0219419002532959,4.0,3.0,1.0
1315,explaGraphs,osrcd,support,support,4,4,4,4,5,1,0.9811362170292398,0.0,0.02227044105529785,4.0,4.0,1.0
1316,explaGraphs,osrcd,counter,counter,9,8,9,8,24,1,0.9432038387749185,0.0,0.09672355651855469,9.0,8.0,1.0
1317,explaGraphs,osrcd,counter,counter,7,6,7,6,14,1,0.9635720651496237,0.0,0.04692339897155762,7.0,6.0,1.0
1318,explaGraphs,osrcd,counter,counter,6,5,6,5,10,1,0.9552947345956787,0.0,0.03257489204406738,6.0,5.0,1.0
1319,explaGraphs,osrcd,support,support,7,6,7,6,14,1,0.9482918950254801,0.0,0.04643702507019043,7.0,6.0,1.0
1320,explaGraphs,osrcd,support,support,4,4,4,4,4,1,0.9558405267601655,0.0,0.022192716598510742,4.0,4.0,1.0
1321,explaGraphs,osrcd,counter,counter,9,8,9,8,22,1,0.8957087280748786,0.0,0.09674310684204102,9.0,8.0,1.0
1322,explaGraphs,osrcd,counter,counter,6,5,6,5,12,1,0.9462654856151914,0.0,0.038017988204956055,6.0,5.0,1.0
1323,explaGraphs,osrcd,support,support,6,5,6,5,10,1,0.9492395163322013,0.0,0.03305172920227051,6.0,5.0,1.0
1324,explaGraphs,osrcd,support,support,8,7,8,7,18,1,0.9643205146388366,0.0,0.06512308120727539,8.0,7.0,1.0
1325,explaGraphs,osrcd,support,support,5,4,5,4,6,1,0.9474666656615782,0.0,0.025198698043823242,5.0,4.0,1.0
1326,explaGraphs,osrcd,support,support,5,4,5,4,6,1,0.9394123329372359,0.0,0.024668216705322266,5.0,4.0,1.0
1327,explaGraphs,osrcd,support,support,7,6,7,6,14,1,0.9402229480616745,0.0,0.04743504524230957,7.0,6.0,1.0
1328,explaGraphs,osrcd,support,support,5,4,5,4,6,1,0.9617802536828969,0.0,0.025257587432861328,5.0,4.0,1.0
1329,explaGraphs,osrcd,counter,counter,4,3,4,3,3,1,0.961491931572247,0.0,0.02068352699279785,4.0,3.0,1.0
1330,explaGraphs,osrcd,support,support,6,5,6,5,12,1,0.9624067189587132,0.0,0.036943674087524414,6.0,5.0,1.0
1331,explaGraphs,osrcd,support,support,6,5,6,5,10,1,0.929032860345402,0.0,0.03299999237060547,6.0,5.0,1.0
1332,explaGraphs,osrcd,support,support,7,6,7,6,14,1,0.9395864059376652,0.0,0.04624629020690918,7.0,6.0,1.0
1333,explaGraphs,osrcd,support,support,4,3,4,3,3,1,0.9394110252294963,0.0,0.021111011505126953,4.0,3.0,1.0
1334,explaGraphs,osrcd,counter,counter,6,6,6,6,12,1,0.9625691949152387,0.0,0.0372004508972168,6.0,6.0,1.0
1335,explaGraphs,osrcd,support,support,5,4,5,4,6,1,0.9625193389145477,0.0,0.0249481201171875,5.0,4.0,1.0
1336,explaGraphs,osrcd,counter,counter,7,6,7,6,14,1,0.9388279620608797,0.0,0.0461275577545166,7.0,6.0,1.0
1337,explaGraphs,osrcd,counter,counter,6,5,6,5,10,1,0.9477352139687577,0.0,0.034162282943725586,6.0,5.0,1.0
1338,explaGraphs,osrcd,support,support,4,3,4,3,3,1,0.9553816320094791,0.0,0.01993107795715332,4.0,3.0,1.0
1339,explaGraphs,osrcd,counter,counter,5,4,5,4,6,1,0.9615199250979071,0.0,0.02439570426940918,5.0,4.0,1.0
1340,explaGraphs,osrcd,support,support,7,6,7,6,14,1,0.9446420036055034,0.0,0.04628181457519531,7.0,6.0,1.0
1341,explaGraphs,osrcd,counter,counter,5,4,5,4,8,1,0.9716648830863143,0.0,0.04041457176208496,5.0,4.0,1.0
1342,explaGraphs,osrcd,support,support,7,6,7,6,16,1,0.949426870399397,0.0,0.057628631591796875,7.0,6.0,1.0
1343,explaGraphs,osrcd,support,support,5,4,5,4,6,1,0.9396087588431694,0.0,0.028059959411621094,5.0,4.0,1.0
1344,explaGraphs,osrcd,support,support,6,5,6,5,10,1,0.9567874943857333,0.0,0.0378727912902832,6.0,5.0,1.0
1345,explaGraphs,osrcd,support,support,5,5,5,5,9,1,0.9550745454066574,0.0,0.03258848190307617,5.0,5.0,1.0
1346,explaGraphs,osrcd,support,support,4,3,4,3,3,1,0.9279143142723133,0.0,0.020995616912841797,4.0,3.0,1.0
1347,explaGraphs,osrcd,support,support,5,4,5,4,8,1,0.9588833085764542,0.0,0.027355670928955078,5.0,4.0,1.0
1348,explaGraphs,osrcd,support,support,5,4,5,4,8,1,0.9564313878590642,0.0,0.027229785919189453,5.0,4.0,1.0
1349,explaGraphs,osrcd,counter,counter,6,5,6,5,12,1,0.9252994551879458,0.0,0.03933453559875488,6.0,5.0,1.0
1350,explaGraphs,osrcd,support,support,6,5,6,5,10,1,0.9416266554315207,0.0,0.03314208984375,6.0,5.0,1.0
1351,explaGraphs,osrcd,support,support,4,4,4,4,4,1,0.9539220685811972,0.0,0.022216320037841797,4.0,4.0,1.0
1352,explaGraphs,osrcd,support,support,4,3,4,3,3,1,0.9334071079158334,0.0,0.02118539810180664,4.0,3.0,1.0
1353,explaGraphs,osrcd,support,support,4,4,4,4,5,1,0.9596967069274065,0.0,0.022400617599487305,4.0,4.0,1.0
1354,explaGraphs,osrcd,counter,counter,7,6,7,6,16,1,0.9691342217809324,0.0,0.05028390884399414,7.0,6.0,1.0
1355,explaGraphs,osrcd,support,support,5,4,5,4,6,1,0.9526019968726286,0.0,0.028775691986083984,5.0,4.0,1.0
1356,explaGraphs,osrcd,counter,counter,6,5,6,5,10,1,0.9572068514285259,0.0,0.05080413818359375,6.0,5.0,1.0
1357,explaGraphs,osrcd,support,support,5,4,5,4,6,1,0.9628199298559459,0.0,0.02505946159362793,5.0,4.0,1.0
1358,explaGraphs,osrcd,support,support,4,3,4,3,3,1,0.9469340510513614,0.0,0.02055501937866211,4.0,3.0,1.0
1359,explaGraphs,osrcd,counter,counter,6,5,6,5,12,1,0.9595087384349151,0.0,0.03707480430603027,6.0,5.0,1.0
1360,explaGraphs,osrcd,support,support,4,3,4,3,4,1,0.9370955050755414,0.0,0.021845579147338867,4.0,3.0,1.0
1361,explaGraphs,osrcd,support,support,4,4,4,4,5,1,0.9525056318448886,0.0,0.02466869354248047,4.0,4.0,1.0
1362,explaGraphs,osrcd,support,support,5,5,5,5,8,1,0.920520585486878,0.0,0.028011560440063477,5.0,5.0,1.0
1363,explaGraphs,osrcd,counter,counter,4,3,4,3,4,1,0.9469616123104564,0.0,0.02274036407470703,4.0,3.0,1.0
1364,explaGraphs,osrcd,support,support,5,4,5,4,8,1,0.9602553742160506,0.0,0.03102898597717285,5.0,4.0,1.0
1365,explaGraphs,osrcd,counter,counter,7,6,7,6,16,1,0.9343891945238031,0.0,0.05607151985168457,7.0,6.0,1.0
1366,explaGraphs,osrcd,support,support,5,4,5,4,6,1,0.9841529909096273,0.0,0.02508091926574707,5.0,4.0,1.0
1367,explaGraphs,osrcd,support,support,4,3,4,3,4,1,0.9471034974770431,0.0,0.02187633514404297,4.0,3.0,1.0
1368,explaGraphs,osrcd,counter,counter,6,6,6,6,13,1,0.9616050601745765,0.0,0.040297746658325195,6.0,6.0,1.0
1369,explaGraphs,osrcd,support,support,6,5,6,5,12,1,0.9564726319651734,0.0,0.03819108009338379,6.0,5.0,1.0
1370,explaGraphs,osrcd,counter,counter,5,4,5,4,6,1,0.9377736412663007,0.0,0.024788618087768555,5.0,4.0,1.0
1371,explaGraphs,osrcd,counter,counter,6,5,6,5,10,1,0.9592107719489236,0.0,0.03300046920776367,6.0,5.0,1.0
1372,explaGraphs,osrcd,counter,counter,5,4,5,4,6,1,0.9426414881704633,0.0,0.024854183197021484,5.0,4.0,1.0
1373,explaGraphs,osrcd,support,support,5,4,5,4,8,1,0.9551419139533263,0.0,0.027503013610839844,5.0,4.0,1.0
1374,explaGraphs,osrcd,support,support,5,4,5,4,8,1,0.9436103409563643,0.0,0.02752852439880371,5.0,4.0,1.0
1375,explaGraphs,osrcd,support,support,6,5,6,5,10,1,0.9598583214266905,0.0,0.03280043601989746,6.0,5.0,1.0
1376,explaGraphs,osrcd,support,support,6,5,6,5,10,1,0.9557013945424643,0.0,0.03297853469848633,6.0,5.0,1.0
1377,explaGraphs,osrcd,support,support,5,4,5,4,6,1,0.9271235868769471,0.0,0.02431941032409668,5.0,4.0,1.0
1378,explaGraphs,osrcd,support,support,5,4,5,4,6,1,0.9555460008287607,0.0,0.024460554122924805,5.0,4.0,1.0
1379,explaGraphs,osrcd,support,support,6,5,6,5,10,1,0.9563943632495113,0.0,0.03283190727233887,6.0,5.0,1.0
1380,explaGraphs,osrcd,support,support,4,4,4,4,4,1,0.95737667946091,0.0,0.02196955680847168,4.0,4.0,1.0
1381,explaGraphs,osrcd,support,support,5,4,5,4,6,1,0.9619202124112062,0.0,0.024443864822387695,5.0,4.0,1.0
1382,explaGraphs,osrcd,counter,counter,6,5,6,5,10,1,0.9460173450003312,0.0,0.032956838607788086,6.0,5.0,1.0
1383,explaGraphs,osrcd,support,support,5,4,5,4,6,1,0.9529050786852523,0.0,0.025109529495239258,5.0,4.0,1.0
1384,explaGraphs,osrcd,support,support,6,5,6,5,10,1,0.9689871144834485,0.0,0.03279280662536621,6.0,5.0,1.0
1385,explaGraphs,osrcd,support,support,5,4,5,4,6,1,0.9496590317075418,0.0,0.024852991104125977,5.0,4.0,1.0
1386,explaGraphs,osrcd,support,support,6,5,6,5,10,1,0.9555784983953806,0.0,0.032865285873413086,6.0,5.0,1.0
1387,explaGraphs,osrcd,counter,counter,4,3,4,3,3,1,0.9451192241717391,0.0,0.02043890953063965,4.0,3.0,1.0
1388,explaGraphs,osrcd,support,support,6,5,6,5,12,1,0.9460854736725988,0.0,0.03696632385253906,6.0,5.0,1.0
1389,explaGraphs,osrcd,support,support,8,7,8,7,18,1,0.9410568911572418,0.0,0.06504988670349121,8.0,7.0,1.0
1390,explaGraphs,osrcd,support,support,5,4,5,4,6,1,0.9597914694292995,0.0,0.025298357009887695,5.0,4.0,1.0
1391,explaGraphs,osrcd,support,support,5,4,5,4,6,1,0.9699068770440614,0.0,0.02450704574584961,5.0,4.0,1.0
1392,explaGraphs,osrcd,counter,counter,4,3,4,3,4,1,0.977633371319666,0.0,0.021590471267700195,4.0,3.0,1.0
1393,explaGraphs,osrcd,support,support,6,5,6,5,12,1,0.9545007681648209,0.0,0.03685736656188965,6.0,5.0,1.0
1394,explaGraphs,osrcd,support,support,5,4,5,4,8,1,0.9495398626093832,0.0,0.02714395523071289,5.0,4.0,1.0
1395,explaGraphs,osrcd,support,support,6,5,6,5,12,1,0.9539672639819877,0.0,0.036916255950927734,6.0,5.0,1.0
1396,explaGraphs,osrcd,counter,counter,4,3,4,3,3,1,0.9738401881543508,0.0,0.02089977264404297,4.0,3.0,1.0
1397,explaGraphs,osrcd,support,support,6,5,6,5,10,1,0.9328817081668682,0.0,0.03347516059875488,6.0,5.0,1.0
1398,explaGraphs,osrcd,support,support,4,3,4,3,3,1,0.9777657757347062,0.0,0.02012348175048828,4.0,3.0,1.0
1399,explaGraphs,osrcd,support,support,4,3,4,3,3,1,0.9314627715894858,0.0,0.02054119110107422,4.0,3.0,1.0
1400,explaGraphs,osrcd,counter,counter,6,5,6,5,10,1,0.9481684860389126,0.0,0.032959938049316406,6.0,5.0,1.0
1401,explaGraphs,osrcd,support,support,5,4,5,4,6,1,0.9432675364497096,0.0,0.024658918380737305,5.0,4.0,1.0
1402,explaGraphs,osrcd,support,support,4,3,4,3,3,1,0.9589796650853376,0.0,0.0206911563873291,4.0,3.0,1.0
1403,explaGraphs,osrcd,support,support,6,5,6,5,10,1,0.9534838373274065,0.0,0.03293943405151367,6.0,5.0,1.0
1404,explaGraphs,osrcd,support,support,5,4,5,4,6,1,0.953528607498998,0.0,0.0248105525970459,5.0,4.0,1.0
1405,explaGraphs,osrcd,support,support,5,4,5,4,6,1,0.9372696059084316,0.0,0.024109601974487305,5.0,4.0,1.0
1406,explaGraphs,osrcd,counter,counter,4,3,4,3,3,1,0.9729014305259863,0.0,0.020971059799194336,4.0,3.0,1.0
1407,explaGraphs,osrcd,support,support,4,3,4,3,3,1,0.9582955519653096,0.0,0.020175457000732422,4.0,3.0,1.0
1408,explaGraphs,osrcd,support,support,4,3,4,3,4,1,0.9611630077216486,0.0,0.020814180374145508,4.0,3.0,1.0
1409,explaGraphs,osrcd,support,support,8,7,8,7,18,1,0.950075791555754,0.0,0.0673837661743164,8.0,7.0,1.0
1410,explaGraphs,osrcd,support,support,5,4,5,4,6,1,0.9643060023830501,0.0,0.02557063102722168,5.0,4.0,1.0
1411,explaGraphs,osrcd,support,support,5,4,5,4,6,1,0.9623113017830999,0.0,0.02473926544189453,5.0,4.0,1.0
1412,explaGraphs,osrcd,support,support,7,6,7,6,14,1,0.9152570918830617,0.0,0.04605507850646973,7.0,6.0,1.0
1413,explaGraphs,osrcd,support,support,4,4,4,4,5,1,0.9634646372513155,0.0,0.02118539810180664,4.0,4.0,1.0
1414,explaGraphs,osrcd,support,support,5,4,5,4,6,1,0.9541192147927915,0.0,0.024448633193969727,5.0,4.0,1.0
1415,explaGraphs,osrcd,support,support,5,4,5,4,6,1,0.9535115541118672,0.0,0.025224924087524414,5.0,4.0,1.0
1416,explaGraphs,osrcd,support,support,5,4,5,4,8,1,0.9327890274471236,0.0,0.027474641799926758,5.0,4.0,1.0
1417,explaGraphs,osrcd,counter,counter,6,5,6,5,12,1,0.9477744774944066,0.0,0.0372767448425293,6.0,5.0,1.0
1418,explaGraphs,osrcd,support,support,7,6,7,6,14,1,0.9112490767541437,0.0,0.04678630828857422,7.0,6.0,1.0
1419,explaGraphs,osrcd,counter,counter,4,3,4,3,3,1,0.9826953137385832,0.0,0.02112555503845215,4.0,3.0,1.0
1420,explaGraphs,osrcd,support,support,5,4,5,4,8,1,0.9536258528859638,0.0,0.027540922164916992,5.0,4.0,1.0
1421,explaGraphs,osrcd,support,support,4,3,4,3,4,1,0.9685837370397041,0.0,0.025196313858032227,4.0,3.0,1.0
1422,explaGraphs,osrcd,support,support,4,3,4,3,3,1,0.9647703283074213,0.0,0.026706933975219727,4.0,3.0,1.0
1423,explaGraphs,osrcd,support,support,5,5,5,5,9,1,0.9223766555034145,0.0,0.0382847785949707,5.0,5.0,1.0
1424,explaGraphs,osrcd,counter,counter,4,3,4,3,3,1,0.9183731433331731,0.0,0.02112412452697754,4.0,3.0,1.0
1425,explaGraphs,osrcd,counter,counter,6,5,6,5,10,1,0.9586015690117852,0.0,0.031925201416015625,6.0,5.0,1.0
1426,explaGraphs,osrcd,counter,counter,8,7,8,7,20,1,0.9465817952760156,0.0,0.07225966453552246,8.0,7.0,1.0
1427,explaGraphs,osrcd,counter,counter,7,6,7,6,14,1,0.9640036655327682,0.0,0.04650449752807617,7.0,6.0,1.0
1428,explaGraphs,osrcd,support,support,5,4,5,4,6,1,0.9806465730596844,0.0,0.024744749069213867,5.0,4.0,1.0
1429,explaGraphs,osrcd,counter,counter,6,5,6,5,10,1,0.9518421015723851,0.0,0.03349709510803223,6.0,5.0,1.0
1430,explaGraphs,osrcd,counter,counter,6,6,6,6,13,1,0.941846077477012,0.0,0.040784358978271484,6.0,6.0,1.0
1431,explaGraphs,osrcd,support,support,6,5,6,5,10,1,0.919663526913993,0.0,0.03311347961425781,6.0,5.0,1.0
1432,explaGraphs,osrcd,support,support,5,4,5,4,8,1,0.9544653273687704,0.0,0.027353525161743164,5.0,4.0,1.0
1433,explaGraphs,osrcd,counter,counter,5,4,5,4,8,1,0.9528485372969389,0.0,0.027492046356201172,5.0,4.0,1.0
1434,explaGraphs,osrcd,support,support,4,3,4,3,4,1,0.9461834528753091,0.0,0.021089792251586914,4.0,3.0,1.0
1435,explaGraphs,osrcd,support,support,5,4,5,4,6,1,0.9424347294009806,0.0,0.024540185928344727,5.0,4.0,1.0
1436,explaGraphs,osrcd,support,support,5,4,5,4,8,1,0.9712202561135521,0.0,0.02745342254638672,5.0,4.0,1.0
1437,explaGraphs,osrcd,counter,counter,8,7,8,7,20,1,0.9446269912761872,0.0,0.0708916187286377,8.0,7.0,1.0
1438,explaGraphs,osrcd,support,support,5,4,5,4,8,1,0.9633668464602153,0.0,0.028246164321899414,5.0,4.0,1.0
1439,explaGraphs,osrcd,support,support,5,4,5,4,8,1,0.9468161056960708,0.0,0.026968955993652344,5.0,4.0,1.0
1440,explaGraphs,osrcd,support,support,6,5,6,5,10,1,0.9419428821060506,0.0,0.03312349319458008,6.0,5.0,1.0
1441,explaGraphs,osrcd,counter,counter,7,6,7,6,14,1,0.9362541026378662,0.0,0.05070829391479492,7.0,6.0,1.0
1442,explaGraphs,osrcd,support,support,6,6,6,6,13,1,0.9760126920398599,0.0,0.0404200553894043,6.0,6.0,1.0
1443,explaGraphs,osrcd,support,support,5,4,5,4,6,1,0.9718993033432337,0.0,0.025395870208740234,5.0,4.0,1.0
1444,explaGraphs,osrcd,support,support,5,4,5,4,6,1,0.9429414437678746,0.0,0.024671554565429688,5.0,4.0,1.0
1445,explaGraphs,osrcd,support,support,7,7,7,7,17,1,0.942605134091016,0.0,0.05578422546386719,7.0,7.0,1.0
1446,explaGraphs,osrcd,support,support,5,4,5,4,6,1,0.9574472502057373,0.0,0.025920391082763672,5.0,4.0,1.0
1447,explaGraphs,osrcd,support,support,5,4,5,4,6,1,0.9428873365822068,0.0,0.024509191513061523,5.0,4.0,1.0
1448,explaGraphs,osrcd,support,support,4,3,4,3,3,1,0.9727341882839039,0.0,0.0207369327545166,4.0,3.0,1.0
1449,explaGraphs,osrcd,counter,counter,4,3,4,3,4,1,0.9418719915154613,0.0,0.021381139755249023,4.0,3.0,1.0
1450,explaGraphs,osrcd,support,support,6,5,6,5,12,1,0.9559714317898698,0.0,0.03686070442199707,6.0,5.0,1.0
1451,explaGraphs,osrcd,counter,counter,4,3,4,3,4,1,0.9429140884101597,0.0,0.021678686141967773,4.0,3.0,1.0
1452,explaGraphs,osrcd,counter,counter,4,3,4,3,3,1,0.9815287721454771,0.0,0.018944501876831055,4.0,3.0,1.0
1453,explaGraphs,osrcd,support,support,4,3,4,3,4,1,0.9455356561083536,0.0,0.021250009536743164,4.0,3.0,1.0
1454,explaGraphs,osrcd,support,support,5,4,5,4,6,1,0.9356604939243466,0.0,0.02395796775817871,5.0,4.0,1.0
1455,explaGraphs,osrcd,counter,counter,5,4,5,4,6,1,0.9642692857037983,0.0,0.02429962158203125,5.0,4.0,1.0
1456,explaGraphs,osrcd,counter,counter,4,4,4,4,4,1,0.9501978579189705,0.0,0.021661043167114258,4.0,4.0,1.0
1457,explaGraphs,osrcd,support,support,4,3,4,3,3,1,0.9771746504727947,0.0,0.019506216049194336,4.0,3.0,1.0
1458,explaGraphs,osrcd,counter,counter,4,3,4,3,3,1,0.9632514866937162,0.0,0.020537137985229492,4.0,3.0,1.0
1459,explaGraphs,osrcd,support,support,5,5,5,5,9,1,0.9718291473391888,0.0,0.029324054718017578,5.0,5.0,1.0
1460,explaGraphs,osrcd,counter,counter,4,3,4,3,3,1,0.9579397570116418,0.0,0.020760059356689453,4.0,3.0,1.0
1461,explaGraphs,osrcd,counter,counter,4,4,4,4,5,1,0.9471217240239898,0.0,0.02306389808654785,4.0,4.0,1.0
1462,explaGraphs,osrcd,counter,counter,7,6,7,6,14,1,0.9489998805693344,0.0,0.045044660568237305,7.0,6.0,1.0
1463,explaGraphs,osrcd,counter,counter,5,4,5,4,8,1,0.9503711891559447,0.0,0.027729034423828125,5.0,4.0,1.0
1464,explaGraphs,osrcd,support,support,5,4,5,4,9,1,0.9597533246016852,0.0,0.02913498878479004,5.0,4.0,1.0
1465,explaGraphs,osrcd,support,support,5,4,5,4,6,1,0.9524869474779997,0.0,0.024178266525268555,5.0,4.0,1.0
1466,explaGraphs,osrcd,counter,counter,4,3,4,3,3,1,0.9741512355422105,0.0,0.02094292640686035,4.0,3.0,1.0
1467,explaGraphs,osrcd,counter,counter,4,3,4,3,3,1,0.9635785983537024,0.0,0.019957304000854492,4.0,3.0,1.0
1468,explaGraphs,osrcd,counter,counter,4,3,4,3,4,1,0.968938675356951,0.0,0.021404504776000977,4.0,3.0,1.0
1469,explaGraphs,osrcd,counter,counter,5,4,5,4,8,1,0.9590879822451,0.0,0.027538061141967773,5.0,4.0,1.0
1470,explaGraphs,osrcd,support,support,4,3,4,3,4,1,0.9509248523806512,0.0,0.02161550521850586,4.0,3.0,1.0
1471,explaGraphs,osrcd,counter,counter,4,3,4,3,4,1,0.9690266316697982,0.0,0.018474102020263672,4.0,3.0,1.0
1472,explaGraphs,osrcd,counter,counter,4,3,4,3,3,1,0.9579081867857954,0.0,0.020555496215820312,4.0,3.0,1.0
1473,explaGraphs,osrcd,counter,counter,6,5,6,5,12,1,0.9692234004736708,0.0,0.03653573989868164,6.0,5.0,1.0
1474,explaGraphs,osrcd,counter,counter,6,5,6,5,12,1,0.9469283753236379,0.0,0.037725210189819336,6.0,5.0,1.0
1475,explaGraphs,osrcd,counter,counter,7,7,7,7,17,1,0.9332637609711979,0.0,0.0534510612487793,7.0,7.0,1.0
1476,explaGraphs,osrcd,support,support,4,3,4,3,3,1,0.9678049980306507,0.0,0.02016925811767578,4.0,3.0,1.0
1477,explaGraphs,osrcd,counter,counter,6,5,6,5,12,1,0.9456569488098511,0.0,0.03718280792236328,6.0,5.0,1.0
1478,explaGraphs,osrcd,support,support,6,5,6,5,10,1,0.969980744163855,0.0,0.03324723243713379,6.0,5.0,1.0
1479,explaGraphs,osrcd,support,support,5,4,5,4,8,1,0.9662207566132321,0.0,0.02700662612915039,5.0,4.0,1.0
1480,explaGraphs,osrcd,support,support,4,3,4,3,3,1,0.9615447227352316,0.0,0.020763158798217773,4.0,3.0,1.0
1481,explaGraphs,osrcd,support,support,4,3,4,3,3,1,0.9757572070278199,0.0,0.01989269256591797,4.0,3.0,1.0
1482,explaGraphs,osrcd,support,support,6,6,6,6,13,1,0.9374302816400395,0.0,0.039148569107055664,6.0,6.0,1.0
1483,explaGraphs,osrcd,counter,counter,4,3,4,3,3,1,0.9446535459649212,0.0,0.020901918411254883,4.0,3.0,1.0
1484,explaGraphs,osrcd,counter,counter,4,3,4,3,3,1,0.9381086439025088,0.0,0.020513534545898438,4.0,3.0,1.0
1485,explaGraphs,osrcd,support,support,4,4,4,4,5,1,0.9605735410281144,0.0,0.022670507431030273,4.0,4.0,1.0
1486,explaGraphs,osrcd,counter,counter,4,4,4,4,5,1,0.9762238667249135,0.0,0.02075815200805664,4.0,4.0,1.0
1487,explaGraphs,osrcd,counter,counter,4,3,4,3,3,1,0.951765708623147,0.0,0.020603418350219727,4.0,3.0,1.0
1488,explaGraphs,osrcd,support,support,4,3,4,3,3,1,0.9349750461364842,0.0,0.020211458206176758,4.0,3.0,1.0
1489,explaGraphs,osrcd,counter,counter,5,4,5,4,8,1,0.9493412654597415,0.0,0.027201414108276367,5.0,4.0,1.0
1490,explaGraphs,osrcd,counter,counter,7,6,7,6,14,1,0.9333024768170743,0.0,0.04628443717956543,7.0,6.0,1.0
1491,explaGraphs,osrcd,counter,counter,4,3,4,3,4,1,0.9725723511384349,0.0,0.02115631103515625,4.0,3.0,1.0
1492,explaGraphs,osrcd,counter,counter,7,6,7,6,16,1,0.9319044049389479,0.0,0.04963064193725586,7.0,6.0,1.0
1493,explaGraphs,osrcd,support,support,6,5,6,5,12,1,0.9649743208305612,0.0,0.036719322204589844,6.0,5.0,1.0
1494,explaGraphs,osrcd,counter,counter,5,4,5,4,8,1,0.9629725538485101,0.0,0.027699708938598633,5.0,4.0,1.0
1495,explaGraphs,osrcd,counter,counter,5,4,5,4,6,1,0.9658609431951044,0.0,0.023963212966918945,5.0,4.0,1.0
1496,explaGraphs,osrcd,support,support,7,6,7,6,17,1,0.9518230672289628,0.0,0.05381488800048828,7.0,6.0,1.0
1497,explaGraphs,osrcd,counter,counter,4,3,4,3,3,1,0.9514517292466629,0.0,0.02117443084716797,4.0,3.0,1.0
1498,explaGraphs,osrcd,counter,counter,7,6,7,6,16,1,0.961711689961774,0.0,0.05178952217102051,7.0,6.0,1.0
1499,explaGraphs,osrcd,support,support,7,6,7,6,14,1,0.955372760480978,0.0,0.047892093658447266,7.0,6.0,1.0
1500,explaGraphs,osrcd,counter,counter,6,5,6,5,12,1,0.9427348553576258,0.0,0.03773045539855957,6.0,5.0,1.0
1501,explaGraphs,osrcd,counter,counter,8,7,8,7,18,1,0.941536722392518,0.0,0.06459236145019531,8.0,7.0,1.0
1502,explaGraphs,osrcd,counter,counter,4,3,4,3,3,1,0.9722352630853571,0.0,0.022286653518676758,4.0,3.0,1.0
1503,explaGraphs,osrcd,counter,counter,4,4,4,4,4,1,0.9581138498103136,0.0,0.022612810134887695,4.0,4.0,1.0
1504,explaGraphs,osrcd,counter,counter,5,4,5,4,6,1,0.9697246890286674,0.0,0.026334524154663086,5.0,4.0,1.0
1505,explaGraphs,osrcd,counter,counter,4,3,4,3,4,1,0.9829822411134336,0.0,0.02210545539855957,4.0,3.0,1.0
1506,explaGraphs,osrcd,counter,counter,4,3,4,3,4,1,0.9458124322417184,0.0,0.022634506225585938,4.0,3.0,1.0
1507,explaGraphs,osrcd,support,support,6,6,6,6,12,1,0.9386284557636403,0.0,0.038141489028930664,6.0,6.0,1.0
1508,explaGraphs,osrcd,counter,counter,6,5,6,5,10,1,0.973101612840368,0.0,0.033158302307128906,6.0,5.0,1.0
1509,explaGraphs,osrcd,counter,counter,8,7,8,7,20,1,0.961359956826784,0.0,0.07611417770385742,8.0,7.0,1.0
1510,explaGraphs,osrcd,counter,counter,4,3,4,3,3,1,0.9807631429412571,0.0,0.021451711654663086,4.0,3.0,1.0
1511,explaGraphs,osrcd,counter,counter,7,6,7,6,16,1,0.9524709769866585,0.0,0.05210399627685547,7.0,6.0,1.0
1512,explaGraphs,osrcd,support,support,4,3,4,3,3,1,0.9841445990180241,0.0,0.02190375328063965,4.0,3.0,1.0
1513,explaGraphs,osrcd,counter,counter,6,5,6,5,10,1,0.9611051264895106,0.0,0.032896995544433594,6.0,5.0,1.0
1514,explaGraphs,osrcd,support,support,5,4,5,4,8,1,0.9518228886013794,0.0,0.02758002281188965,5.0,4.0,1.0
1515,explaGraphs,osrcd,support,support,4,3,4,3,4,1,0.9637985034410949,0.0,0.020829200744628906,4.0,3.0,1.0
1516,explaGraphs,osrcd,support,support,5,4,5,4,6,1,0.9519891448055662,0.0,0.024570226669311523,5.0,4.0,1.0
1517,explaGraphs,osrcd,counter,counter,7,6,7,6,16,1,0.950953490930465,0.0,0.05068469047546387,7.0,6.0,1.0
1518,explaGraphs,osrcd,support,support,4,3,4,3,3,1,0.9723663962420673,0.0,0.021033048629760742,4.0,3.0,1.0
1519,explaGraphs,osrcd,counter,counter,6,5,6,5,13,1,0.9469089354679666,0.0,0.03879427909851074,6.0,5.0,1.0
1520,explaGraphs,osrcd,counter,counter,7,6,7,6,17,1,0.9758292472999655,0.0,0.05476093292236328,7.0,6.0,1.0
1521,explaGraphs,osrcd,support,support,9,8,9,8,25,1,0.9275148825651748,0.0,0.09726762771606445,9.0,8.0,1.0
1522,explaGraphs,osrcd,counter,counter,5,4,5,4,9,1,0.9224845526355027,0.0,0.02959465980529785,5.0,4.0,1.0
1523,explaGraphs,osrcd,support,support,7,6,7,6,16,1,0.9608790125525268,0.0,0.051592111587524414,7.0,6.0,1.0
1524,explaGraphs,osrcd,counter,counter,5,4,5,4,9,1,0.9587008022194801,0.0,0.02950763702392578,5.0,4.0,1.0
1525,explaGraphs,osrcd,support,support,9,8,9,8,25,1,0.9516028564006273,0.0,0.09676027297973633,9.0,8.0,1.0
1526,explaGraphs,osrcd,counter,counter,4,3,4,3,4,1,0.9382972238334664,0.0,0.023862600326538086,4.0,3.0,1.0
1527,explaGraphs,osrcd,counter,counter,6,5,6,5,10,1,0.962374322888686,0.0,0.03924369812011719,6.0,5.0,1.0
1528,explaGraphs,osrcd,support,support,6,5,6,5,12,1,0.9424169879282708,0.0,0.03745913505554199,6.0,5.0,1.0
1529,explaGraphs,osrcd,counter,counter,5,4,5,4,6,1,0.9610913599993992,0.0,0.0247802734375,5.0,4.0,1.0
1530,explaGraphs,osrcd,counter,counter,5,4,5,4,8,1,0.960766577733629,0.0,0.027281999588012695,5.0,4.0,1.0
1531,explaGraphs,osrcd,counter,counter,4,3,4,3,4,1,0.9198501396991813,0.0,0.02167963981628418,4.0,3.0,1.0
1532,explaGraphs,osrcd,counter,counter,8,7,8,7,21,1,0.9610673575989631,0.0,0.07306623458862305,8.0,7.0,1.0
1533,explaGraphs,osrcd,counter,counter,4,3,4,3,4,1,0.9465407705654474,0.0,0.02240920066833496,4.0,3.0,1.0
1534,explaGraphs,osrcd,counter,counter,4,3,4,3,3,1,0.9496691395379318,0.0,0.019881725311279297,4.0,3.0,1.0
1535,explaGraphs,osrcd,support,support,4,3,4,3,3,1,0.9600064978673483,0.0,0.01927804946899414,4.0,3.0,1.0
1536,explaGraphs,osrcd,support,support,4,3,4,3,3,1,0.95836765965082,0.0,0.020478010177612305,4.0,3.0,1.0
1537,explaGraphs,osrcd,counter,counter,7,6,7,6,14,1,0.9557461835987947,0.0,0.045089006423950195,7.0,6.0,1.0
1538,explaGraphs,osrcd,counter,counter,4,3,4,3,4,1,0.9678363565681888,0.0,0.020882368087768555,4.0,3.0,1.0
1539,explaGraphs,osrcd,counter,counter,7,6,7,6,17,1,0.9489460536723519,0.0,0.057801246643066406,7.0,6.0,1.0
1540,explaGraphs,osrcd,counter,counter,4,3,4,3,3,1,0.9620785078958519,0.0,0.02116227149963379,4.0,3.0,1.0
1541,explaGraphs,osrcd,counter,counter,5,4,5,4,6,1,0.9556019235259591,0.0,0.024657011032104492,5.0,4.0,1.0
1542,explaGraphs,osrcd,support,support,7,6,7,6,14,1,0.9570301622280264,0.0,0.04662060737609863,7.0,6.0,1.0
1543,explaGraphs,osrcd,counter,counter,7,6,7,6,17,1,0.9587874984156565,0.0,0.0533139705657959,7.0,6.0,1.0
1544,explaGraphs,osrcd,support,support,6,5,6,5,12,1,0.9450268811302591,0.0,0.037520408630371094,6.0,5.0,1.0
1545,explaGraphs,osrcd,counter,counter,8,7,8,7,20,1,0.9617384985766245,0.0,0.07218027114868164,8.0,7.0,1.0
1546,explaGraphs,osrcd,counter,counter,4,5,4,5,5,1,0.9523634325261139,0.0,0.022840023040771484,4.0,5.0,1.0
1547,explaGraphs,osrcd,counter,counter,5,4,5,4,8,1,0.9828378422576483,0.0,0.027484416961669922,5.0,4.0,1.0
1548,explaGraphs,osrcd,counter,counter,4,3,4,3,3,1,0.949428601654039,0.0,0.020844459533691406,4.0,3.0,1.0
1549,explaGraphs,osrcd,support,support,5,4,5,4,8,1,0.9434561438512409,0.0,0.02731943130493164,5.0,4.0,1.0
1550,explaGraphs,osrcd,counter,counter,5,4,5,4,6,1,0.9660236387291125,0.0,0.025051593780517578,5.0,4.0,1.0
1551,explaGraphs,osrcd,support,support,7,6,7,6,16,1,0.9320248505039531,0.0,0.05166316032409668,7.0,6.0,1.0
1552,explaGraphs,osrcd,support,support,7,6,7,6,16,1,0.9588359723244851,0.0,0.0515286922454834,7.0,6.0,1.0
1553,explaGraphs,osrcd,counter,counter,5,4,5,4,8,1,0.9496282247679442,0.0,0.027764558792114258,5.0,4.0,1.0
1554,explaGraphs,osrcd,support,support,7,6,7,6,16,1,0.9429588977095372,0.0,0.05114126205444336,7.0,6.0,1.0
1555,explaGraphs,osrcd,counter,counter,5,4,5,4,6,1,0.9369738876611662,0.0,0.024932384490966797,5.0,4.0,1.0
1556,explaGraphs,osrcd,support,support,6,5,6,5,12,1,0.9532733568522489,0.0,0.037163496017456055,6.0,5.0,1.0
1557,explaGraphs,osrcd,counter,counter,6,7,6,7,13,1,0.94658498501983,0.0,0.03992509841918945,6.0,7.0,1.0
1558,explaGraphs,osrcd,counter,counter,6,5,6,5,12,1,0.9526506595239485,0.0,0.03719282150268555,6.0,5.0,1.0
1559,explaGraphs,osrcd,support,support,4,4,4,4,5,1,0.9410039227064251,0.0,0.022033214569091797,4.0,4.0,1.0
1560,explaGraphs,osrcd,counter,counter,5,4,5,4,6,1,0.9553646068418251,0.0,0.0243685245513916,5.0,4.0,1.0
1561,explaGraphs,osrcd,support,support,5,4,5,4,8,1,0.9675003174946253,0.0,0.027201414108276367,5.0,4.0,1.0
1562,explaGraphs,osrcd,counter,counter,4,3,4,3,3,1,0.9700889941593386,0.0,0.01916050910949707,4.0,3.0,1.0
1563,explaGraphs,osrcd,counter,counter,5,4,5,4,6,1,0.9409720710608774,0.0,0.024222373962402344,5.0,4.0,1.0
1564,explaGraphs,osrcd,support,support,5,4,5,4,8,1,0.9558888710522512,0.0,0.027376651763916016,5.0,4.0,1.0
1565,explaGraphs,osrcd,support,support,5,4,5,4,6,1,0.9437154779310062,0.0,0.024466514587402344,5.0,4.0,1.0
1566,explaGraphs,osrcd,counter,counter,4,3,4,3,3,1,0.967536285092662,0.0,0.020157814025878906,4.0,3.0,1.0
1567,explaGraphs,osrcd,counter,counter,4,3,4,3,3,1,0.962594645544342,0.0,0.022159337997436523,4.0,3.0,1.0
1568,explaGraphs,osrcd,counter,counter,4,3,4,3,4,1,0.9565096887166799,0.0,0.02099132537841797,4.0,3.0,1.0
1569,explaGraphs,osrcd,counter,counter,5,4,5,4,8,1,0.9480153467858263,0.0,0.0266573429107666,5.0,4.0,1.0
1570,explaGraphs,osrcd,counter,counter,4,4,4,4,4,1,0.964794419689351,0.0,0.021551132202148438,4.0,4.0,1.0
1571,explaGraphs,osrcd,counter,counter,4,3,4,3,4,1,0.959052856380255,0.0,0.019435405731201172,4.0,3.0,1.0
1572,explaGraphs,osrcd,support,support,4,3,4,3,4,1,0.9471362179120001,0.0,0.02131938934326172,4.0,3.0,1.0
1573,explaGraphs,osrcd,counter,counter,4,3,4,3,4,1,0.9643778596600184,0.0,0.02138829231262207,4.0,3.0,1.0
1574,explaGraphs,osrcd,support,support,9,8,9,8,25,1,0.9562396790776438,0.0,0.10165834426879883,9.0,8.0,1.0
1575,explaGraphs,osrcd,counter,counter,4,3,4,3,3,1,0.9551830994832226,0.0,0.021247386932373047,4.0,3.0,1.0
1576,explaGraphs,osrcd,support,support,5,4,5,4,9,1,0.9604683003024769,0.0,0.02859783172607422,5.0,4.0,1.0
1577,explaGraphs,osrcd,counter,counter,4,3,4,3,4,1,0.9712727223844337,0.0,0.020522356033325195,4.0,3.0,1.0
1578,explaGraphs,osrcd,counter,counter,5,4,5,4,6,1,0.9610994152197536,0.0,0.024498462677001953,5.0,4.0,1.0
1579,explaGraphs,osrcd,support,support,4,3,4,3,4,1,0.969946069479573,0.0,0.02038264274597168,4.0,3.0,1.0
1580,explaGraphs,osrcd,counter,counter,5,6,5,6,9,1,0.953499112101398,0.0,0.029457807540893555,5.0,6.0,1.0
1581,explaGraphs,osrcd,counter,counter,4,3,4,3,3,1,0.9664711560223913,0.0,0.020795345306396484,4.0,3.0,1.0
1582,explaGraphs,osrcd,support,support,5,4,5,4,8,1,0.9709716245453036,0.0,0.02722620964050293,5.0,4.0,1.0
1583,explaGraphs,osrcd,counter,counter,4,3,4,3,3,1,0.9463592267565385,0.0,0.020708322525024414,4.0,3.0,1.0
1584,explaGraphs,osrcd,counter,counter,4,3,4,3,4,1,0.9640167616826842,0.0,0.02138996124267578,4.0,3.0,1.0
1585,explaGraphs,osrcd,support,support,7,6,7,6,16,1,0.9249485542797632,0.0,0.05177783966064453,7.0,6.0,1.0
1586,explaGraphs,osrcd,support,support,4,3,4,3,4,1,0.9682690796858904,0.0,0.022049665451049805,4.0,3.0,1.0
1587,explaGraphs,osrcd,counter,counter,5,4,5,4,8,1,0.9416726349993603,0.0,0.027509450912475586,5.0,4.0,1.0
1588,explaGraphs,osrcd,support,support,5,4,5,4,6,1,0.9749223020242056,0.0,0.02214646339416504,5.0,4.0,1.0
1589,explaGraphs,osrcd,counter,counter,5,4,5,4,8,1,0.9523754299269168,0.0,0.0275571346282959,5.0,4.0,1.0
1590,explaGraphs,osrcd,support,support,6,5,6,5,10,1,0.957463463279632,0.0,0.03279876708984375,6.0,5.0,1.0
1591,explaGraphs,osrcd,counter,counter,4,3,4,3,4,1,0.9858618077274345,0.0,0.021538972854614258,4.0,3.0,1.0
1592,explaGraphs,osrcd,counter,counter,4,3,4,3,4,1,0.9770788764593632,0.0,0.021420717239379883,4.0,3.0,1.0
1593,explaGraphs,osrcd,support,support,8,7,8,7,21,1,0.9573057904399555,0.0,0.0708913803100586,8.0,7.0,1.0
1594,explaGraphs,osrcd,counter,counter,5,4,5,4,9,1,0.9758417627743576,0.0,0.02924513816833496,5.0,4.0,1.0
1595,explaGraphs,osrcd,counter,counter,4,3,4,3,3,1,0.9666803869879282,0.0,0.020760059356689453,4.0,3.0,1.0
1596,explaGraphs,osrcd,counter,counter,6,5,6,5,12,1,0.9615596084040934,0.0,0.0370023250579834,6.0,5.0,1.0
1597,explaGraphs,osrcd,support,support,8,7,8,7,20,1,0.9598202360369745,0.0,0.06971454620361328,8.0,7.0,1.0
1598,explaGraphs,osrcd,counter,counter,6,5,6,5,12,1,0.942680968481914,0.0,0.038421630859375,6.0,5.0,1.0
1599,explaGraphs,osrcd,counter,counter,4,3,4,3,3,1,0.960905785491515,0.0,0.02153301239013672,4.0,3.0,1.0
1600,explaGraphs,osrcd,support,support,5,4,5,4,6,1,0.9480175608900849,0.0,0.024536609649658203,5.0,4.0,1.0
1601,explaGraphs,osrcd,counter,counter,4,3,4,3,3,1,0.9477002237832752,0.0,0.020621061325073242,4.0,3.0,1.0
1602,explaGraphs,osrcd,counter,counter,6,6,6,6,13,1,0.9540119901080522,0.0,0.038947105407714844,6.0,6.0,1.0
1603,explaGraphs,osrcd,counter,counter,4,3,4,3,3,1,0.9562045384221277,0.0,0.02086472511291504,4.0,3.0,1.0
1604,explaGraphs,osrcd,support,support,5,4,5,4,6,1,0.9569631456156874,0.0,0.024298667907714844,5.0,4.0,1.0
1605,explaGraphs,osrcd,support,support,7,6,7,6,14,1,0.9421221062248375,0.0,0.0459597110748291,7.0,6.0,1.0
1606,explaGraphs,osrcd,support,support,4,3,4,3,4,1,0.9672054901818817,0.0,0.021771669387817383,4.0,3.0,1.0
1607,explaGraphs,osrcd,counter,counter,6,5,6,5,12,1,0.9352624905672555,0.0,0.038295745849609375,6.0,5.0,1.0
1608,explaGraphs,osrcd,counter,counter,7,6,7,6,17,1,0.9337425419993692,0.0,0.05372118949890137,7.0,6.0,1.0
1609,explaGraphs,osrcd,counter,counter,4,4,4,4,4,1,0.9683293599494682,0.0,0.021543264389038086,4.0,4.0,1.0
1610,explaGraphs,osrcd,support,support,4,3,4,3,3,1,0.9460571691379109,0.0,0.02008652687072754,4.0,3.0,1.0
1611,explaGraphs,osrcd,counter,counter,5,4,5,4,8,1,0.9601588554512578,0.0,0.027271747589111328,5.0,4.0,1.0
1612,explaGraphs,osrcd,counter,counter,4,4,4,4,4,1,0.9788549732211732,0.0,0.021655797958374023,4.0,4.0,1.0
1613,explaGraphs,osrcd,counter,counter,6,5,6,5,10,1,0.913182153049449,0.0,0.03253626823425293,6.0,5.0,1.0
1614,explaGraphs,osrcd,counter,counter,4,3,4,3,3,1,0.954545650343419,0.0,0.02078557014465332,4.0,3.0,1.0
1615,explaGraphs,osrcd,counter,counter,4,3,4,3,4,1,0.9679237553440666,0.0,0.021980762481689453,4.0,3.0,1.0
1616,explaGraphs,osrcd,counter,counter,4,3,4,3,4,1,0.9770257743950371,0.0,0.018374919891357422,4.0,3.0,1.0
1617,explaGraphs,osrcd,counter,counter,6,5,6,5,13,1,0.9351498442267735,0.0,0.03912758827209473,6.0,5.0,1.0
1618,explaGraphs,osrcd,counter,counter,4,3,4,3,4,1,0.9341917403553213,0.0,0.021419286727905273,4.0,3.0,1.0
1619,explaGraphs,osrcd,counter,counter,5,4,5,4,6,1,0.9737384681323056,0.0,0.02469778060913086,5.0,4.0,1.0
1620,explaGraphs,osrcd,counter,counter,5,4,5,4,6,1,0.9411294461911816,0.0,0.02487969398498535,5.0,4.0,1.0
1621,explaGraphs,osrcd,counter,counter,6,5,6,5,12,1,0.9501320903067104,0.0,0.03713226318359375,6.0,5.0,1.0
1622,explaGraphs,osrcd,counter,counter,4,3,4,3,3,1,0.9406323889012889,0.0,0.021008014678955078,4.0,3.0,1.0
1623,explaGraphs,osrcd,support,support,6,5,6,5,12,1,0.9561914452792764,0.0,0.036577463150024414,6.0,5.0,1.0
1624,explaGraphs,osrcd,support,support,5,4,5,4,8,1,0.9755296484241343,0.0,0.027576684951782227,5.0,4.0,1.0
1625,explaGraphs,osrcd,counter,counter,4,3,4,3,4,1,0.9553119742511695,0.0,0.02038884162902832,4.0,3.0,1.0
1626,explaGraphs,osrcd,counter,counter,4,3,4,3,4,1,0.9567490691234418,0.0,0.021592140197753906,4.0,3.0,1.0
1627,explaGraphs,osrcd,counter,counter,4,3,4,3,4,1,0.9668609298623756,0.0,0.02077174186706543,4.0,3.0,1.0
1628,explaGraphs,osrcd,support,support,4,3,4,3,3,1,0.9568893512393832,0.0,0.020562410354614258,4.0,3.0,1.0
1629,explaGraphs,osrcd,counter,counter,6,5,6,5,12,1,0.9522680073951396,0.0,0.03715991973876953,6.0,5.0,1.0
1630,explaGraphs,osrcd,counter,counter,5,4,5,4,8,1,0.9625055154624288,0.0,0.027855634689331055,5.0,4.0,1.0
1631,explaGraphs,osrcd,support,support,5,5,5,5,9,1,0.9631796554038696,0.0,0.02939772605895996,5.0,5.0,1.0
1632,explaGraphs,osrcd,counter,counter,4,3,4,3,3,1,0.9581549725711969,0.0,0.01965498924255371,4.0,3.0,1.0
1633,explaGraphs,osrcd,counter,counter,4,3,4,3,3,1,0.9557899752998196,0.0,0.025320053100585938,4.0,3.0,1.0
1634,explaGraphs,osrcd,counter,counter,6,5,6,5,12,1,0.9380009993599526,0.0,0.0389864444732666,6.0,5.0,1.0
1635,explaGraphs,osrcd,counter,counter,4,3,4,3,3,1,0.9599174894674705,0.0,0.021032333374023438,4.0,3.0,1.0
1636,explaGraphs,osrcd,counter,counter,4,3,4,3,3,1,0.9732941792746067,0.0,0.02009272575378418,4.0,3.0,1.0
1637,explaGraphs,osrcd,support,support,7,6,7,6,16,1,0.9578460997665119,0.0,0.05070304870605469,7.0,6.0,1.0
1638,explaGraphs,osrcd,support,support,4,3,4,3,3,1,0.9543185212398553,0.0,0.02103447914123535,4.0,3.0,1.0
1639,explaGraphs,osrcd,support,support,5,5,5,5,9,1,0.9577753899739083,0.0,0.029096603393554688,5.0,5.0,1.0
1640,explaGraphs,osrcd,counter,counter,4,3,4,3,3,1,0.9630325963948041,0.0,0.020838499069213867,4.0,3.0,1.0
1641,explaGraphs,osrcd,counter,counter,4,3,4,3,4,1,0.9679180062817839,0.0,0.020926952362060547,4.0,3.0,1.0
1642,explaGraphs,osrcd,counter,counter,6,5,6,5,10,1,0.9393005946162695,0.0,0.03291654586791992,6.0,5.0,1.0
1643,explaGraphs,osrcd,counter,counter,8,7,8,7,20,1,0.9474196419893602,0.0,0.06953287124633789,8.0,7.0,1.0
1644,explaGraphs,osrcd,counter,counter,5,4,5,4,6,1,0.9374578137031575,0.0,0.025323152542114258,5.0,4.0,1.0
1645,explaGraphs,osrcd,counter,counter,7,6,7,6,16,1,0.9538565286073817,0.0,0.051587820053100586,7.0,6.0,1.0
1646,explaGraphs,osrcd,counter,counter,6,5,6,5,12,1,0.970782706429111,0.0,0.03713345527648926,6.0,5.0,1.0
1647,explaGraphs,osrcd,support,support,5,4,5,4,6,1,0.968839324370171,0.0,0.02464604377746582,5.0,4.0,1.0
1648,explaGraphs,osrcd,counter,counter,6,5,6,5,13,1,0.9599596750366138,0.0,0.03905153274536133,6.0,5.0,1.0
1649,explaGraphs,osrcd,support,support,4,3,4,3,3,1,0.9755476267082073,0.0,0.020991086959838867,4.0,3.0,1.0
1650,explaGraphs,osrcd,counter,counter,6,5,6,5,13,1,0.9609665862285997,0.0,0.0389704704284668,6.0,5.0,1.0
1651,explaGraphs,osrcd,counter,counter,4,3,4,3,3,1,0.9708999976473871,0.0,0.019901275634765625,4.0,3.0,1.0
1652,explaGraphs,osrcd,support,support,5,4,5,4,6,1,0.9576920845970396,0.0,0.024263858795166016,5.0,4.0,1.0
1653,explaGraphs,osrcd,counter,counter,4,3,4,3,3,1,0.9585276504816452,0.0,0.02007150650024414,4.0,3.0,1.0
1654,explaGraphs,osrcd,support,support,4,3,4,3,3,1,0.9479394864768048,0.0,0.020635604858398438,4.0,3.0,1.0
1655,explaGraphs,osrcd,support,support,5,4,5,4,8,1,0.9598779293357442,0.0,0.0273284912109375,5.0,4.0,1.0
1656,explaGraphs,osrcd,support,support,6,5,6,5,10,1,0.9648635100259662,0.0,0.032550811767578125,6.0,5.0,1.0
1657,explaGraphs,osrcd,support,support,5,4,5,4,6,1,0.9493512844692411,0.0,0.02492690086364746,5.0,4.0,1.0
1658,explaGraphs,osrcd,counter,counter,5,4,5,4,9,1,0.9555065571821985,0.0,0.02898383140563965,5.0,4.0,1.0
1659,explaGraphs,osrcd,counter,counter,5,4,5,4,9,1,0.93950831428658,0.0,0.029045581817626953,5.0,4.0,1.0
1660,explaGraphs,osrcd,support,support,6,5,6,5,13,1,0.9662945962197674,0.0,0.0389556884765625,6.0,5.0,1.0
1661,explaGraphs,osrcd,counter,counter,4,3,4,3,4,1,0.9481502044692234,0.0,0.021690845489501953,4.0,3.0,1.0
1662,explaGraphs,osrcd,support,support,5,5,5,5,9,1,0.9425300201079382,0.0,0.028651952743530273,5.0,5.0,1.0
1663,explaGraphs,osrcd,counter,counter,4,3,4,3,3,1,0.9502521399355806,0.0,0.02013850212097168,4.0,3.0,1.0
1664,explaGraphs,osrcd,support,support,5,4,5,4,6,1,0.9324626094577391,0.0,0.024384021759033203,5.0,4.0,1.0
1665,explaGraphs,osrcd,counter,counter,4,3,4,3,3,1,0.9468296412779772,0.0,0.019628524780273438,4.0,3.0,1.0
1666,explaGraphs,osrcd,counter,counter,4,3,4,3,3,1,0.9590380734784122,0.0,0.020607709884643555,4.0,3.0,1.0
1667,explaGraphs,osrcd,support,support,4,3,4,3,3,1,0.9666755833665475,0.0,0.01990818977355957,4.0,3.0,1.0
1668,explaGraphs,osrcd,counter,counter,4,3,4,3,3,1,0.9691892454474276,0.0,0.0206296443939209,4.0,3.0,1.0
1669,explaGraphs,osrcd,counter,counter,7,7,7,7,17,1,0.9468808573690796,0.0,0.052913665771484375,7.0,7.0,1.0
1670,explaGraphs,osrcd,support,support,4,3,4,3,3,1,0.9540368585121528,0.0,0.02098846435546875,4.0,3.0,1.0
1671,explaGraphs,osrcd,support,support,4,3,4,3,4,1,0.9486056226865394,0.0,0.020702362060546875,4.0,3.0,1.0
1672,explaGraphs,osrcd,counter,counter,5,4,5,4,8,1,0.9703072594215908,0.0,0.026671409606933594,5.0,4.0,1.0
1673,explaGraphs,osrcd,support,support,6,5,6,5,12,1,0.9668470269124497,0.0,0.03704547882080078,6.0,5.0,1.0
1674,explaGraphs,osrcd,support,support,4,3,4,3,3,1,0.9699209445273643,0.0,0.020395755767822266,4.0,3.0,1.0
1675,explaGraphs,osrcd,support,support,5,4,5,4,8,1,0.949890112900729,0.0,0.027262449264526367,5.0,4.0,1.0
1676,explaGraphs,osrcd,counter,counter,5,4,5,4,6,1,0.973020276553752,0.0,0.02472710609436035,5.0,4.0,1.0
1677,explaGraphs,osrcd,counter,counter,4,3,4,3,3,1,0.9622290931079764,0.0,0.020626306533813477,4.0,3.0,1.0
1678,explaGraphs,osrcd,counter,counter,5,4,5,4,6,1,0.9682104089434763,0.0,0.02491021156311035,5.0,4.0,1.0
1679,explaGraphs,osrcd,support,support,7,6,7,6,17,1,0.9473662554474992,0.0,0.054035186767578125,7.0,6.0,1.0
1680,explaGraphs,osrcd,support,support,5,4,5,4,6,1,0.9465680880060307,0.0,0.024651288986206055,5.0,4.0,1.0
1681,explaGraphs,osrcd,counter,counter,4,3,4,3,4,1,0.9672570580334608,0.0,0.021427154541015625,4.0,3.0,1.0
1682,explaGraphs,osrcd,support,support,4,3,4,3,3,1,0.9635253209540163,0.0,0.020731687545776367,4.0,3.0,1.0
1683,explaGraphs,osrcd,counter,counter,5,4,5,4,9,1,0.954487366157114,0.0,0.02870655059814453,5.0,4.0,1.0
1684,explaGraphs,osrcd,support,support,4,3,4,3,3,1,0.9680745896453329,0.0,0.020873546600341797,4.0,3.0,1.0
1685,explaGraphs,osrcd,counter,counter,4,3,4,3,4,1,0.9517597212930161,0.0,0.020709753036499023,4.0,3.0,1.0
1686,explaGraphs,osrcd,counter,counter,4,3,4,3,3,1,0.9630810386415277,0.0,0.019453048706054688,4.0,3.0,1.0
1687,explaGraphs,osrcd,counter,counter,6,5,6,5,12,1,0.9644510860727471,0.0,0.037485599517822266,6.0,5.0,1.0
1688,explaGraphs,osrcd,counter,counter,5,4,5,4,9,1,0.9678458254283296,0.0,0.02905726432800293,5.0,4.0,1.0
1689,explaGraphs,osrcd,counter,counter,5,4,5,4,8,1,0.9645910948921343,0.0,0.027576923370361328,5.0,4.0,1.0
1690,explaGraphs,osrcd,counter,counter,5,4,5,4,8,1,0.9351375611264657,0.0,0.02753424644470215,5.0,4.0,1.0
1691,explaGraphs,osrcd,counter,counter,6,5,6,5,13,1,0.9546768449649256,0.0,0.03907966613769531,6.0,5.0,1.0
1692,explaGraphs,osrcd,counter,counter,5,4,5,4,8,1,0.9615538076199166,0.0,0.027793407440185547,5.0,4.0,1.0
1693,explaGraphs,osrcd,support,support,4,3,4,3,4,1,0.9720307780556801,0.0,0.019775867462158203,4.0,3.0,1.0
1694,explaGraphs,osrcd,counter,counter,5,4,5,4,8,1,0.9709361827664322,0.0,0.027265548706054688,5.0,4.0,1.0
1695,explaGraphs,osrcd,support,support,7,6,7,6,17,1,0.9410080887266231,0.0,0.05221986770629883,7.0,6.0,1.0
1696,explaGraphs,osrcd,counter,counter,7,6,7,6,14,1,0.9296412429693347,0.0,0.046031951904296875,7.0,6.0,1.0
1697,explaGraphs,osrcd,counter,counter,5,5,5,5,8,1,0.9499627551332152,0.0,0.02791595458984375,5.0,5.0,1.0
1698,explaGraphs,osrcd,counter,counter,4,3,4,3,3,1,0.9509959293149824,0.0,0.020704030990600586,4.0,3.0,1.0
1699,explaGraphs,osrcd,support,support,5,4,5,4,8,1,0.9534575557081151,0.0,0.02721381187438965,5.0,4.0,1.0
1700,explaGraphs,osrcd,counter,counter,4,3,4,3,4,1,0.9534628358401918,0.0,0.02218008041381836,4.0,3.0,1.0
1701,explaGraphs,osrcd,counter,counter,6,5,6,5,12,1,0.9355154187267423,0.0,0.0372920036315918,6.0,5.0,1.0
1702,explaGraphs,osrcd,counter,counter,5,4,5,4,6,1,0.9753451938044195,0.0,0.02479243278503418,5.0,4.0,1.0
1703,explaGraphs,osrcd,counter,counter,5,4,5,4,8,1,0.9519624239135114,0.0,0.029084205627441406,5.0,4.0,1.0
1704,explaGraphs,osrcd,counter,counter,5,4,5,4,6,1,0.9661575164366274,0.0,0.02471780776977539,5.0,4.0,1.0
1705,explaGraphs,osrcd,counter,counter,5,4,5,4,9,1,0.9658417372888168,0.0,0.02920818328857422,5.0,4.0,1.0
1706,explaGraphs,osrcd,counter,counter,4,3,4,3,3,1,0.9715483152819053,0.0,0.020225048065185547,4.0,3.0,1.0
1707,explaGraphs,osrcd,support,support,5,4,5,4,8,1,0.9564581451044855,0.0,0.028438568115234375,5.0,4.0,1.0
1708,explaGraphs,osrcd,counter,counter,4,3,4,3,3,1,0.9741004684162823,0.0,0.02188897132873535,4.0,3.0,1.0
1709,explaGraphs,osrcd,counter,counter,6,5,6,5,12,1,0.9522456146457121,0.0,0.03861880302429199,6.0,5.0,1.0
1710,explaGraphs,osrcd,support,support,7,6,7,6,14,1,0.9578704544806367,0.0,0.047002315521240234,7.0,6.0,1.0
1711,explaGraphs,osrcd,counter,counter,4,3,4,3,3,1,0.96495664562509,0.0,0.021213293075561523,4.0,3.0,1.0
1712,explaGraphs,osrcd,support,support,4,3,4,3,4,1,0.9627597292832163,0.0,0.02021050453186035,4.0,3.0,1.0
1713,explaGraphs,osrcd,support,support,4,3,4,3,4,1,0.9607243197436134,0.0,0.02073979377746582,4.0,3.0,1.0
1714,explaGraphs,osrcd,counter,counter,4,3,4,3,4,1,0.9647444572824672,0.0,0.020999670028686523,4.0,3.0,1.0
1715,explaGraphs,osrcd,counter,counter,4,3,4,3,4,1,0.9710233868968047,0.0,0.020838499069213867,4.0,3.0,1.0
1716,explaGraphs,osrcd,support,support,4,3,4,3,3,1,0.9642539801208787,0.0,0.018814563751220703,4.0,3.0,1.0
1717,explaGraphs,osrcd,support,support,5,4,5,4,8,1,0.9509065142570475,0.0,0.026767730712890625,5.0,4.0,1.0
1718,explaGraphs,osrcd,counter,counter,5,5,5,5,9,1,0.9433683730625453,0.0,0.029798507690429688,5.0,5.0,1.0
1719,explaGraphs,osrcd,counter,counter,5,4,5,4,9,1,0.9492684538471161,0.0,0.03043389320373535,5.0,4.0,1.0
1720,explaGraphs,osrcd,counter,counter,4,3,4,3,4,1,0.9337515053148859,0.0,0.022334575653076172,4.0,3.0,1.0
1721,explaGraphs,osrcd,counter,counter,4,3,4,3,3,1,0.9419030326083434,0.0,0.020067930221557617,4.0,3.0,1.0
1722,explaGraphs,osrcd,counter,counter,5,4,5,4,9,1,0.954019322401312,0.0,0.02873396873474121,5.0,4.0,1.0
1723,explaGraphs,osrcd,support,support,5,4,5,4,6,1,0.9692556366776469,0.0,0.024669408798217773,5.0,4.0,1.0
1724,explaGraphs,osrcd,support,support,7,6,7,6,16,1,0.9555181852637379,0.0,0.050969600677490234,7.0,6.0,1.0
1725,explaGraphs,osrcd,support,support,6,5,6,5,13,1,0.9330182234334506,0.0,0.040743350982666016,6.0,5.0,1.0
1726,explaGraphs,osrcd,counter,counter,7,6,7,6,16,1,0.9596047474324587,0.0,0.05054736137390137,7.0,6.0,1.0
1727,explaGraphs,osrcd,support,support,6,5,6,5,10,1,0.9697368642459225,0.0,0.03333258628845215,6.0,5.0,1.0
1728,explaGraphs,osrcd,counter,counter,6,5,6,5,10,1,0.9328150512007819,0.0,0.033048152923583984,6.0,5.0,1.0
1729,explaGraphs,osrcd,support,support,4,3,4,3,4,1,0.9354517868671073,0.0,0.022324800491333008,4.0,3.0,1.0
1730,explaGraphs,osrcd,counter,counter,6,5,6,5,12,1,0.9617370555750575,0.0,0.03666353225708008,6.0,5.0,1.0
1731,explaGraphs,osrcd,counter,counter,7,6,7,6,17,1,0.9521549854837354,0.0,0.05312156677246094,7.0,6.0,1.0
1732,explaGraphs,osrcd,counter,counter,8,7,8,7,21,1,0.9426157598183957,0.0,0.07482719421386719,8.0,7.0,1.0
1733,explaGraphs,osrcd,counter,counter,4,3,4,3,3,1,0.9446388404936616,0.0,0.021681785583496094,4.0,3.0,1.0
1734,explaGraphs,osrcd,support,support,5,4,5,4,8,1,0.925721375523922,0.0,0.027217388153076172,5.0,4.0,1.0
1735,explaGraphs,osrcd,counter,counter,4,3,4,3,3,1,0.9326379136224948,0.0,0.019922733306884766,4.0,3.0,1.0
1736,explaGraphs,osrcd,support,support,4,3,4,3,3,1,0.9573957008523946,0.0,0.019550085067749023,4.0,3.0,1.0
1737,explaGraphs,osrcd,counter,counter,4,3,4,3,3,1,0.966724841551342,0.0,0.019380569458007812,4.0,3.0,1.0
1738,explaGraphs,osrcd,counter,counter,4,4,4,4,4,1,0.9501522125095531,0.0,0.021376371383666992,4.0,4.0,1.0
1739,explaGraphs,osrcd,counter,counter,4,3,4,3,3,1,0.9507518023371936,0.0,0.02084636688232422,4.0,3.0,1.0
1740,explaGraphs,osrcd,counter,counter,4,3,4,3,3,1,0.9677929043240955,0.0,0.02052593231201172,4.0,3.0,1.0
1741,explaGraphs,osrcd,support,support,4,3,4,3,3,1,0.9716614809419767,0.0,0.01965641975402832,4.0,3.0,1.0
1742,explaGraphs,osrcd,support,support,7,6,7,6,17,1,0.9593822106628807,0.0,0.05393409729003906,7.0,6.0,1.0
1743,explaGraphs,osrcd,counter,counter,4,3,4,3,3,1,0.9653816476705254,0.0,0.020231962203979492,4.0,3.0,1.0
1744,explaGraphs,osrcd,support,support,7,6,7,6,17,1,0.965170453515885,0.0,0.05307316780090332,7.0,6.0,1.0
1745,explaGraphs,osrcd,counter,counter,4,3,4,3,3,1,0.9588602855811267,0.0,0.021237850189208984,4.0,3.0,1.0
1746,explaGraphs,osrcd,support,support,6,6,6,6,13,1,0.935522370574722,0.0,0.03878164291381836,6.0,6.0,1.0
1747,explaGraphs,osrcd,counter,counter,4,3,4,3,3,1,0.9353756743275711,0.0,0.020905017852783203,4.0,3.0,1.0
1748,explaGraphs,osrcd,support,support,7,6,7,6,16,1,0.9726299060647741,0.0,0.05163764953613281,7.0,6.0,1.0
1749,explaGraphs,osrcd,support,support,5,4,5,4,6,1,0.93871531009541,0.0,0.025441408157348633,5.0,4.0,1.0
1750,explaGraphs,osrcd,support,support,5,4,5,4,6,1,0.9500606608636771,0.0,0.025689125061035156,5.0,4.0,1.0
1751,explaGraphs,osrcd,support,support,7,6,7,6,16,1,0.9626298344299741,0.0,0.05151033401489258,7.0,6.0,1.0
1752,explaGraphs,osrcd,counter,counter,4,4,4,4,4,1,0.9442394705217202,0.0,0.021605968475341797,4.0,4.0,1.0
1753,explaGraphs,osrcd,support,support,4,4,4,4,4,1,0.9469470955472213,0.0,0.021453857421875,4.0,4.0,1.0
1754,explaGraphs,osrcd,counter,counter,4,3,4,3,4,1,0.9455540552716526,0.0,0.0213773250579834,4.0,3.0,1.0
1755,explaGraphs,osrcd,counter,counter,4,3,4,3,3,1,0.9439079644990754,0.0,0.02046060562133789,4.0,3.0,1.0
1756,explaGraphs,osrcd,support,support,5,4,5,4,6,1,0.9619427588979077,0.0,0.0233156681060791,5.0,4.0,1.0
1757,explaGraphs,osrcd,support,support,5,4,5,4,6,1,0.9583876992348186,0.0,0.024474143981933594,5.0,4.0,1.0
1758,explaGraphs,osrcd,counter,counter,4,3,4,3,4,1,0.951028175698187,0.0,0.021652936935424805,4.0,3.0,1.0
1759,explaGraphs,osrcd,counter,counter,4,4,4,4,4,1,0.9752348763767071,0.0,0.021577119827270508,4.0,4.0,1.0
1760,explaGraphs,osrcd,counter,counter,4,3,4,3,3,1,0.9613405124864235,0.0,0.019329547882080078,4.0,3.0,1.0
1761,explaGraphs,osrcd,counter,counter,8,7,8,7,20,1,0.9323284054614939,0.0,0.06815695762634277,8.0,7.0,1.0
1762,explaGraphs,osrcd,support,support,5,4,5,4,8,1,0.96782147563,0.0,0.027961254119873047,5.0,4.0,1.0
1763,explaGraphs,osrcd,support,support,5,4,5,4,9,1,0.9570159297869093,0.0,0.027184009552001953,5.0,4.0,1.0
1764,explaGraphs,osrcd,counter,counter,5,4,5,4,8,1,0.9484163550718605,0.0,0.027277231216430664,5.0,4.0,1.0
1765,explaGraphs,osrcd,support,support,6,5,6,5,13,1,0.9405427793324718,0.0,0.03904604911804199,6.0,5.0,1.0
1766,explaGraphs,osrcd,counter,counter,4,3,4,3,4,1,0.9458817311773323,0.0,0.021679401397705078,4.0,3.0,1.0
1767,explaGraphs,osrcd,counter,counter,4,3,4,3,4,1,0.9505731611520968,0.0,0.02139592170715332,4.0,3.0,1.0
1768,explaGraphs,osrcd,counter,counter,5,4,5,4,6,1,0.9791193265323974,0.0,0.0239715576171875,5.0,4.0,1.0
1769,explaGraphs,osrcd,counter,counter,4,3,4,3,3,1,0.9649275568892105,0.0,0.02076435089111328,4.0,3.0,1.0
1770,explaGraphs,osrcd,counter,counter,4,3,4,3,4,1,0.9654897258169524,0.0,0.02130603790283203,4.0,3.0,1.0
1771,explaGraphs,osrcd,counter,counter,7,6,7,6,16,1,0.9714486382713471,0.0,0.05092930793762207,7.0,6.0,1.0
1772,explaGraphs,osrcd,counter,counter,4,3,4,3,4,1,0.9466340365637438,0.0,0.021887779235839844,4.0,3.0,1.0
1773,explaGraphs,osrcd,counter,counter,4,4,4,4,4,1,0.9616692671151733,0.0,0.021675586700439453,4.0,4.0,1.0
1774,explaGraphs,osrcd,support,support,4,3,4,3,4,1,0.9450349672849059,0.0,0.02118086814880371,4.0,3.0,1.0
1775,explaGraphs,osrcd,counter,counter,6,5,6,5,10,1,0.9639951853472896,0.0,0.03272700309753418,6.0,5.0,1.0
1776,explaGraphs,osrcd,counter,counter,5,4,5,4,6,1,0.9423775357230649,0.0,0.024587154388427734,5.0,4.0,1.0
1777,explaGraphs,osrcd,support,support,5,4,5,4,6,1,0.9459138293164827,0.0,0.02325129508972168,5.0,4.0,1.0
1778,explaGraphs,osrcd,support,support,4,3,4,3,4,1,0.9463293313948287,0.0,0.0211031436920166,4.0,3.0,1.0
1779,explaGraphs,osrcd,counter,counter,6,5,6,5,13,1,0.9583891838239068,0.0,0.03744173049926758,6.0,5.0,1.0
1780,explaGraphs,osrcd,counter,counter,5,4,5,4,8,1,0.9320004978569864,0.0,0.027414560317993164,5.0,4.0,1.0
1781,explaGraphs,osrcd,counter,counter,7,6,7,6,16,1,0.9451526091645814,0.0,0.05178046226501465,7.0,6.0,1.0
1782,explaGraphs,osrcd,support,support,5,5,5,5,9,1,0.9433927588873982,0.0,0.029561996459960938,5.0,5.0,1.0
1783,explaGraphs,osrcd,counter,counter,6,5,6,5,10,1,0.9672623790631707,0.0,0.03303885459899902,6.0,5.0,1.0
1784,explaGraphs,osrcd,support,support,5,4,5,4,8,1,0.9668687000622916,0.0,0.02741241455078125,5.0,4.0,1.0
1785,explaGraphs,osrcd,counter,counter,4,3,4,3,4,1,0.9610324721237425,0.0,0.021477937698364258,4.0,3.0,1.0
1786,explaGraphs,osrcd,support,support,7,6,7,6,16,1,0.9516668148409336,0.0,0.051247596740722656,7.0,6.0,1.0
1787,explaGraphs,osrcd,counter,counter,7,7,7,7,17,1,0.9629789981795535,0.0,0.054456233978271484,7.0,7.0,1.0
1788,explaGraphs,osrcd,counter,counter,4,3,4,3,4,1,0.9724826981130734,0.0,0.020885467529296875,4.0,3.0,1.0
1789,explaGraphs,osrcd,counter,counter,4,3,4,3,4,1,0.9464829300768393,0.0,0.02147221565246582,4.0,3.0,1.0
1790,explaGraphs,osrcd,counter,counter,4,3,4,3,3,1,0.9794762631668252,0.0,0.01854562759399414,4.0,3.0,1.0
1791,explaGraphs,osrcd,counter,counter,6,6,6,6,13,1,0.9639904715507143,0.0,0.039243459701538086,6.0,6.0,1.0
1792,explaGraphs,osrcd,counter,counter,4,3,4,3,3,1,0.9460356773036392,0.0,0.020436525344848633,4.0,3.0,1.0
1793,explaGraphs,osrcd,counter,counter,5,4,5,4,8,1,0.9498703992813938,0.0,0.027251720428466797,5.0,4.0,1.0
1794,explaGraphs,osrcd,support,support,4,3,4,3,4,1,0.9816246923162365,0.0,0.026089906692504883,4.0,3.0,1.0
1795,explaGraphs,osrcd,counter,counter,5,4,5,4,6,1,0.973878922282516,0.0,0.02457880973815918,5.0,4.0,1.0
1796,explaGraphs,osrcd,counter,counter,6,5,6,5,12,1,0.9632765050552095,0.0,0.046471595764160156,6.0,5.0,1.0
1797,explaGraphs,osrcd,counter,counter,4,3,4,3,3,1,0.9597709473902919,0.0,0.0208432674407959,4.0,3.0,1.0
1798,explaGraphs,osrcd,counter,counter,5,4,5,4,6,1,0.9690041777272399,0.0,0.025221586227416992,5.0,4.0,1.0
1799,explaGraphs,osrcd,counter,counter,4,3,4,3,3,1,0.9677664461749024,0.0,0.019275665283203125,4.0,3.0,1.0
1800,explaGraphs,osrcd,counter,counter,4,3,4,3,3,1,0.9414631838329947,0.0,0.022430419921875,4.0,3.0,1.0
1801,explaGraphs,osrcd,counter,counter,5,4,5,4,6,1,0.9555797834455804,0.0,0.024919986724853516,5.0,4.0,1.0
1802,explaGraphs,osrcd,counter,counter,4,3,4,3,3,1,0.9743977348264204,0.0,0.02085709571838379,4.0,3.0,1.0
1803,explaGraphs,osrcd,counter,counter,6,5,6,5,12,1,0.9433787434400862,0.0,0.03720903396606445,6.0,5.0,1.0
1804,explaGraphs,osrcd,counter,counter,5,4,5,4,9,1,0.9538913619062828,0.0,0.02917194366455078,5.0,4.0,1.0
1805,explaGraphs,osrcd,counter,counter,4,3,4,3,3,1,0.9501041175752148,0.0,0.02085113525390625,4.0,3.0,1.0
1806,explaGraphs,osrcd,counter,counter,4,3,4,3,4,1,0.9510682549678157,0.0,0.021317481994628906,4.0,3.0,1.0
1807,explaGraphs,osrcd,support,support,5,4,5,4,6,1,0.9334164081636254,0.0,0.029099702835083008,5.0,4.0,1.0
1808,explaGraphs,osrcd,support,support,6,5,6,5,10,1,0.9442144605887947,0.0,0.03291463851928711,6.0,5.0,1.0
1809,explaGraphs,osrcd,counter,counter,4,3,4,3,4,1,0.9631805084029511,0.0,0.022353410720825195,4.0,3.0,1.0
1810,explaGraphs,osrcd,counter,counter,6,5,6,5,12,1,0.9456767445110125,0.0,0.03744053840637207,6.0,5.0,1.0
1811,explaGraphs,osrcd,counter,counter,4,3,4,3,3,1,0.9586761816951193,0.0,0.021198272705078125,4.0,3.0,1.0
1812,explaGraphs,osrcd,counter,counter,5,4,5,4,8,1,0.9687545119825852,0.0,0.027135610580444336,5.0,4.0,1.0
1813,explaGraphs,osrcd,counter,counter,4,3,4,3,3,1,0.9615532386405002,0.0,0.020708560943603516,4.0,3.0,1.0
1814,explaGraphs,osrcd,counter,counter,4,3,4,3,3,1,0.9342403412638677,0.0,0.020176172256469727,4.0,3.0,1.0
1815,explaGraphs,osrcd,counter,counter,5,4,5,4,8,1,0.9463216575211442,0.0,0.027498722076416016,5.0,4.0,1.0
1816,explaGraphs,osrcd,support,support,4,3,4,3,4,1,0.9514471833462422,0.0,0.020543813705444336,4.0,3.0,1.0
1817,explaGraphs,osrcd,counter,counter,4,3,4,3,3,1,0.9538132068721898,0.0,0.019474506378173828,4.0,3.0,1.0
1818,explaGraphs,osrcd,counter,counter,4,3,4,3,3,1,0.9662174190713502,0.0,0.02089977264404297,4.0,3.0,1.0
1819,explaGraphs,osrcd,counter,counter,6,5,6,5,12,1,0.9732718598445603,0.0,0.03709912300109863,6.0,5.0,1.0
1820,explaGraphs,osrcd,counter,counter,4,4,4,4,5,1,0.9532353227209078,0.0,0.022200822830200195,4.0,4.0,1.0
1821,explaGraphs,osrcd,counter,counter,6,5,6,5,10,1,0.9370746875195679,0.0,0.03296375274658203,6.0,5.0,1.0
1822,explaGraphs,osrcd,counter,counter,5,4,5,4,6,1,0.9625619248487397,0.0,0.024268388748168945,5.0,4.0,1.0
1823,explaGraphs,osrcd,counter,counter,4,3,4,3,3,1,0.95277236111378,0.0,0.02051568031311035,4.0,3.0,1.0
1824,explaGraphs,osrcd,counter,counter,4,3,4,3,3,1,0.9482027395037579,0.0,0.020502567291259766,4.0,3.0,1.0
1825,explaGraphs,osrcd,support,support,6,5,6,5,12,1,0.9397475568108355,0.0,0.036531686782836914,6.0,5.0,1.0
1826,explaGraphs,osrcd,counter,counter,6,5,6,5,10,1,0.9619210384709787,0.0,0.033293724060058594,6.0,5.0,1.0
1827,explaGraphs,osrcd,counter,counter,4,3,4,3,4,1,0.9599022950616674,0.0,0.021318912506103516,4.0,3.0,1.0
1828,explaGraphs,osrcd,support,support,5,4,5,4,8,1,0.9730376524767752,0.0,0.026965618133544922,5.0,4.0,1.0
1829,explaGraphs,osrcd,counter,counter,6,6,6,6,13,1,0.9507765437859514,0.0,0.04204869270324707,6.0,6.0,1.0
1830,explaGraphs,osrcd,counter,counter,5,4,5,4,8,1,0.9397646370142362,0.0,0.030304431915283203,5.0,4.0,1.0
1831,explaGraphs,osrcd,support,support,5,4,5,4,6,1,0.9498597119536896,0.0,0.02527022361755371,5.0,4.0,1.0
1832,explaGraphs,osrcd,counter,counter,5,4,5,4,8,1,0.9487417589260533,0.0,0.028191566467285156,5.0,4.0,1.0
1833,explaGraphs,osrcd,counter,counter,6,5,6,5,12,1,0.9330263055329742,0.0,0.0367891788482666,6.0,5.0,1.0
1834,explaGraphs,osrcd,counter,counter,4,3,4,3,4,1,0.9359625617424738,0.0,0.021141767501831055,4.0,3.0,1.0
1835,explaGraphs,osrcd,counter,counter,5,4,5,4,6,1,0.9226012894874612,0.0,0.025417804718017578,5.0,4.0,1.0
1836,explaGraphs,osrcd,counter,counter,5,4,5,4,6,1,0.9591034899384779,0.0,0.024463176727294922,5.0,4.0,1.0
1837,explaGraphs,osrcd,support,support,4,3,4,3,3,1,0.958931353268774,0.0,0.021265029907226562,4.0,3.0,1.0
1838,explaGraphs,osrcd,counter,counter,5,4,5,4,8,1,0.9716864311174792,0.0,0.027659177780151367,5.0,4.0,1.0
1839,explaGraphs,osrcd,counter,counter,8,7,8,7,21,1,0.9660380417672221,0.0,0.07338094711303711,8.0,7.0,1.0
1840,explaGraphs,osrcd,support,support,5,5,5,5,8,1,0.9567716353545556,0.0,0.028208494186401367,5.0,5.0,1.0
1841,explaGraphs,osrcd,counter,counter,4,3,4,3,4,1,0.9656573070342689,0.0,0.020468473434448242,4.0,3.0,1.0
1842,explaGraphs,osrcd,counter,counter,5,4,5,4,8,1,0.9394308862268532,0.0,0.027367115020751953,5.0,4.0,1.0
1843,explaGraphs,osrcd,counter,counter,4,3,4,3,4,1,0.9285295829467395,0.0,0.021045923233032227,4.0,3.0,1.0
1844,explaGraphs,osrcd,counter,counter,5,4,5,4,8,1,0.9469715350209581,0.0,0.027460336685180664,5.0,4.0,1.0
1845,explaGraphs,osrcd,counter,counter,4,4,4,4,4,1,0.9555909000788685,0.0,0.02071857452392578,4.0,4.0,1.0
1846,explaGraphs,osrcd,support,support,5,4,5,4,8,1,0.9366387235343835,0.0,0.027529239654541016,5.0,4.0,1.0
1847,explaGraphs,osrcd,support,support,6,5,6,5,12,1,0.9558302740714465,0.0,0.037566423416137695,6.0,5.0,1.0
1848,explaGraphs,osrcd,counter,counter,5,4,5,4,6,1,0.9508471223618636,0.0,0.024930477142333984,5.0,4.0,1.0
1849,explaGraphs,osrcd,counter,counter,4,3,4,3,3,1,0.9807452876465893,0.0,0.019641876220703125,4.0,3.0,1.0
1850,explaGraphs,osrcd,counter,counter,6,5,6,5,10,1,0.950300643544279,0.0,0.03300976753234863,6.0,5.0,1.0
1851,explaGraphs,osrcd,counter,counter,5,4,5,4,6,1,0.949431846274388,0.0,0.02544689178466797,5.0,4.0,1.0
1852,explaGraphs,osrcd,counter,counter,5,4,5,4,8,1,0.9536801479406374,0.0,0.02719426155090332,5.0,4.0,1.0
1853,explaGraphs,osrcd,counter,counter,6,5,6,5,12,1,0.9395330826613316,0.0,0.0366666316986084,6.0,5.0,1.0
1854,explaGraphs,osrcd,counter,counter,5,5,5,5,9,1,0.9490650781402158,0.0,0.029230117797851562,5.0,5.0,1.0
1855,explaGraphs,osrcd,counter,counter,4,3,4,3,3,1,0.9712784756975258,0.0,0.020103931427001953,4.0,3.0,1.0
1856,explaGraphs,osrcd,counter,counter,4,3,4,3,3,1,0.9667788137140011,0.0,0.0202028751373291,4.0,3.0,1.0
1857,explaGraphs,osrcd,support,support,8,8,8,8,21,1,0.9390570995713601,0.0,0.07333111763000488,8.0,8.0,1.0
1858,explaGraphs,osrcd,counter,counter,7,6,7,6,16,1,0.9465153232095319,0.0,0.05162620544433594,7.0,6.0,1.0
1859,explaGraphs,osrcd,counter,counter,4,3,4,3,3,1,0.9379791546807279,0.0,0.019389867782592773,4.0,3.0,1.0
1860,explaGraphs,osrcd,support,support,5,4,5,4,6,1,0.9705422906097524,0.0,0.024606943130493164,5.0,4.0,1.0
1861,explaGraphs,osrcd,counter,counter,7,6,7,6,17,1,0.964826886536555,0.0,0.05321812629699707,7.0,6.0,1.0
1862,explaGraphs,osrcd,support,support,6,5,6,5,13,1,0.9565766376976236,0.0,0.03992462158203125,6.0,5.0,1.0
1863,explaGraphs,osrcd,counter,counter,6,5,6,5,10,1,0.9602935606177011,0.0,0.033736467361450195,6.0,5.0,1.0
1864,explaGraphs,osrcd,counter,counter,5,4,5,4,8,1,0.9333823830718466,0.0,0.027551889419555664,5.0,4.0,1.0
1865,explaGraphs,osrcd,support,support,7,6,7,6,14,1,0.953792260432473,0.0,0.04579019546508789,7.0,6.0,1.0
1866,explaGraphs,osrcd,counter,counter,6,5,6,5,12,1,0.9276424494423703,0.0,0.037563323974609375,6.0,5.0,1.0
1867,explaGraphs,osrcd,counter,counter,4,3,4,3,4,1,0.9645685849708038,0.0,0.02190375328063965,4.0,3.0,1.0
1868,explaGraphs,osrcd,counter,counter,8,7,8,7,20,1,0.9063754890304925,0.0,0.07114720344543457,8.0,7.0,1.0
1869,explaGraphs,osrcd,counter,counter,5,4,5,4,8,1,0.954995702857738,0.0,0.0279085636138916,5.0,4.0,1.0
1870,explaGraphs,osrcd,counter,counter,4,3,4,3,4,1,0.9470923430523083,0.0,0.021878480911254883,4.0,3.0,1.0
1871,explaGraphs,osrcd,support,support,4,4,4,4,4,1,0.9440183169109025,0.0,0.02105879783630371,4.0,4.0,1.0
1872,explaGraphs,osrcd,counter,counter,4,3,4,3,3,1,0.952665192161283,0.0,0.020392656326293945,4.0,3.0,1.0
1873,explaGraphs,osrcd,counter,counter,4,3,4,3,4,1,0.94090905235306,0.0,0.02138376235961914,4.0,3.0,1.0
1874,explaGraphs,osrcd,counter,counter,5,4,5,4,6,1,0.9415341973713295,0.0,0.02458024024963379,5.0,4.0,1.0
1875,explaGraphs,osrcd,counter,counter,5,4,5,4,9,1,0.948211385705181,0.0,0.028937101364135742,5.0,4.0,1.0
1876,explaGraphs,osrcd,counter,counter,5,4,5,4,6,1,0.9241562256601454,0.0,0.024214506149291992,5.0,4.0,1.0
1877,explaGraphs,osrcd,support,support,8,7,8,7,20,1,0.9532613072710995,0.0,0.07331204414367676,8.0,7.0,1.0
1878,explaGraphs,osrcd,support,support,6,5,6,5,10,1,0.9677286684725078,0.0,0.03391551971435547,6.0,5.0,1.0
1879,explaGraphs,osrcd,support,support,4,3,4,3,3,1,0.9415964460025955,0.0,0.02060413360595703,4.0,3.0,1.0
1880,explaGraphs,osrcd,counter,counter,4,3,4,3,4,1,0.9619252723198221,0.0,0.02138376235961914,4.0,3.0,1.0
1881,explaGraphs,osrcd,counter,counter,4,3,4,3,3,1,0.9300637696593752,0.0,0.020678281784057617,4.0,3.0,1.0
1882,explaGraphs,osrcd,support,support,5,4,5,4,8,1,0.9603007262516045,0.0,0.026841402053833008,5.0,4.0,1.0
1883,explaGraphs,osrcd,counter,counter,6,5,6,5,12,1,0.9702744285120791,0.0,0.03728342056274414,6.0,5.0,1.0
1884,explaGraphs,osrcd,counter,counter,7,6,7,6,16,1,0.9580244779135133,0.0,0.05051898956298828,7.0,6.0,1.0
1885,explaGraphs,osrcd,counter,counter,5,4,5,4,8,1,0.9532639706157716,0.0,0.028318405151367188,5.0,4.0,1.0
1886,explaGraphs,osrcd,counter,counter,5,4,5,4,6,1,0.9592280648420973,0.0,0.02407217025756836,5.0,4.0,1.0
1887,explaGraphs,osrcd,counter,counter,5,4,5,4,9,1,0.9528298762535675,0.0,0.02904057502746582,5.0,4.0,1.0
1888,explaGraphs,osrcd,support,support,5,5,5,5,8,1,0.9311258050942192,0.0,0.027347564697265625,5.0,5.0,1.0
1889,explaGraphs,osrcd,counter,counter,5,4,5,4,8,1,0.9525458790551754,0.0,0.027598142623901367,5.0,4.0,1.0
1890,explaGraphs,osrcd,counter,counter,8,7,8,7,20,1,0.9490428808894108,0.0,0.07148313522338867,8.0,7.0,1.0
1891,explaGraphs,osrcd,support,support,5,4,5,4,8,1,0.9671370204202104,0.0,0.028343677520751953,5.0,4.0,1.0
1892,explaGraphs,osrcd,counter,counter,6,5,6,5,12,1,0.9621080697527229,0.0,0.03684544563293457,6.0,5.0,1.0
1893,explaGraphs,osrcd,counter,counter,4,3,4,3,3,1,0.9408373830437341,0.0,0.02058553695678711,4.0,3.0,1.0
1894,explaGraphs,osrcd,counter,counter,6,5,6,5,12,1,0.9423804338963709,0.0,0.03731036186218262,6.0,5.0,1.0
1895,explaGraphs,osrcd,support,support,4,3,4,3,4,1,0.9413207010131243,0.0,0.02139139175415039,4.0,3.0,1.0
1896,explaGraphs,osrcd,counter,counter,4,4,4,4,4,1,0.9630447225086889,0.0,0.021805763244628906,4.0,4.0,1.0
1897,explaGraphs,osrcd,counter,counter,5,5,5,5,8,1,0.9301360809100531,0.0,0.02767658233642578,5.0,5.0,1.0
1898,explaGraphs,osrcd,counter,counter,7,7,7,7,17,1,0.9297931294804056,0.0,0.05411338806152344,7.0,7.0,1.0
1899,explaGraphs,osrcd,counter,counter,5,4,5,4,6,1,0.9308797831724235,0.0,0.025104045867919922,5.0,4.0,1.0
1900,explaGraphs,osrcd,counter,counter,5,4,5,4,8,1,0.9503831901350959,0.0,0.027414798736572266,5.0,4.0,1.0
1901,explaGraphs,osrcd,support,support,4,3,4,3,4,1,0.9493477098613632,0.0,0.02070164680480957,4.0,3.0,1.0
1902,explaGraphs,osrcd,counter,counter,4,3,4,3,3,1,0.9321358475100081,0.0,0.020615816116333008,4.0,3.0,1.0
1903,explaGraphs,osrcd,support,support,8,7,8,7,21,1,0.9419165605844275,0.0,0.07066202163696289,8.0,7.0,1.0
1904,explaGraphs,osrcd,support,support,4,3,4,3,3,1,0.9641155077540274,0.0,0.02146148681640625,4.0,3.0,1.0
1905,explaGraphs,osrcd,support,support,4,3,4,3,3,1,0.9355936666992146,0.0,0.02003788948059082,4.0,3.0,1.0
1906,explaGraphs,osrcd,counter,counter,4,3,4,3,3,1,0.9494962372419223,0.0,0.021304607391357422,4.0,3.0,1.0
1907,explaGraphs,osrcd,counter,counter,6,5,6,5,13,1,0.9596858993235295,0.0,0.03916192054748535,6.0,5.0,1.0
1908,explaGraphs,osrcd,counter,counter,6,5,6,5,10,1,0.9351851924728637,0.0,0.03334641456604004,6.0,5.0,1.0
1909,explaGraphs,osrcd,counter,counter,4,3,4,3,4,1,0.9293304651047954,0.0,0.02160954475402832,4.0,3.0,1.0
1910,explaGraphs,osrcd,counter,counter,5,4,5,4,6,1,0.9440885666381734,0.0,0.024660110473632812,5.0,4.0,1.0
1911,explaGraphs,osrcd,counter,counter,4,3,4,3,3,1,0.9759171843324425,0.0,0.021088123321533203,4.0,3.0,1.0
1912,explaGraphs,osrcd,counter,counter,4,3,4,3,3,1,0.9620581301924996,0.0,0.020235061645507812,4.0,3.0,1.0
1913,explaGraphs,osrcd,support,support,5,4,5,4,6,1,0.9397765831149951,0.0,0.024186134338378906,5.0,4.0,1.0
1914,explaGraphs,osrcd,counter,counter,5,4,5,4,9,1,0.9107233868813752,0.0,0.028618335723876953,5.0,4.0,1.0
1915,explaGraphs,osrcd,support,support,7,6,7,6,16,1,0.9418077313407612,0.0,0.05128622055053711,7.0,6.0,1.0
1916,explaGraphs,osrcd,counter,counter,4,3,4,3,4,1,0.9575905343148298,0.0,0.021190643310546875,4.0,3.0,1.0
1917,explaGraphs,osrcd,counter,counter,5,4,5,4,6,1,0.951592385385719,0.0,0.024431467056274414,5.0,4.0,1.0
1918,explaGraphs,osrcd,counter,counter,5,4,5,4,8,1,0.9486339361238447,0.0,0.028151750564575195,5.0,4.0,1.0
1919,explaGraphs,osrcd,counter,counter,6,5,6,5,10,1,0.9490592184311102,0.0,0.03329205513000488,6.0,5.0,1.0
1920,explaGraphs,osrcd,support,support,4,3,4,3,3,1,0.9611704611410178,0.0,0.021056413650512695,4.0,3.0,1.0
1921,explaGraphs,osrcd,counter,counter,4,3,4,3,3,1,0.9481160375831412,0.0,0.022325992584228516,4.0,3.0,1.0
1922,explaGraphs,osrcd,counter,counter,4,3,4,3,3,1,0.9700756255492614,0.0,0.02080821990966797,4.0,3.0,1.0
1923,explaGraphs,osrcd,counter,counter,8,7,8,7,20,1,0.9551669668176916,0.0,0.07198357582092285,8.0,7.0,1.0
1924,explaGraphs,osrcd,counter,counter,5,4,5,4,8,1,0.9506178503122127,0.0,0.028167247772216797,5.0,4.0,1.0
1925,explaGraphs,osrcd,counter,counter,6,5,6,5,12,1,0.9638586386225306,0.0,0.03676605224609375,6.0,5.0,1.0
1926,explaGraphs,osrcd,counter,counter,4,3,4,3,3,1,0.9753515203017973,0.0,0.02087569236755371,4.0,3.0,1.0
1927,explaGraphs,osrcd,counter,counter,4,4,4,4,4,1,0.9473070736135772,0.0,0.02163243293762207,4.0,4.0,1.0
1928,explaGraphs,osrcd,counter,counter,5,4,5,4,8,1,0.9270730273459056,0.0,0.02748417854309082,5.0,4.0,1.0
1929,explaGraphs,osrcd,counter,counter,8,7,8,7,20,1,0.940074440345392,0.0,0.07008028030395508,8.0,7.0,1.0
1930,explaGraphs,osrcd,counter,counter,5,4,5,4,8,1,0.9423154729699377,0.0,0.028340578079223633,5.0,4.0,1.0
1931,explaGraphs,osrcd,counter,counter,6,5,6,5,10,1,0.960642659247727,0.0,0.03294968605041504,6.0,5.0,1.0
1932,explaGraphs,osrcd,counter,counter,5,4,5,4,9,1,0.927722598655784,0.0,0.0289306640625,5.0,4.0,1.0
1933,explaGraphs,osrcd,counter,counter,6,5,6,5,12,1,0.9511218902094803,0.0,0.0371546745300293,6.0,5.0,1.0
1934,explaGraphs,osrcd,counter,counter,7,6,7,6,16,1,0.9491469993062903,0.0,0.05262613296508789,7.0,6.0,1.0
1935,explaGraphs,osrcd,support,support,7,6,7,6,16,1,0.94857259493051,0.0,0.05139946937561035,7.0,6.0,1.0
1936,explaGraphs,osrcd,support,support,7,6,7,6,16,1,0.960995977409119,0.0,0.051755428314208984,7.0,6.0,1.0
1937,explaGraphs,osrcd,counter,counter,5,4,5,4,8,1,0.9836082327831169,0.0,0.02769923210144043,5.0,4.0,1.0
1938,explaGraphs,osrcd,counter,counter,5,4,5,4,6,1,0.9459088547586385,0.0,0.02520155906677246,5.0,4.0,1.0
1939,explaGraphs,osrcd,counter,counter,5,5,5,5,9,1,0.958307504049131,0.0,0.029718399047851562,5.0,5.0,1.0
1940,explaGraphs,osrcd,support,support,6,5,6,5,10,1,0.9450530618490239,0.0,0.03287792205810547,6.0,5.0,1.0
1941,explaGraphs,osrcd,counter,counter,6,6,6,6,13,1,0.9346483479358259,0.0,0.04003787040710449,6.0,6.0,1.0
1942,explaGraphs,osrcd,support,support,8,8,8,8,21,1,0.925719630738025,0.0,0.07209324836730957,8.0,8.0,1.0
1943,explaGraphs,osrcd,counter,counter,4,3,4,3,3,1,0.9420587913069494,0.0,0.02089667320251465,4.0,3.0,1.0
1944,explaGraphs,osrcd,support,support,6,5,6,5,10,1,0.9242082910810867,0.0,0.03276872634887695,6.0,5.0,1.0
1945,explaGraphs,osrcd,counter,counter,5,4,5,4,8,1,0.9379382751738511,0.0,0.027950763702392578,5.0,4.0,1.0
1946,explaGraphs,osrcd,counter,counter,4,3,4,3,3,1,0.9679737348658094,0.0,0.02069997787475586,4.0,3.0,1.0
1947,explaGraphs,osrcd,counter,counter,4,3,4,3,3,1,0.9521357205659734,0.0,0.02015519142150879,4.0,3.0,1.0
1948,explaGraphs,osrcd,counter,counter,8,7,8,7,20,1,0.9498665846626434,0.0,0.07148480415344238,8.0,7.0,1.0
1949,explaGraphs,osrcd,support,support,5,4,5,4,8,1,0.9513812693457131,0.0,0.02840423583984375,5.0,4.0,1.0
1950,explaGraphs,osrcd,counter,counter,5,5,5,5,9,1,0.9557001746553486,0.0,0.035083770751953125,5.0,5.0,1.0
1951,explaGraphs,osrcd,counter,counter,7,6,7,6,17,1,0.9491899172787241,0.0,0.05354571342468262,7.0,6.0,1.0
1952,explaGraphs,osrcd,counter,counter,4,3,4,3,4,1,0.9269770471245015,0.0,0.02202463150024414,4.0,3.0,1.0
1953,explaGraphs,osrcd,counter,counter,4,3,4,3,4,1,0.9250982951646373,0.0,0.021816253662109375,4.0,3.0,1.0
1954,explaGraphs,osrcd,support,support,5,4,5,4,8,1,0.948269877789501,0.0,0.027283191680908203,5.0,4.0,1.0
1955,explaGraphs,osrcd,support,support,4,3,4,3,4,1,0.9470028724746287,0.0,0.02236151695251465,4.0,3.0,1.0
1956,explaGraphs,osrcd,counter,counter,6,5,6,5,12,1,0.9539583958634603,0.0,0.03690218925476074,6.0,5.0,1.0
1957,explaGraphs,osrcd,support,support,6,5,6,5,13,1,0.9594358371446478,0.0,0.03916645050048828,6.0,5.0,1.0
1958,explaGraphs,osrcd,counter,counter,6,5,6,5,12,1,0.968608229192849,0.0,0.037157297134399414,6.0,5.0,1.0
1959,explaGraphs,osrcd,counter,counter,6,5,6,5,10,1,0.953249512911217,0.0,0.03398752212524414,6.0,5.0,1.0
1960,explaGraphs,osrcd,counter,counter,4,3,4,3,4,1,0.9547706643716085,0.0,0.02062511444091797,4.0,3.0,1.0
1961,explaGraphs,osrcd,support,support,4,4,4,4,4,1,0.9798040807154405,0.0,0.021547555923461914,4.0,4.0,1.0
1962,explaGraphs,osrcd,counter,counter,5,4,5,4,8,1,0.9747905346386049,0.0,0.026916980743408203,5.0,4.0,1.0
1963,explaGraphs,osrcd,counter,counter,5,4,5,4,8,1,0.9590143040146623,0.0,0.027155160903930664,5.0,4.0,1.0
1964,explaGraphs,osrcd,counter,counter,4,3,4,3,3,1,0.9674989796856743,0.0,0.02077627182006836,4.0,3.0,1.0
1965,explaGraphs,osrcd,support,support,4,3,4,3,4,1,0.9639254748189986,0.0,0.021546125411987305,4.0,3.0,1.0
1966,explaGraphs,osrcd,counter,counter,5,4,5,4,8,1,0.9505845104760628,0.0,0.027386903762817383,5.0,4.0,1.0
1967,explaGraphs,osrcd,counter,counter,4,3,4,3,3,1,0.9537253766128503,0.0,0.02084517478942871,4.0,3.0,1.0
1968,explaGraphs,osrcd,support,support,4,3,4,3,3,1,0.9713232328809956,0.0,0.020577192306518555,4.0,3.0,1.0
1969,explaGraphs,osrcd,counter,counter,4,3,4,3,3,1,0.9805362337343416,0.0,0.019522905349731445,4.0,3.0,1.0
1970,explaGraphs,osrcd,counter,counter,6,5,6,5,10,1,0.9397132639196517,0.0,0.03296709060668945,6.0,5.0,1.0
1971,explaGraphs,osrcd,counter,counter,8,8,8,8,21,1,0.9548364625284028,0.0,0.07422208786010742,8.0,8.0,1.0
1972,explaGraphs,osrcd,counter,counter,5,4,5,4,8,1,0.956098947715602,0.0,0.02841925621032715,5.0,4.0,1.0
1973,explaGraphs,osrcd,support,support,5,4,5,4,8,1,0.967946983310598,0.0,0.02452397346496582,5.0,4.0,1.0
1974,explaGraphs,osrcd,counter,counter,5,4,5,4,8,1,0.9429825596961323,0.0,0.027571678161621094,5.0,4.0,1.0
1975,explaGraphs,osrcd,counter,counter,5,4,5,4,6,1,0.9636351762283668,0.0,0.02467203140258789,5.0,4.0,1.0
1976,explaGraphs,osrcd,counter,counter,8,7,8,7,20,1,0.9709988496912031,0.0,0.07093453407287598,8.0,7.0,1.0
1977,explaGraphs,osrcd,counter,counter,6,6,6,6,13,1,0.9446678976333426,0.0,0.04060840606689453,6.0,6.0,1.0
1978,explaGraphs,osrcd,counter,counter,6,5,6,5,10,1,0.9518834770939779,0.0,0.03384041786193848,6.0,5.0,1.0
1979,explaGraphs,osrcd,support,support,6,5,6,5,12,1,0.9302872290614872,0.0,0.036989688873291016,6.0,5.0,1.0
1980,explaGraphs,osrcd,counter,counter,4,3,4,3,3,1,0.9392495425515024,0.0,0.021088123321533203,4.0,3.0,1.0
1981,explaGraphs,osrcd,counter,counter,4,3,4,3,4,1,0.9663496392957845,0.0,0.02130866050720215,4.0,3.0,1.0
1982,explaGraphs,osrcd,counter,counter,6,5,6,5,12,1,0.9754910549346851,0.0,0.03728032112121582,6.0,5.0,1.0
1983,explaGraphs,osrcd,counter,counter,4,3,4,3,3,1,0.9396499523936658,0.0,0.0209200382232666,4.0,3.0,1.0
1984,explaGraphs,osrcd,support,support,7,6,7,6,17,1,0.9474836155156037,0.0,0.05298900604248047,7.0,6.0,1.0
1985,explaGraphs,osrcd,support,support,7,6,7,6,16,1,0.9374276314071321,0.0,0.05169415473937988,7.0,6.0,1.0
1986,explaGraphs,osrcd,support,support,6,5,6,5,12,1,0.9477637361699869,0.0,0.03739023208618164,6.0,5.0,1.0
1987,explaGraphs,osrcd,support,support,4,3,4,3,3,1,0.9375513297648601,0.0,0.0214080810546875,4.0,3.0,1.0
1988,explaGraphs,osrcd,support,support,5,4,5,4,8,1,0.9440808213051448,0.0,0.027893781661987305,5.0,4.0,1.0
1989,explaGraphs,osrcd,counter,counter,7,6,7,6,17,1,0.9480094859644341,0.0,0.053524017333984375,7.0,6.0,1.0
1990,explaGraphs,osrcd,counter,counter,6,5,6,5,12,1,0.9508303011695278,0.0,0.037832021713256836,6.0,5.0,1.0
1991,explaGraphs,osrcd,counter,counter,6,5,6,5,10,1,0.9641194085260828,0.0,0.03335165977478027,6.0,5.0,1.0
1992,explaGraphs,osrcd,counter,counter,4,3,4,3,3,1,0.9575187021344614,0.0,0.019436120986938477,4.0,3.0,1.0
1993,explaGraphs,osrcd,support,support,6,5,6,5,10,1,0.9521544182814873,0.0,0.03347897529602051,6.0,5.0,1.0
1994,explaGraphs,osrcd,counter,counter,5,4,5,4,6,1,0.9552440435668669,0.0,0.024873971939086914,5.0,4.0,1.0
1995,explaGraphs,osrcd,counter,counter,4,3,4,3,3,1,0.9429263265588373,0.0,0.021077871322631836,4.0,3.0,1.0
1996,explaGraphs,osrcd,counter,counter,7,6,7,6,16,1,0.9594833155286869,0.0,0.05061054229736328,7.0,6.0,1.0
1997,explaGraphs,osrcd,support,support,5,4,5,4,8,1,0.9225310712315407,0.0,0.027576446533203125,5.0,4.0,1.0
1998,explaGraphs,osrcd,counter,counter,5,4,5,4,6,1,0.9801592559873252,0.0,0.024655580520629883,5.0,4.0,1.0
1999,explaGraphs,osrcd,counter,counter,4,3,4,3,3,1,0.940039756463013,0.0,0.0196990966796875,4.0,3.0,1.0
2000,explaGraphs,osrcd,support,support,4,3,4,3,3,1,0.9525594840261743,0.0,0.020822763442993164,4.0,3.0,1.0
2001,explaGraphs,osrcd,counter,counter,8,8,8,8,21,1,0.9544384515320148,0.0,0.07522821426391602,8.0,8.0,1.0
2002,explaGraphs,osrcd,counter,counter,6,5,6,5,12,1,0.9312519933423224,0.0,0.03803658485412598,6.0,5.0,1.0
2003,explaGraphs,osrcd,counter,counter,4,3,4,3,3,1,0.9639215592065489,0.0,0.021220922470092773,4.0,3.0,1.0
2004,explaGraphs,osrcd,counter,counter,5,4,5,4,6,1,0.9504995455854911,0.0,0.024428129196166992,5.0,4.0,1.0
2005,explaGraphs,osrcd,counter,counter,6,5,6,5,12,1,0.9589538973743662,0.0,0.037229061126708984,6.0,5.0,1.0
2006,explaGraphs,osrcd,counter,counter,6,5,6,5,10,1,0.9630870661619557,0.0,0.03318905830383301,6.0,5.0,1.0
2007,explaGraphs,osrcd,counter,counter,7,6,7,6,16,1,0.9558418086706514,0.0,0.0506587028503418,7.0,6.0,1.0
2008,explaGraphs,osrcd,counter,counter,4,3,4,3,3,1,0.9508087924993784,0.0,0.02123570442199707,4.0,3.0,1.0
2009,explaGraphs,osrcd,support,support,4,3,4,3,3,1,0.9531906441577344,0.0,0.020843505859375,4.0,3.0,1.0
2010,explaGraphs,osrcd,counter,counter,5,4,5,4,8,1,0.9623745396575998,0.0,0.027285099029541016,5.0,4.0,1.0
2011,explaGraphs,osrcd,counter,counter,5,4,5,4,8,1,0.9496376590645326,0.0,0.027008771896362305,5.0,4.0,1.0
2012,explaGraphs,osrcd,counter,counter,5,4,5,4,8,1,0.946182683102196,0.0,0.027593612670898438,5.0,4.0,1.0
2013,explaGraphs,osrcd,counter,counter,6,5,6,5,13,1,0.9305717403431414,0.0,0.039099931716918945,6.0,5.0,1.0
2014,explaGraphs,osrcd,counter,counter,6,5,6,5,12,1,0.9436013303409908,0.0,0.037732601165771484,6.0,5.0,1.0
2015,explaGraphs,osrcd,counter,counter,6,5,6,5,13,1,0.9665108523681937,0.0,0.038928985595703125,6.0,5.0,1.0
2016,explaGraphs,osrcd,support,support,5,4,5,4,8,1,0.9552597988050482,0.0,0.027729511260986328,5.0,4.0,1.0
2017,explaGraphs,osrcd,counter,counter,5,4,5,4,6,1,0.9515398451485477,0.0,0.025300979614257812,5.0,4.0,1.0
2018,explaGraphs,osrcd,counter,counter,4,3,4,3,4,1,0.9393215710543618,0.0,0.02097153663635254,4.0,3.0,1.0
2019,explaGraphs,osrcd,support,support,4,3,4,3,3,1,0.9673483786233991,0.0,0.020830154418945312,4.0,3.0,1.0
2020,explaGraphs,osrcd,counter,counter,6,5,6,5,10,1,0.9447979013421104,0.0,0.032941579818725586,6.0,5.0,1.0
2021,explaGraphs,osrcd,support,support,5,4,5,4,6,1,0.9350615870193664,0.0,0.024644851684570312,5.0,4.0,1.0
2022,explaGraphs,osrcd,counter,counter,7,6,7,6,16,1,0.9434446636506069,0.0,0.05029177665710449,7.0,6.0,1.0
2023,explaGraphs,osrcd,support,support,5,4,5,4,6,1,0.9405489202162219,0.0,0.024621248245239258,5.0,4.0,1.0
2024,explaGraphs,osrcd,counter,counter,6,6,6,6,13,1,0.9639360581721267,0.0,0.0394587516784668,6.0,6.0,1.0
2025,explaGraphs,osrcd,counter,counter,4,3,4,3,4,1,0.933474288514518,0.0,0.02174234390258789,4.0,3.0,1.0
2026,explaGraphs,osrcd,counter,counter,4,3,4,3,3,1,0.9471828157195531,0.0,0.02027583122253418,4.0,3.0,1.0
2027,explaGraphs,osrcd,counter,counter,5,4,5,4,6,1,0.9412670596681005,0.0,0.024778127670288086,5.0,4.0,1.0
2028,explaGraphs,osrcd,counter,counter,6,5,6,5,10,1,0.9610306822887031,0.0,0.0327916145324707,6.0,5.0,1.0
2029,explaGraphs,osrcd,support,support,4,3,4,3,3,1,0.9379759316759421,0.0,0.0209200382232666,4.0,3.0,1.0
2030,explaGraphs,osrcd,counter,counter,4,3,4,3,3,1,0.9415124131469379,0.0,0.02070450782775879,4.0,3.0,1.0
2031,explaGraphs,osrcd,counter,counter,7,6,7,6,17,1,0.9383467426304174,0.0,0.0535430908203125,7.0,6.0,1.0
2032,explaGraphs,osrcd,support,support,9,8,9,8,24,1,0.9536532995482292,0.0,0.10200381278991699,9.0,8.0,1.0
2033,explaGraphs,osrcd,support,support,6,5,6,5,10,1,0.9745837385037126,0.0,0.0331730842590332,6.0,5.0,1.0
2034,explaGraphs,osrcd,counter,counter,4,3,4,3,4,1,0.9032614061553743,0.0,0.02198004722595215,4.0,3.0,1.0
2035,explaGraphs,osrcd,counter,counter,4,3,4,3,3,1,0.9375573092301686,0.0,0.020705461502075195,4.0,3.0,1.0
2036,explaGraphs,osrcd,counter,counter,8,7,8,7,20,1,0.9604680278129978,0.0,0.06911730766296387,8.0,7.0,1.0
2037,explaGraphs,osrcd,counter,counter,4,3,4,3,3,1,0.958648642660372,0.0,0.021100759506225586,4.0,3.0,1.0
2038,explaGraphs,osrcd,counter,counter,4,3,4,3,4,1,0.946380059071219,0.0,0.02136993408203125,4.0,3.0,1.0
2039,explaGraphs,osrcd,counter,counter,4,3,4,3,3,1,0.9214585748067621,0.0,0.021013975143432617,4.0,3.0,1.0
2040,explaGraphs,osrcd,counter,counter,6,5,6,5,10,1,0.9405474853984879,0.0,0.03400897979736328,6.0,5.0,1.0
2041,explaGraphs,osrcd,counter,counter,7,6,7,6,16,1,0.9458098251410635,0.0,0.05727195739746094,7.0,6.0,1.0
2042,explaGraphs,osrcd,support,support,6,5,6,5,13,1,0.9650636201405305,0.0,0.0387728214263916,6.0,5.0,1.0
2043,explaGraphs,osrcd,counter,counter,4,3,4,3,3,1,0.9239617388269297,0.0,0.020882844924926758,4.0,3.0,1.0
2044,explaGraphs,osrcd,counter,counter,6,6,6,6,13,1,0.9560897024005011,0.0,0.03950214385986328,6.0,6.0,1.0
2045,explaGraphs,osrcd,counter,counter,4,3,4,3,4,1,0.9385093267974534,0.0,0.020959138870239258,4.0,3.0,1.0
2046,explaGraphs,osrcd,counter,counter,4,3,4,3,4,1,0.9669809430632322,0.0,0.0214846134185791,4.0,3.0,1.0
2047,explaGraphs,osrcd,counter,counter,6,5,6,5,12,1,0.9293201238349755,0.0,0.0433802604675293,6.0,5.0,1.0
2048,explaGraphs,osrcd,counter,counter,6,5,6,5,12,1,0.9745290327629144,0.0,0.03656506538391113,6.0,5.0,1.0
2049,explaGraphs,osrcd,counter,counter,5,4,5,4,6,1,0.9619320454001057,0.0,0.024677753448486328,5.0,4.0,1.0
2050,explaGraphs,osrcd,counter,counter,5,4,5,4,6,1,0.9557769252739161,0.0,0.024660587310791016,5.0,4.0,1.0
2051,explaGraphs,osrcd,counter,counter,6,5,6,5,10,1,0.9559280067737708,0.0,0.032923221588134766,6.0,5.0,1.0
2052,explaGraphs,osrcd,counter,counter,4,3,4,3,4,1,0.9631122172196788,0.0,0.021489858627319336,4.0,3.0,1.0
2053,explaGraphs,osrcd,counter,counter,7,6,7,6,14,1,0.9637653377637432,0.0,0.045996904373168945,7.0,6.0,1.0
2054,explaGraphs,osrcd,counter,counter,4,3,4,3,3,1,0.94176780509799,0.0,0.02087545394897461,4.0,3.0,1.0
2055,explaGraphs,osrcd,counter,counter,4,3,4,3,4,1,0.9419810941143478,0.0,0.02155900001525879,4.0,3.0,1.0
2056,explaGraphs,osrcd,support,support,4,3,4,3,3,1,0.9242740646699824,0.0,0.02064990997314453,4.0,3.0,1.0
2057,explaGraphs,osrcd,counter,counter,4,3,4,3,3,1,0.9571280046923971,0.0,0.02058553695678711,4.0,3.0,1.0
2058,explaGraphs,osrcd,counter,counter,4,3,4,3,4,1,0.943254757561873,0.0,0.021335840225219727,4.0,3.0,1.0
2059,explaGraphs,osrcd,counter,counter,5,4,5,4,8,1,0.9552407882126934,0.0,0.027411222457885742,5.0,4.0,1.0
2060,explaGraphs,osrcd,counter,counter,4,3,4,3,3,1,0.9526562537739554,0.0,0.020679473876953125,4.0,3.0,1.0
2061,explaGraphs,osrcd,counter,counter,4,3,4,3,3,1,0.9420702844420891,0.0,0.021192073822021484,4.0,3.0,1.0
2062,explaGraphs,osrcd,counter,counter,4,3,4,3,3,1,0.9564972509028997,0.0,0.02053093910217285,4.0,3.0,1.0
2063,explaGraphs,osrcd,counter,counter,4,3,4,3,3,1,0.9410308988014322,0.0,0.020593643188476562,4.0,3.0,1.0
2064,explaGraphs,osrcd,counter,counter,6,5,6,5,12,1,0.9441175998068241,0.0,0.03729867935180664,6.0,5.0,1.0
2065,explaGraphs,osrcd,counter,counter,4,3,4,3,3,1,0.9805936727467346,0.0,0.02049851417541504,4.0,3.0,1.0
2066,explaGraphs,osrcd,counter,counter,6,5,6,5,10,1,0.9676443563245257,0.0,0.03267693519592285,6.0,5.0,1.0
2067,explaGraphs,osrcd,support,support,7,6,7,6,16,1,0.9558776191622242,0.0,0.051804304122924805,7.0,6.0,1.0
2068,explaGraphs,osrcd,counter,counter,6,5,6,5,10,1,0.9604000428526196,0.0,0.03339242935180664,6.0,5.0,1.0
2069,explaGraphs,osrcd,counter,counter,7,6,7,6,16,1,0.9355304514781105,0.0,0.05114626884460449,7.0,6.0,1.0
2070,explaGraphs,osrcd,support,support,5,4,5,4,6,1,0.9653827936926106,0.0,0.02464771270751953,5.0,4.0,1.0
2071,explaGraphs,osrcd,counter,counter,5,4,5,4,9,1,0.9516287762374612,0.0,0.028482913970947266,5.0,4.0,1.0
2072,explaGraphs,osrcd,counter,counter,5,5,5,5,9,1,0.9468672983283449,0.0,0.028647899627685547,5.0,5.0,1.0
2073,explaGraphs,osrcd,counter,counter,4,3,4,3,3,1,0.9322655374050361,0.0,0.020691394805908203,4.0,3.0,1.0
2074,explaGraphs,osrcd,counter,counter,4,3,4,3,4,1,0.9490397914678926,0.0,0.020558595657348633,4.0,3.0,1.0
2075,explaGraphs,osrcd,support,support,4,3,4,3,4,1,0.9782901271110293,0.0,0.021454811096191406,4.0,3.0,1.0
2076,explaGraphs,osrcd,counter,counter,5,4,5,4,8,1,0.9612055871875785,0.0,0.026973962783813477,5.0,4.0,1.0
2077,explaGraphs,osrcd,counter,counter,5,4,5,4,8,1,0.9386865678577256,0.0,0.027658462524414062,5.0,4.0,1.0
2078,explaGraphs,osrcd,support,support,6,5,6,5,12,1,0.9384894198060564,0.0,0.0376286506652832,6.0,5.0,1.0
2079,explaGraphs,osrcd,counter,counter,4,4,4,4,5,1,0.9746785489376139,0.0,0.02283191680908203,4.0,4.0,1.0
2080,explaGraphs,osrcd,counter,counter,5,4,5,4,9,1,0.9453469425312605,0.0,0.029139280319213867,5.0,4.0,1.0
2081,explaGraphs,osrcd,support,support,4,3,4,3,3,1,0.9589511360050509,0.0,0.019716978073120117,4.0,3.0,1.0
2082,explaGraphs,osrcd,counter,counter,6,5,6,5,12,1,0.9625621530643276,0.0,0.03709602355957031,6.0,5.0,1.0
2083,explaGraphs,osrcd,support,support,8,7,8,7,21,1,0.9366580839537231,0.0,0.07273435592651367,8.0,7.0,1.0
2084,explaGraphs,osrcd,support,support,5,4,5,4,8,1,0.9689921107644652,0.0,0.02825474739074707,5.0,4.0,1.0
2085,explaGraphs,osrcd,counter,counter,4,3,4,3,3,1,0.9622561391359422,0.0,0.02082967758178711,4.0,3.0,1.0
2086,explaGraphs,osrcd,counter,counter,5,4,5,4,8,1,0.9687817615458417,0.0,0.027510643005371094,5.0,4.0,1.0
2087,explaGraphs,osrcd,counter,counter,4,3,4,3,4,1,0.9555018461983309,0.0,0.020920753479003906,4.0,3.0,1.0
2088,explaGraphs,osrcd,counter,counter,6,5,6,5,13,1,0.9691697671618765,0.0,0.03934669494628906,6.0,5.0,1.0
2089,explaGraphs,osrcd,counter,counter,6,5,6,5,10,1,0.9653011048285752,0.0,0.033045053482055664,6.0,5.0,1.0
2090,explaGraphs,osrcd,counter,counter,5,4,5,4,8,1,0.9533412591806109,0.0,0.027616500854492188,5.0,4.0,1.0
2091,explaGraphs,osrcd,support,support,5,4,5,4,6,1,0.9543997915131512,0.0,0.02451634407043457,5.0,4.0,1.0
2092,explaGraphs,osrcd,counter,counter,4,3,4,3,3,1,0.9176239119893935,0.0,0.0214846134185791,4.0,3.0,1.0
2093,explaGraphs,osrcd,counter,counter,5,4,5,4,6,1,0.9355556216810561,0.0,0.024021148681640625,5.0,4.0,1.0
2094,explaGraphs,osrcd,support,support,6,5,6,5,12,1,0.9395511846969433,0.0,0.036969661712646484,6.0,5.0,1.0
2095,explaGraphs,osrcd,support,support,5,4,5,4,6,1,0.9441558636075978,0.0,0.024779558181762695,5.0,4.0,1.0
2096,explaGraphs,osrcd,counter,counter,4,3,4,3,3,1,0.9496065439449414,0.0,0.020758628845214844,4.0,3.0,1.0
2097,explaGraphs,osrcd,counter,counter,4,3,4,3,3,1,0.9406507313077263,0.0,0.020758628845214844,4.0,3.0,1.0
2098,explaGraphs,osrcd,counter,counter,8,8,8,8,21,1,0.9328598072968742,0.0,0.07304000854492188,8.0,8.0,1.0
2099,explaGraphs,osrcd,counter,counter,6,5,6,5,10,1,0.9594214865809978,0.0,0.03386664390563965,6.0,5.0,1.0
2100,explaGraphs,osrcd,counter,counter,5,4,5,4,8,1,0.9260210156873474,0.0,0.027692556381225586,5.0,4.0,1.0
2101,explaGraphs,osrcd,counter,counter,4,3,4,3,3,1,0.953342445722797,0.0,0.018979310989379883,4.0,3.0,1.0
2102,explaGraphs,osrcd,support,support,4,3,4,3,3,1,0.9590545949785708,0.0,0.019543170928955078,4.0,3.0,1.0
2103,explaGraphs,osrcd,counter,counter,5,4,5,4,8,1,0.9604726246352098,0.0,0.02754807472229004,5.0,4.0,1.0
2104,explaGraphs,osrcd,counter,counter,7,6,7,6,17,1,0.9542021422763357,0.0,0.053839921951293945,7.0,6.0,1.0
2105,explaGraphs,osrcd,counter,counter,5,4,5,4,8,1,0.9349697359823762,0.0,0.027964353561401367,5.0,4.0,1.0
2106,explaGraphs,osrcd,support,support,5,4,5,4,6,1,0.9602999018188146,0.0,0.024634599685668945,5.0,4.0,1.0
2107,explaGraphs,osrcd,support,support,8,7,8,7,21,1,0.9366977142194199,0.0,0.08081865310668945,8.0,7.0,1.0
2108,explaGraphs,osrcd,counter,counter,6,5,6,5,13,1,0.9698434727479656,0.0,0.03957939147949219,6.0,5.0,1.0
2109,explaGraphs,osrcd,counter,counter,6,5,6,5,12,1,0.9601968176090995,0.0,0.037140607833862305,6.0,5.0,1.0
2110,explaGraphs,osrcd,support,support,7,6,7,6,17,1,0.9485124946288731,0.0,0.05290341377258301,7.0,6.0,1.0
2111,explaGraphs,osrcd,counter,counter,5,4,5,4,6,1,0.9519522531242938,0.0,0.025065898895263672,5.0,4.0,1.0
2112,explaGraphs,osrcd,counter,counter,4,3,4,3,4,1,0.9487593656729916,0.0,0.021461009979248047,4.0,3.0,1.0
2113,explaGraphs,osrcd,support,support,5,4,5,4,6,1,0.9611705961519721,0.0,0.02445840835571289,5.0,4.0,1.0
2114,explaGraphs,osrcd,support,support,4,3,4,3,4,1,0.9587052878982287,0.0,0.021546363830566406,4.0,3.0,1.0
2115,explaGraphs,osrcd,support,support,9,8,9,8,25,2,0.9781443860174321,0.8544015045375426,0.09873223304748535,9.0,8.0,1.0
2116,explaGraphs,osrcd,counter,counter,4,3,4,3,4,1,0.9703912628769322,0.0,0.021967649459838867,4.0,3.0,1.0
2117,explaGraphs,osrcd,counter,counter,5,4,5,4,8,1,0.95555409844091,0.0,0.0285952091217041,5.0,4.0,1.0
2118,explaGraphs,osrcd,counter,counter,5,4,5,4,6,1,0.9705039995651786,0.0,0.0247039794921875,5.0,4.0,1.0
2119,explaGraphs,osrcd,counter,counter,4,3,4,3,4,1,0.9771051921582377,0.0,0.021515607833862305,4.0,3.0,1.0
2120,explaGraphs,osrcd,counter,counter,5,4,5,4,8,1,0.9322072453536363,0.0,0.027225494384765625,5.0,4.0,1.0
2121,explaGraphs,osrcd,counter,counter,4,3,4,3,4,1,0.9270553347617507,0.0,0.0216219425201416,4.0,3.0,1.0
2122,explaGraphs,osrcd,counter,counter,5,4,5,4,8,1,0.949826511327725,0.0,0.027350425720214844,5.0,4.0,1.0
2123,explaGraphs,osrcd,support,support,4,3,4,3,3,1,0.9379611092015118,0.0,0.020645618438720703,4.0,3.0,1.0
2124,explaGraphs,osrcd,counter,counter,4,3,4,3,3,1,0.9536139965479336,0.0,0.020697593688964844,4.0,3.0,1.0
2125,explaGraphs,osrcd,counter,counter,6,5,6,5,13,1,0.9647723817063936,0.0,0.03929781913757324,6.0,5.0,1.0
2126,explaGraphs,osrcd,support,support,4,3,4,3,3,1,0.9479555766735294,0.0,0.02074885368347168,4.0,3.0,1.0
2127,explaGraphs,osrcd,counter,counter,5,4,5,4,6,1,0.9461168636217283,0.0,0.024420976638793945,5.0,4.0,1.0
2128,explaGraphs,osrcd,counter,counter,5,4,5,4,6,1,0.9574015774558591,0.0,0.02411937713623047,5.0,4.0,1.0
2129,explaGraphs,osrcd,counter,counter,6,5,6,5,10,1,0.9389854135861002,0.0,0.0323023796081543,6.0,5.0,1.0
2130,explaGraphs,osrcd,counter,counter,5,4,5,4,9,1,0.9586028415440928,0.0,0.02915811538696289,5.0,4.0,1.0
2131,explaGraphs,osrcd,support,support,7,6,7,6,17,1,0.95441131417936,0.0,0.05284905433654785,7.0,6.0,1.0
2132,explaGraphs,osrcd,counter,counter,5,4,5,4,8,1,0.9638966745123303,0.0,0.027272462844848633,5.0,4.0,1.0
2133,explaGraphs,osrcd,counter,counter,6,5,6,5,10,1,0.9646772604416562,0.0,0.03286623954772949,6.0,5.0,1.0
2134,explaGraphs,osrcd,counter,counter,5,4,5,4,8,1,0.9483520351955311,0.0,0.02803325653076172,5.0,4.0,1.0
2135,explaGraphs,osrcd,counter,counter,5,4,5,4,6,1,0.9674021857452675,0.0,0.0245974063873291,5.0,4.0,1.0
2136,explaGraphs,osrcd,counter,counter,7,6,7,6,14,1,0.9477922545193426,0.0,0.04508614540100098,7.0,6.0,1.0
2137,explaGraphs,osrcd,counter,counter,5,5,5,5,8,1,0.956592747106087,0.0,0.02827000617980957,5.0,5.0,1.0
2138,explaGraphs,osrcd,counter,counter,9,8,9,8,24,1,0.9589630749923497,0.0,0.10038256645202637,9.0,8.0,1.0
2139,explaGraphs,osrcd,counter,counter,8,7,8,7,21,1,0.9584394578588599,0.0,0.08040904998779297,8.0,7.0,1.0
2140,explaGraphs,osrcd,counter,counter,4,3,4,3,4,1,0.9573231516109205,0.0,0.021317243576049805,4.0,3.0,1.0
2141,explaGraphs,osrcd,counter,counter,4,3,4,3,4,1,0.9860268420939368,0.0,0.019757986068725586,4.0,3.0,1.0
2142,explaGraphs,osrcd,support,support,5,4,5,4,6,1,0.9639400256814621,0.0,0.024181365966796875,5.0,4.0,1.0
2143,explaGraphs,osrcd,counter,counter,5,4,5,4,9,1,0.9464167815526593,0.0,0.02853703498840332,5.0,4.0,1.0
2144,explaGraphs,osrcd,counter,counter,4,3,4,3,4,1,0.9560206274467361,0.0,0.021641016006469727,4.0,3.0,1.0
2145,explaGraphs,osrcd,counter,counter,4,3,4,3,3,1,0.965937738163092,0.0,0.019852638244628906,4.0,3.0,1.0
2146,explaGraphs,osrcd,counter,counter,4,3,4,3,3,1,0.9572988034212071,0.0,0.0205991268157959,4.0,3.0,1.0
2147,explaGraphs,osrcd,counter,counter,4,3,4,3,3,1,0.9354526410215369,0.0,0.021437406539916992,4.0,3.0,1.0
2148,explaGraphs,osrcd,support,support,6,5,6,5,10,1,0.9622574740181244,0.0,0.03380084037780762,6.0,5.0,1.0
2149,explaGraphs,osrcd,counter,counter,4,3,4,3,4,1,0.9727389513055611,0.0,0.020538806915283203,4.0,3.0,1.0
2150,explaGraphs,osrcd,support,support,6,5,6,5,12,1,0.9629927399768022,0.0,0.03662443161010742,6.0,5.0,1.0
2151,explaGraphs,osrcd,counter,counter,5,4,5,4,6,1,0.9394327005131986,0.0,0.024792909622192383,5.0,4.0,1.0
2152,explaGraphs,osrcd,support,support,6,5,6,5,12,1,0.9485846389083821,0.0,0.03724384307861328,6.0,5.0,1.0
2153,explaGraphs,osrcd,counter,counter,5,4,5,4,6,1,0.9489603596642883,0.0,0.0246884822845459,5.0,4.0,1.0
2154,explaGraphs,osrcd,counter,counter,4,3,4,3,4,1,0.9558309346861439,0.0,0.021070241928100586,4.0,3.0,1.0
2155,explaGraphs,osrcd,counter,counter,6,5,6,5,12,1,0.9369949956859829,0.0,0.036351919174194336,6.0,5.0,1.0
2156,explaGraphs,osrcd,counter,counter,4,3,4,3,3,1,0.9362743478488339,0.0,0.02096843719482422,4.0,3.0,1.0
2157,explaGraphs,osrcd,counter,counter,6,5,6,5,12,1,0.9645204754849913,0.0,0.03724384307861328,6.0,5.0,1.0
2158,explaGraphs,osrcd,counter,counter,4,3,4,3,3,1,0.9310138313040207,0.0,0.021013736724853516,4.0,3.0,1.0
2159,explaGraphs,osrcd,counter,counter,6,5,6,5,10,1,0.9615111420626503,0.0,0.03291058540344238,6.0,5.0,1.0
2160,explaGraphs,osrcd,counter,counter,8,7,8,7,18,1,0.9377953748557477,0.0,0.06668519973754883,8.0,7.0,1.0
2161,explaGraphs,osrcd,counter,counter,4,3,4,3,4,1,0.9389700830191848,0.0,0.022142410278320312,4.0,3.0,1.0
2162,explaGraphs,osrcd,counter,counter,6,5,6,5,12,1,0.9679754971560152,0.0,0.038651466369628906,6.0,5.0,1.0
2163,explaGraphs,osrcd,counter,counter,6,5,6,5,12,1,0.954727243404117,0.0,0.03729677200317383,6.0,5.0,1.0
2164,explaGraphs,osrcd,support,support,8,7,8,7,21,1,0.9399917233609701,0.0,0.07424759864807129,8.0,7.0,1.0
2165,explaGraphs,osrcd,counter,counter,7,6,7,6,17,1,0.9341655567642309,0.0,0.053914546966552734,7.0,6.0,1.0
2166,explaGraphs,osrcd,support,support,7,6,7,6,16,1,0.9523751877145513,0.0,0.05180549621582031,7.0,6.0,1.0
2167,explaGraphs,osrcd,support,support,5,5,5,5,9,1,0.9537914276946007,0.0,0.029041767120361328,5.0,5.0,1.0
2168,explaGraphs,osrcd,counter,counter,4,3,4,3,3,1,0.9419639526835355,0.0,0.020770549774169922,4.0,3.0,1.0
2169,explaGraphs,osrcd,support,support,4,3,4,3,3,1,0.9793551754081695,0.0,0.02054429054260254,4.0,3.0,1.0
2170,explaGraphs,osrcd,counter,counter,6,5,6,5,12,1,0.9549673879260284,0.0,0.03637862205505371,6.0,5.0,1.0
2171,explaGraphs,osrcd,counter,counter,4,3,4,3,3,1,0.9262131565969698,0.0,0.020950794219970703,4.0,3.0,1.0
2172,explaGraphs,osrcd,counter,counter,4,3,4,3,3,1,0.9399682956065877,0.0,0.020705699920654297,4.0,3.0,1.0
2173,explaGraphs,osrcd,counter,counter,5,4,5,4,8,1,0.935047484673914,0.0,0.027150392532348633,5.0,4.0,1.0
2174,explaGraphs,osrcd,support,support,6,5,6,5,13,1,0.9579406958757515,0.0,0.03945755958557129,6.0,5.0,1.0
2175,explaGraphs,osrcd,support,support,6,5,6,5,10,1,0.9553855282028907,0.0,0.0332789421081543,6.0,5.0,1.0
2176,explaGraphs,osrcd,counter,counter,4,3,4,3,4,1,0.9643419952064266,0.0,0.02159857749938965,4.0,3.0,1.0
2177,explaGraphs,osrcd,support,support,4,3,4,3,3,1,0.9502030281099499,0.0,0.019533157348632812,4.0,3.0,1.0
2178,explaGraphs,osrcd,counter,counter,4,3,4,3,4,1,0.9477478710491034,0.0,0.021210908889770508,4.0,3.0,1.0
2179,explaGraphs,osrcd,counter,counter,4,3,4,3,3,1,0.9575303149420723,0.0,0.020131349563598633,4.0,3.0,1.0
2180,explaGraphs,osrcd,counter,counter,7,7,7,7,17,1,0.9568511646481858,0.0,0.05350923538208008,7.0,7.0,1.0
2181,explaGraphs,osrcd,support,support,6,5,6,5,12,1,0.9387279358557913,0.0,0.03755331039428711,6.0,5.0,1.0
2182,explaGraphs,osrcd,counter,counter,5,5,5,5,9,1,0.94839531799084,0.0,0.029514074325561523,5.0,5.0,1.0
2183,explaGraphs,osrcd,counter,counter,5,4,5,4,6,1,0.9525304368318454,0.0,0.024068832397460938,5.0,4.0,1.0
2184,explaGraphs,osrcd,support,support,4,3,4,3,3,1,0.9679337105908808,0.0,0.020231962203979492,4.0,3.0,1.0
2185,explaGraphs,osrcd,counter,counter,6,5,6,5,13,1,0.9593692501652386,0.0,0.03865408897399902,6.0,5.0,1.0
2186,explaGraphs,osrcd,counter,counter,6,5,6,5,12,1,0.9328341287277733,0.0,0.03706669807434082,6.0,5.0,1.0
2187,explaGraphs,osrcd,support,support,4,3,4,3,3,1,0.983119123819949,0.0,0.021010160446166992,4.0,3.0,1.0
2188,explaGraphs,osrcd,counter,counter,6,5,6,5,12,1,0.9518567554915709,0.0,0.03802156448364258,6.0,5.0,1.0
2189,explaGraphs,osrcd,counter,counter,4,3,4,3,3,1,0.9619067162258539,0.0,0.020302772521972656,4.0,3.0,1.0
2190,explaGraphs,osrcd,counter,counter,5,4,5,4,6,1,0.9521522760778142,0.0,0.02442622184753418,5.0,4.0,1.0
2191,explaGraphs,osrcd,counter,counter,5,4,5,4,8,1,0.9562483854472574,0.0,0.027457475662231445,5.0,4.0,1.0
2192,explaGraphs,osrcd,counter,counter,4,3,4,3,3,1,0.9652852069486955,0.0,0.020694971084594727,4.0,3.0,1.0
2193,explaGraphs,osrcd,support,support,5,4,5,4,8,1,0.9297246609955659,0.0,0.027431964874267578,5.0,4.0,1.0
2194,explaGraphs,osrcd,support,support,4,3,4,3,3,1,0.9469470893009723,0.0,0.020776033401489258,4.0,3.0,1.0
2195,explaGraphs,osrcd,counter,counter,4,3,4,3,3,1,0.9640309294937118,0.0,0.02072286605834961,4.0,3.0,1.0
2196,explaGraphs,osrcd,counter,counter,7,6,7,6,17,1,0.9453536971426949,0.0,0.053605079650878906,7.0,6.0,1.0
2197,explaGraphs,osrcd,support,support,6,5,6,5,12,1,0.9454144574055758,0.0,0.03735065460205078,6.0,5.0,1.0
2198,explaGraphs,osrcd,counter,counter,7,6,7,6,17,1,0.9553885618090677,0.0,0.05371570587158203,7.0,6.0,1.0
2199,explaGraphs,osrcd,counter,counter,6,5,6,5,12,1,0.9329988990439239,0.0,0.03747987747192383,6.0,5.0,1.0
2200,explaGraphs,osrcd,counter,counter,5,4,5,4,8,1,0.9652585240656866,0.0,0.027038097381591797,5.0,4.0,1.0
2201,explaGraphs,osrcd,counter,counter,4,3,4,3,4,1,0.954413022546135,0.0,0.020386695861816406,4.0,3.0,1.0
2202,explaGraphs,osrcd,counter,counter,8,7,8,7,20,1,0.9455416919008668,0.0,0.0731196403503418,8.0,7.0,1.0
2203,explaGraphs,osrcd,counter,counter,8,7,8,7,21,1,0.9488657402100389,0.0,0.07466983795166016,8.0,7.0,1.0
2204,explaGraphs,osrcd,support,support,4,3,4,3,3,1,0.981948259026502,0.0,0.021725177764892578,4.0,3.0,1.0
2205,explaGraphs,osrcd,counter,counter,5,5,5,5,9,1,0.9293393930480084,0.0,0.029245376586914062,5.0,5.0,1.0
2206,explaGraphs,osrcd,counter,counter,5,4,5,4,8,1,0.9695742141623094,0.0,0.027036190032958984,5.0,4.0,1.0
2207,explaGraphs,osrcd,support,support,4,3,4,3,4,1,0.9687825198819237,0.0,0.02156543731689453,4.0,3.0,1.0
2208,explaGraphs,osrcd,support,support,7,6,7,6,14,1,0.9545490782548163,0.0,0.04641866683959961,7.0,6.0,1.0
2209,explaGraphs,osrcd,counter,counter,5,4,5,4,6,1,0.9453809369281762,0.0,0.024780750274658203,5.0,4.0,1.0
2210,explaGraphs,osrcd,support,support,6,5,6,5,12,1,0.966202803485827,0.0,0.037006378173828125,6.0,5.0,1.0
2211,explaGraphs,osrcd,counter,counter,9,8,9,8,25,1,0.9461285631686946,0.0,0.09602928161621094,9.0,8.0,1.0
2212,explaGraphs,osrcd,counter,counter,4,3,4,3,3,1,0.9625715197887604,0.0,0.021174907684326172,4.0,3.0,1.0
2213,explaGraphs,osrcd,counter,counter,4,3,4,3,3,1,0.9361711719646132,0.0,0.021431446075439453,4.0,3.0,1.0
2214,explaGraphs,osrcd,counter,counter,5,4,5,4,8,1,0.966100988768355,0.0,0.026591062545776367,5.0,4.0,1.0
2215,explaGraphs,osrcd,counter,counter,5,4,5,4,8,1,0.9583267628965939,0.0,0.02735590934753418,5.0,4.0,1.0
2216,explaGraphs,osrcd,counter,counter,5,4,5,4,8,1,0.9564311342046086,0.0,0.027052879333496094,5.0,4.0,1.0
2217,explaGraphs,osrcd,counter,counter,4,3,4,3,4,1,0.9418538590799068,0.0,0.021488189697265625,4.0,3.0,1.0
2218,explaGraphs,osrcd,counter,counter,8,7,8,7,21,1,0.9650475846206342,0.0,0.07212209701538086,8.0,7.0,1.0
2219,explaGraphs,osrcd,counter,counter,4,3,4,3,4,1,0.9465696811080697,0.0,0.0222775936126709,4.0,3.0,1.0
2220,explaGraphs,osrcd,counter,counter,8,8,8,8,21,1,0.9450820754145971,0.0,0.07165813446044922,8.0,8.0,1.0
2221,explaGraphs,osrcd,counter,counter,8,7,8,7,21,1,0.9597363943533811,0.0,0.07341194152832031,8.0,7.0,1.0
2222,explaGraphs,osrcd,counter,counter,4,3,4,3,3,1,0.9473574879654658,0.0,0.02144646644592285,4.0,3.0,1.0
2223,explaGraphs,osrcd,counter,counter,6,5,6,5,12,1,0.9540612390632764,0.0,0.03762984275817871,6.0,5.0,1.0
2224,explaGraphs,osrcd,counter,counter,4,3,4,3,3,1,0.9585215851845517,0.0,0.021642684936523438,4.0,3.0,1.0
2225,explaGraphs,osrcd,counter,counter,7,7,7,7,17,1,0.9410017293234142,0.0,0.05246472358703613,7.0,7.0,1.0
2226,explaGraphs,osrcd,counter,counter,5,4,5,4,6,1,0.9567985993867353,0.0,0.025160789489746094,5.0,4.0,1.0
2227,explaGraphs,osrcd,support,support,6,6,6,6,13,1,0.9587042979939835,0.0,0.03876686096191406,6.0,6.0,1.0
2228,explaGraphs,osrcd,support,support,5,4,5,4,8,1,0.9617867525575092,0.0,0.02789473533630371,5.0,4.0,1.0
2229,explaGraphs,osrcd,counter,counter,6,5,6,5,10,1,0.939872393819223,0.0,0.03288388252258301,6.0,5.0,1.0
2230,explaGraphs,osrcd,counter,counter,5,4,5,4,6,1,0.960224182034113,0.0,0.024477481842041016,5.0,4.0,1.0
2231,explaGraphs,osrcd,counter,counter,4,3,4,3,4,1,0.9582100670110243,0.0,0.021600008010864258,4.0,3.0,1.0
2232,explaGraphs,osrcd,counter,counter,7,7,7,7,17,1,0.9339107067984179,0.0,0.053070783615112305,7.0,7.0,1.0
2233,explaGraphs,osrcd,counter,counter,4,3,4,3,3,1,0.9809596577136106,0.0,0.020615816116333008,4.0,3.0,1.0
2234,explaGraphs,osrcd,support,support,5,4,5,4,8,1,0.9492403818424582,0.0,0.027385234832763672,5.0,4.0,1.0
2235,explaGraphs,osrcd,counter,counter,6,5,6,5,12,1,0.963203708509337,0.0,0.037053585052490234,6.0,5.0,1.0
2236,explaGraphs,osrcd,counter,counter,7,6,7,6,16,1,0.9713240574002433,0.0,0.051268577575683594,7.0,6.0,1.0
2237,explaGraphs,osrcd,counter,counter,5,4,5,4,8,1,0.9610491772501005,0.0,0.02724933624267578,5.0,4.0,1.0
2238,explaGraphs,osrcd,counter,counter,4,3,4,3,3,1,0.9307498723393217,0.0,0.02028965950012207,4.0,3.0,1.0
2239,explaGraphs,osrcd,counter,counter,8,7,8,7,21,1,0.9469387431208365,0.0,0.07165980339050293,8.0,7.0,1.0
2240,explaGraphs,osrcd,support,support,6,5,6,5,13,1,0.9443382855003578,0.0,0.04025912284851074,6.0,5.0,1.0
2241,explaGraphs,osrcd,counter,counter,5,4,5,4,6,1,0.9543719950236418,0.0,0.02495884895324707,5.0,4.0,1.0
2242,explaGraphs,osrcd,counter,counter,4,3,4,3,4,1,0.9613976022553427,0.0,0.02159571647644043,4.0,3.0,1.0
2243,explaGraphs,osrcd,counter,counter,7,6,7,6,16,1,0.9462323585096136,0.0,0.05071091651916504,7.0,6.0,1.0
2244,explaGraphs,osrcd,support,support,4,3,4,3,3,1,0.9195811537476171,0.0,0.021199464797973633,4.0,3.0,1.0
2245,explaGraphs,osrcd,support,support,4,3,4,3,3,1,0.9578901213307651,0.0,0.020290136337280273,4.0,3.0,1.0
2246,explaGraphs,osrcd,support,support,7,6,7,6,16,1,0.9521818030215093,0.0,0.05054903030395508,7.0,6.0,1.0
2247,explaGraphs,osrcd,support,support,6,5,6,5,12,1,0.9665893083441335,0.0,0.03695416450500488,6.0,5.0,1.0
2248,explaGraphs,osrcd,counter,counter,5,4,5,4,8,1,0.9177705384209809,0.0,0.02747941017150879,5.0,4.0,1.0
2249,explaGraphs,osrcd,counter,counter,4,3,4,3,4,1,0.986020820522074,0.0,0.02160930633544922,4.0,3.0,1.0
2250,explaGraphs,osrcd,support,support,9,8,9,8,25,1,0.9496950483113537,0.0,0.09461283683776855,9.0,8.0,1.0
2251,explaGraphs,osrcd,support,support,7,6,7,6,16,1,0.9731926587616154,0.0,0.05148172378540039,7.0,6.0,1.0
2252,explaGraphs,osrcd,support,support,5,4,5,4,8,1,0.960302013872677,0.0,0.027855396270751953,5.0,4.0,1.0
2253,explaGraphs,osrcd,support,support,4,3,4,3,4,1,0.9438810225351443,0.0,0.021588802337646484,4.0,3.0,1.0
2254,explaGraphs,osrcd,counter,counter,4,3,4,3,4,1,0.9385874628705921,0.0,0.021033763885498047,4.0,3.0,1.0
2255,explaGraphs,osrcd,counter,counter,4,3,4,3,3,1,0.9487536364483579,0.0,0.020124435424804688,4.0,3.0,1.0
2256,explaGraphs,osrcd,counter,counter,4,3,4,3,4,1,0.9650348147496743,0.0,0.021326780319213867,4.0,3.0,1.0
2257,explaGraphs,osrcd,support,support,4,3,4,3,3,1,0.9785547862585585,0.0,0.02138352394104004,4.0,3.0,1.0
2258,explaGraphs,osrcd,counter,counter,6,5,6,5,10,1,0.9335940099537471,0.0,0.032829999923706055,6.0,5.0,1.0
2259,explaGraphs,osrcd,counter,counter,6,5,6,5,12,1,0.9618084348432764,0.0,0.039670467376708984,6.0,5.0,1.0
2260,explaGraphs,osrcd,counter,counter,7,7,7,7,17,1,0.9630779176604546,0.0,0.054485321044921875,7.0,7.0,1.0
2261,explaGraphs,osrcd,counter,counter,6,5,6,5,12,1,0.9605934356624006,0.0,0.03796839714050293,6.0,5.0,1.0
2262,explaGraphs,osrcd,support,support,4,3,4,3,3,1,0.9442554513499396,0.0,0.02030324935913086,4.0,3.0,1.0
2263,explaGraphs,osrcd,counter,counter,7,6,7,6,16,1,0.9373387009441474,0.0,0.05019354820251465,7.0,6.0,1.0
2264,explaGraphs,osrcd,counter,counter,5,4,5,4,6,1,0.9446937061973706,0.0,0.024855613708496094,5.0,4.0,1.0
2265,explaGraphs,osrcd,counter,counter,4,3,4,3,3,1,0.977055002847389,0.0,0.02069878578186035,4.0,3.0,1.0
2266,explaGraphs,osrcd,counter,counter,4,3,4,3,4,1,0.9741028356456034,0.0,0.020281076431274414,4.0,3.0,1.0
2267,explaGraphs,osrcd,counter,counter,4,3,4,3,3,1,0.958573684286066,0.0,0.02062821388244629,4.0,3.0,1.0
2268,explaGraphs,osrcd,counter,counter,5,4,5,4,8,1,0.9535216549640568,0.0,0.02703094482421875,5.0,4.0,1.0
2269,explaGraphs,osrcd,support,support,5,4,5,4,6,1,0.9540640865045258,0.0,0.024541616439819336,5.0,4.0,1.0
2270,explaGraphs,osrcd,counter,counter,4,3,4,3,4,1,0.9667006411534278,0.0,0.020730257034301758,4.0,3.0,1.0
2271,explaGraphs,osrcd,counter,counter,4,3,4,3,3,1,0.965657470605197,0.0,0.02009129524230957,4.0,3.0,1.0
2272,explaGraphs,osrcd,counter,counter,4,3,4,3,3,1,0.9660531840144131,0.0,0.020413637161254883,4.0,3.0,1.0
2273,explaGraphs,osrcd,support,support,5,4,5,4,6,1,0.9335369842186674,0.0,0.024373292922973633,5.0,4.0,1.0
2274,explaGraphs,osrcd,counter,counter,5,4,5,4,8,1,0.9418144572617602,0.0,0.02750229835510254,5.0,4.0,1.0
2275,explaGraphs,osrcd,counter,counter,4,3,4,3,3,1,0.9523506671165501,0.0,0.02076244354248047,4.0,3.0,1.0
2276,explaGraphs,osrcd,counter,counter,4,3,4,3,3,1,0.9470888789931883,0.0,0.02040243148803711,4.0,3.0,1.0
2277,explaGraphs,osrcd,support,support,4,3,4,3,3,1,0.9772302429769814,0.0,0.020505189895629883,4.0,3.0,1.0
2278,explaGraphs,osrcd,counter,counter,4,3,4,3,3,1,0.9682091742148774,0.0,0.0205228328704834,4.0,3.0,1.0
2279,explaGraphs,osrcd,counter,counter,4,3,4,3,3,1,0.9451943772471383,0.0,0.021088600158691406,4.0,3.0,1.0
2280,explaGraphs,osrcd,support,support,7,6,7,6,16,1,0.9428119788121861,0.0,0.050252676010131836,7.0,6.0,1.0
2281,explaGraphs,osrcd,support,support,4,3,4,3,4,1,0.9464440565462974,0.0,0.0218045711517334,4.0,3.0,1.0
2282,explaGraphs,osrcd,counter,counter,4,3,4,3,4,1,0.9446907514090315,0.0,0.021533966064453125,4.0,3.0,1.0
2283,explaGraphs,osrcd,counter,counter,5,4,5,4,6,1,0.9424548429877375,0.0,0.024853229522705078,5.0,4.0,1.0
2284,explaGraphs,osrcd,support,support,7,6,7,6,16,1,0.9550854563720854,0.0,0.05139303207397461,7.0,6.0,1.0
2285,explaGraphs,osrcd,counter,counter,5,4,5,4,6,1,0.9669199504010718,0.0,0.025103092193603516,5.0,4.0,1.0
2286,explaGraphs,osrcd,counter,counter,7,6,7,6,16,1,0.9547371495453647,0.0,0.0497894287109375,7.0,6.0,1.0
2287,explaGraphs,osrcd,counter,counter,5,4,5,4,8,1,0.9770344030579816,0.0,0.02606797218322754,5.0,4.0,1.0
2288,explaGraphs,osrcd,counter,counter,6,5,6,5,10,1,0.9486761773299691,0.0,0.03245043754577637,6.0,5.0,1.0
2289,explaGraphs,osrcd,support,support,5,4,5,4,6,1,0.9487415446613543,0.0,0.02473616600036621,5.0,4.0,1.0
2290,explaGraphs,osrcd,counter,counter,5,4,5,4,8,1,0.9605835738960979,0.0,0.0273592472076416,5.0,4.0,1.0
2291,explaGraphs,osrcd,counter,counter,6,5,6,5,12,1,0.9621075947351455,0.0,0.037012577056884766,6.0,5.0,1.0
2292,explaGraphs,osrcd,counter,counter,7,6,7,6,16,1,0.9426608800808468,0.0,0.05171012878417969,7.0,6.0,1.0
2293,explaGraphs,osrcd,support,support,5,4,5,4,6,1,0.9426464085668204,0.0,0.02521681785583496,5.0,4.0,1.0
2294,explaGraphs,osrcd,counter,counter,4,3,4,3,4,1,0.9574242722491636,0.0,0.028878211975097656,4.0,3.0,1.0
2295,explaGraphs,osrcd,counter,counter,4,3,4,3,4,1,0.9709051456414286,0.0,0.020588397979736328,4.0,3.0,1.0
2296,explaGraphs,osrcd,counter,counter,6,5,6,5,12,1,0.955168952839309,0.0,0.03720426559448242,6.0,5.0,1.0
2297,explaGraphs,osrcd,counter,counter,5,4,5,4,6,1,0.9426472127490491,0.0,0.024593353271484375,5.0,4.0,1.0
2298,explaGraphs,osrcd,counter,counter,4,3,4,3,3,1,0.9373149360446316,0.0,0.025241613388061523,4.0,3.0,1.0
2299,explaGraphs,osrcd,counter,counter,4,3,4,3,3,1,0.9770759546285084,0.0,0.022691965103149414,4.0,3.0,1.0
2300,explaGraphs,osrcd,support,support,4,3,4,3,4,1,0.9761924309792812,0.0,0.020388364791870117,4.0,3.0,1.0
2301,explaGraphs,osrcd,counter,counter,5,4,5,4,8,1,0.9427644999579096,0.0,0.02714371681213379,5.0,4.0,1.0
2302,explaGraphs,osrcd,counter,counter,5,4,5,4,8,1,0.9716490367579644,0.0,0.026857614517211914,5.0,4.0,1.0
2303,explaGraphs,osrcd,counter,counter,4,3,4,3,3,1,0.9634132918828936,0.0,0.020543575286865234,4.0,3.0,1.0
2304,explaGraphs,osrcd,counter,counter,5,4,5,4,8,1,0.9486317998791576,0.0,0.027409076690673828,5.0,4.0,1.0
2305,explaGraphs,osrcd,counter,counter,6,5,6,5,12,1,0.9593410080256463,0.0,0.036995649337768555,6.0,5.0,1.0
2306,explaGraphs,osrcd,support,support,7,7,7,7,17,1,0.9502924720841539,0.0,0.054177284240722656,7.0,7.0,1.0
2307,explaGraphs,osrcd,support,support,8,7,8,7,21,1,0.9466502842448806,0.0,0.07265543937683105,8.0,7.0,1.0
2308,explaGraphs,osrcd,counter,counter,5,5,5,5,9,1,0.9420577139076445,0.0,0.029473066329956055,5.0,5.0,1.0
2309,explaGraphs,osrcd,counter,counter,4,3,4,3,3,1,0.9633907770230823,0.0,0.021223068237304688,4.0,3.0,1.0
2310,explaGraphs,osrcd,counter,counter,5,5,5,5,8,1,0.9425541042581441,0.0,0.028471708297729492,5.0,5.0,1.0
2311,explaGraphs,osrcd,support,support,7,6,7,6,17,1,0.9533051231580101,0.0,0.053330183029174805,7.0,6.0,1.0
2312,explaGraphs,osrcd,support,support,5,4,5,4,9,1,0.965873708690316,0.0,0.029467344284057617,5.0,4.0,1.0
2313,explaGraphs,osrcd,counter,counter,6,5,6,5,12,1,0.9269038817876428,0.0,0.03754997253417969,6.0,5.0,1.0
2314,explaGraphs,osrcd,counter,counter,4,3,4,3,3,1,0.93604914381694,0.0,0.021009445190429688,4.0,3.0,1.0
2315,explaGraphs,osrcd,support,support,5,5,5,5,9,1,0.9610009185546591,0.0,0.02953171730041504,5.0,5.0,1.0
2316,explaGraphs,osrcd,counter,counter,4,3,4,3,4,1,0.9455122847054465,0.0,0.021729230880737305,4.0,3.0,1.0
2317,explaGraphs,osrcd,counter,counter,5,4,5,4,6,1,0.9479615509439875,0.0,0.023975849151611328,5.0,4.0,1.0
2318,explaGraphs,osrcd,counter,counter,4,3,4,3,4,1,0.9488566920133762,0.0,0.02219676971435547,4.0,3.0,1.0
2319,explaGraphs,osrcd,support,support,4,3,4,3,4,1,0.9633377804472554,0.0,0.019843339920043945,4.0,3.0,1.0
2320,explaGraphs,osrcd,support,support,6,5,6,5,13,1,0.9579038209358626,0.0,0.03935885429382324,6.0,5.0,1.0
2321,explaGraphs,osrcd,counter,counter,5,4,5,4,6,1,0.9488567511135755,0.0,0.02475738525390625,5.0,4.0,1.0
2322,explaGraphs,osrcd,counter,counter,7,7,7,7,17,1,0.9660662642680681,0.0,0.054358720779418945,7.0,7.0,1.0
2323,explaGraphs,osrcd,counter,counter,5,4,5,4,9,1,0.9383232907434333,0.0,0.029489517211914062,5.0,4.0,1.0
2324,explaGraphs,osrcd,counter,counter,6,6,6,6,13,1,0.9872757312810881,0.0,0.040563344955444336,6.0,6.0,1.0
2325,explaGraphs,osrcd,counter,counter,4,3,4,3,4,1,0.961156490349852,0.0,0.022083282470703125,4.0,3.0,1.0
2326,explaGraphs,osrcd,counter,counter,6,5,6,5,10,1,0.9583465331727059,0.0,0.032711029052734375,6.0,5.0,1.0
2327,explaGraphs,osrcd,counter,counter,4,3,4,3,3,1,0.929267843308252,0.0,0.021307945251464844,4.0,3.0,1.0
2328,explaGraphs,osrcd,counter,counter,4,3,4,3,3,1,0.9718778516513163,0.0,0.021088838577270508,4.0,3.0,1.0
2329,explaGraphs,osrcd,support,support,5,4,5,4,6,1,0.9441914530033328,0.0,0.024404525756835938,5.0,4.0,1.0
2330,explaGraphs,osrcd,counter,counter,4,3,4,3,3,1,0.9458790128246105,0.0,0.02093648910522461,4.0,3.0,1.0
2331,explaGraphs,osrcd,support,support,4,4,4,4,5,1,0.9646029710129905,0.0,0.02189040184020996,4.0,4.0,1.0
2332,explaGraphs,osrcd,counter,counter,5,5,5,5,9,1,0.9283029311600188,0.0,0.029193639755249023,5.0,5.0,1.0
2333,explaGraphs,osrcd,counter,counter,5,4,5,4,8,1,0.9358505126112032,0.0,0.027561426162719727,5.0,4.0,1.0
2334,explaGraphs,osrcd,counter,counter,4,3,4,3,3,1,0.9723018909414123,0.0,0.018917322158813477,4.0,3.0,1.0
2335,explaGraphs,osrcd,counter,counter,4,3,4,3,4,1,0.9704478200947808,0.0,0.020351409912109375,4.0,3.0,1.0
2336,explaGraphs,osrcd,support,support,4,3,4,3,3,1,0.9155868629028379,0.0,0.020318984985351562,4.0,3.0,1.0
2337,explaGraphs,osrcd,support,support,7,6,7,6,17,1,0.9426140472126305,0.0,0.05326247215270996,7.0,6.0,1.0
2338,explaGraphs,osrcd,counter,counter,4,3,4,3,4,1,0.9565686047300701,0.0,0.021871566772460938,4.0,3.0,1.0
2339,explaGraphs,osrcd,support,support,4,3,4,3,3,1,0.973390855204479,0.0,0.019567489624023438,4.0,3.0,1.0
2340,explaGraphs,osrcd,counter,counter,7,6,7,6,14,1,0.9222872771041103,0.0,0.04767656326293945,7.0,6.0,1.0
2341,explaGraphs,osrcd,support,support,4,3,4,3,3,1,0.9740378493388359,0.0,0.020397424697875977,4.0,3.0,1.0
2342,explaGraphs,osrcd,counter,counter,5,4,5,4,8,1,0.9673725445497208,0.0,0.027431011199951172,5.0,4.0,1.0
2343,explaGraphs,osrcd,support,support,6,5,6,5,10,1,0.9431146480544317,0.0,0.033416748046875,6.0,5.0,1.0
2344,explaGraphs,osrcd,support,support,4,3,4,3,4,1,0.9478371126357483,0.0,0.021544456481933594,4.0,3.0,1.0
2345,explaGraphs,osrcd,counter,counter,6,5,6,5,12,1,0.9569778080934248,0.0,0.03760528564453125,6.0,5.0,1.0
2346,explaGraphs,osrcd,support,support,5,4,5,4,6,1,0.9845133899586966,0.0,0.024688005447387695,5.0,4.0,1.0
2347,explaGraphs,osrcd,support,support,5,5,5,5,9,1,0.955565405621973,0.0,0.029183626174926758,5.0,5.0,1.0
2348,explaGraphs,osrcd,counter,counter,4,3,4,3,3,1,0.9570588191234802,0.0,0.020602703094482422,4.0,3.0,1.0
2349,explaGraphs,osrcd,support,support,4,4,4,4,5,1,0.9487981634674054,0.0,0.022094011306762695,4.0,4.0,1.0
2350,explaGraphs,osrcd,counter,counter,5,5,5,5,9,1,0.9508150002066031,0.0,0.029596328735351562,5.0,5.0,1.0
2351,explaGraphs,osrcd,counter,counter,6,5,6,5,12,1,0.9580969422051488,0.0,0.03671550750732422,6.0,5.0,1.0
2352,explaGraphs,osrcd,counter,counter,5,4,5,4,8,1,0.94764693913598,0.0,0.0277099609375,5.0,4.0,1.0
2353,explaGraphs,osrcd,support,support,6,5,6,5,10,1,0.914933100114005,0.0,0.03328847885131836,6.0,5.0,1.0
2354,explaGraphs,osrcd,counter,counter,9,8,9,8,22,1,0.9574964391508326,0.0,0.09688305854797363,9.0,8.0,1.0
2355,explaGraphs,osrcd,counter,counter,5,4,5,4,9,1,0.922147566670603,0.0,0.030050039291381836,5.0,4.0,1.0
2356,explaGraphs,osrcd,counter,counter,5,4,5,4,6,1,0.949870553189818,0.0,0.02442312240600586,5.0,4.0,1.0
2357,explaGraphs,osrcd,counter,counter,6,5,6,5,12,1,0.944852168637699,0.0,0.037430763244628906,6.0,5.0,1.0
2358,explaGraphs,osrcd,counter,counter,4,3,4,3,3,1,0.9659950819896225,0.0,0.020921945571899414,4.0,3.0,1.0
2359,explaGraphs,osrcd,counter,counter,4,3,4,3,3,1,0.9702858635874113,0.0,0.019945621490478516,4.0,3.0,1.0
2360,explaGraphs,osrcd,counter,counter,4,3,4,3,3,1,0.9635041268660804,0.0,0.01939558982849121,4.0,3.0,1.0
2361,explaGraphs,osrcd,support,support,4,3,4,3,4,1,0.9724773630986665,0.0,0.021313905715942383,4.0,3.0,1.0
2362,explaGraphs,osrcd,counter,counter,5,4,5,4,6,1,0.9457755290917356,0.0,0.02440023422241211,5.0,4.0,1.0
2363,explaGraphs,osrcd,counter,counter,6,5,6,5,10,1,0.9322164123508964,0.0,0.03292036056518555,6.0,5.0,1.0
2364,explaGraphs,osrcd,counter,counter,4,4,4,4,5,1,0.9762300309668976,0.0,0.022009611129760742,4.0,4.0,1.0
2365,explaGraphs,osrcd,counter,counter,5,4,5,4,6,1,0.972487562391734,0.0,0.023903608322143555,5.0,4.0,1.0
2366,explaGraphs,osrcd,counter,counter,7,6,7,6,16,1,0.9539108513088277,0.0,0.051023244857788086,7.0,6.0,1.0
2367,explaGraphs,osrcd,counter,counter,7,6,7,6,17,1,0.9722530102198299,0.0,0.05371379852294922,7.0,6.0,1.0
2368,explaGraphs,osrcd,support,support,5,4,5,4,6,1,0.9622445579807978,0.0,0.02597784996032715,5.0,4.0,1.0
2369,explaGraphs,osrcd,support,support,4,3,4,3,3,1,0.9510537787591596,0.0,0.021245718002319336,4.0,3.0,1.0
2370,explaGraphs,osrcd,support,support,4,3,4,3,4,1,0.9573586655233018,0.0,0.021471261978149414,4.0,3.0,1.0
2371,explaGraphs,osrcd,support,support,4,3,4,3,3,1,0.9513513903754867,0.0,0.020815610885620117,4.0,3.0,1.0
2372,explaGraphs,osrcd,support,support,6,5,6,5,10,1,0.932530074597518,0.0,0.03263211250305176,6.0,5.0,1.0
2373,explaGraphs,osrcd,counter,counter,7,6,7,6,14,1,0.933672825665332,0.0,0.052446842193603516,7.0,6.0,1.0
2374,explaGraphs,osrcd,support,support,6,5,6,5,10,1,0.9670601373603318,0.0,0.03325843811035156,6.0,5.0,1.0
2375,explaGraphs,osrcd,support,support,8,7,8,7,18,1,0.9445230281374369,0.0,0.06822085380554199,8.0,7.0,1.0
2376,explaGraphs,osrcd,support,support,6,5,6,5,10,1,0.9510628704471065,0.0,0.03604245185852051,6.0,5.0,1.0
2377,explaGraphs,osrcd,counter,counter,4,3,4,3,3,1,0.9337127659359629,0.0,0.02089238166809082,4.0,3.0,1.0
2378,explaGraphs,osrcd,support,support,8,7,8,7,18,1,0.9498204921559126,0.0,0.06481170654296875,8.0,7.0,1.0
2379,explaGraphs,osrcd,support,support,4,3,4,3,3,1,0.9595179806595385,0.0,0.02115607261657715,4.0,3.0,1.0
2380,explaGraphs,osrcd,counter,counter,5,4,5,4,6,1,0.9815942659871957,0.0,0.022563695907592773,5.0,4.0,1.0
2381,explaGraphs,osrcd,support,support,5,4,5,4,6,1,0.9644153600515177,0.0,0.024316072463989258,5.0,4.0,1.0
2382,explaGraphs,osrcd,support,support,5,4,5,4,6,1,0.9634546069876045,0.0,0.023960351943969727,5.0,4.0,1.0
2383,explaGraphs,osrcd,support,support,5,4,5,4,6,1,0.9732896850456153,0.0,0.02373361587524414,5.0,4.0,1.0
2384,explaGraphs,osrcd,support,support,5,4,5,4,8,1,0.944059577220136,0.0,0.027376413345336914,5.0,4.0,1.0
2385,explaGraphs,osrcd,counter,counter,9,8,9,8,22,1,0.9430638752190352,0.0,0.09773635864257812,9.0,8.0,1.0
2386,explaGraphs,osrcd,support,support,6,5,6,5,10,1,0.9399241829261217,0.0,0.033718109130859375,6.0,5.0,1.0
2387,explaGraphs,osrcd,counter,counter,4,3,4,3,4,1,0.963807511718736,0.0,0.021579504013061523,4.0,3.0,1.0
2388,explaGraphs,osrcd,support,support,6,5,6,5,10,1,0.9769528276855343,0.0,0.03267979621887207,6.0,5.0,1.0
2389,explaGraphs,osrcd,support,support,5,4,5,4,6,1,0.9599368016796509,0.0,0.024144411087036133,5.0,4.0,1.0
2390,explaGraphs,osrcd,counter,counter,5,4,5,4,6,1,0.9561241480052266,0.0,0.023772239685058594,5.0,4.0,1.0
2391,explaGraphs,osrcd,support,support,5,4,5,4,9,1,0.9591738529614937,0.0,0.028987884521484375,5.0,4.0,1.0
2392,explaGraphs,osrcd,counter,counter,5,4,5,4,8,1,0.954675289050191,0.0,0.027293682098388672,5.0,4.0,1.0
2393,explaGraphs,osrcd,counter,counter,9,8,9,8,22,1,0.9519381490921668,0.0,0.0950469970703125,9.0,8.0,1.0
2394,explaGraphs,osrcd,counter,counter,7,6,7,6,14,1,0.9527811225859955,0.0,0.04696059226989746,7.0,6.0,1.0
2395,explaGraphs,osrcd,support,support,4,3,4,3,3,1,0.9348580675591903,0.0,0.020411014556884766,4.0,3.0,1.0
2396,explaGraphs,osrcd,support,support,4,3,4,3,3,1,0.9611848945603302,0.0,0.02063584327697754,4.0,3.0,1.0
2397,explaGraphs,osrcd,counter,counter,5,4,5,4,6,1,0.9770179172033528,0.0,0.022635698318481445,5.0,4.0,1.0
2398,explaGraphs,osrcd,support,support,4,3,4,3,3,1,0.9410882574613876,0.0,0.02656102180480957,4.0,3.0,1.0
2399,explaGraphs,osrcd,counter,counter,5,4,5,4,6,1,0.9784163776489238,0.0,0.0240480899810791,5.0,4.0,1.0
2400,explaGraphs,osrcd,support,support,4,3,4,3,3,1,0.9778775425899762,0.0,0.019501686096191406,4.0,3.0,1.0
2401,explaGraphs,osrcd,counter,counter,5,4,5,4,8,1,0.9570638935597473,0.0,0.027919769287109375,5.0,4.0,1.0
2402,explaGraphs,osrcd,counter,counter,4,3,4,3,3,1,0.9660872911129427,0.0,0.020101308822631836,4.0,3.0,1.0
2403,explaGraphs,osrcd,support,support,4,3,4,3,4,1,0.9669482381671326,0.0,0.02150559425354004,4.0,3.0,1.0
2404,explaGraphs,osrcd,support,support,7,6,7,6,14,1,0.948433504990814,0.0,0.04581785202026367,7.0,6.0,1.0
2405,explaGraphs,osrcd,counter,counter,5,4,5,4,8,1,0.9631388188326173,0.0,0.0276186466217041,5.0,4.0,1.0
2406,explaGraphs,osrcd,counter,counter,9,8,9,8,22,1,0.958178179883952,0.0,0.09752249717712402,9.0,8.0,1.0
2407,explaGraphs,osrcd,support,support,4,3,4,3,4,1,0.95316131726897,0.0,0.02215123176574707,4.0,3.0,1.0
2408,explaGraphs,osrcd,counter,counter,5,4,5,4,6,1,0.9563372523359396,0.0,0.024720191955566406,5.0,4.0,1.0
2409,explaGraphs,osrcd,counter,counter,6,5,6,5,10,1,0.9572662430389175,0.0,0.03353166580200195,6.0,5.0,1.0
2410,explaGraphs,osrcd,support,support,6,5,6,5,10,1,0.952741588695615,0.0,0.03240656852722168,6.0,5.0,1.0
2411,explaGraphs,osrcd,counter,counter,4,3,4,3,4,1,0.953689003408407,0.0,0.02143716812133789,4.0,3.0,1.0
2412,explaGraphs,osrcd,support,support,5,4,5,4,6,1,0.956975684087175,0.0,0.024213314056396484,5.0,4.0,1.0
2413,explaGraphs,osrcd,support,support,9,8,9,8,22,1,0.9528822907687783,0.0,0.09593439102172852,9.0,8.0,1.0
2414,explaGraphs,osrcd,support,support,6,5,6,5,10,1,0.9633838670137262,0.0,0.03364419937133789,6.0,5.0,1.0
2415,explaGraphs,osrcd,counter,counter,5,4,5,4,6,1,0.9612445213604487,0.0,0.0240476131439209,5.0,4.0,1.0
2416,explaGraphs,osrcd,counter,counter,4,3,4,3,3,1,0.953412089315001,0.0,0.019418716430664062,4.0,3.0,1.0
2417,explaGraphs,osrcd,counter,counter,7,6,7,6,14,1,0.9577668920629123,0.0,0.04611682891845703,7.0,6.0,1.0
2418,explaGraphs,osrcd,support,support,4,3,4,3,3,1,0.9596770017989437,0.0,0.02090907096862793,4.0,3.0,1.0
2419,explaGraphs,osrcd,support,support,6,5,6,5,10,1,0.9593274110405353,0.0,0.03225064277648926,6.0,5.0,1.0
2420,explaGraphs,osrcd,support,support,8,7,8,7,18,1,0.9313588888111196,0.0,0.06447267532348633,8.0,7.0,1.0
2421,explaGraphs,osrcd,counter,counter,8,7,8,7,18,1,0.9714593421674681,0.0,0.06618714332580566,8.0,7.0,1.0
2422,explaGraphs,osrcd,support,support,5,4,5,4,6,1,0.9624803825594349,0.0,0.024451732635498047,5.0,4.0,1.0
2423,explaGraphs,osrcd,support,support,7,6,7,6,14,1,0.959671167179662,0.0,0.0461275577545166,7.0,6.0,1.0
2424,explaGraphs,osrcd,support,support,4,3,4,3,3,1,0.9558628230015129,0.0,0.0209653377532959,4.0,3.0,1.0
2425,explaGraphs,osrcd,counter,counter,5,4,5,4,6,1,0.967353832715101,0.0,0.0250399112701416,5.0,4.0,1.0
2426,explaGraphs,osrcd,support,support,4,3,4,3,3,1,0.9353815018078064,0.0,0.020717382431030273,4.0,3.0,1.0
2427,explaGraphs,osrcd,counter,counter,6,5,6,5,10,1,0.9604875993604217,0.0,0.032385826110839844,6.0,5.0,1.0
2428,explaGraphs,osrcd,support,support,5,4,5,4,6,1,0.9317301818279586,0.0,0.02424478530883789,5.0,4.0,1.0
2429,explaGraphs,osrcd,counter,counter,6,5,6,5,10,1,0.9511694583532894,0.0,0.032639503479003906,6.0,5.0,1.0
2430,explaGraphs,osrcd,support,support,4,3,4,3,3,1,0.9408895501324233,0.0,0.02065730094909668,4.0,3.0,1.0
2431,explaGraphs,osrcd,support,support,5,4,5,4,6,1,0.9621644741690073,0.0,0.02427077293395996,5.0,4.0,1.0
2432,explaGraphs,osrcd,support,support,7,6,7,6,14,1,0.9603771395641753,0.0,0.04631328582763672,7.0,6.0,1.0
2433,explaGraphs,osrcd,counter,counter,4,3,4,3,3,1,0.9529873578948767,0.0,0.02124953269958496,4.0,3.0,1.0
2434,explaGraphs,osrcd,support,support,5,4,5,4,6,1,0.9445942634606664,0.0,0.02399754524230957,5.0,4.0,1.0
2435,explaGraphs,osrcd,counter,counter,5,4,5,4,6,1,0.9281714579626341,0.0,0.02435302734375,5.0,4.0,1.0
2436,explaGraphs,osrcd,support,support,6,5,6,5,10,1,0.9443494877956151,0.0,0.03291893005371094,6.0,5.0,1.0
2437,explaGraphs,osrcd,support,support,6,5,6,5,10,1,0.9458304570004936,0.0,0.03268003463745117,6.0,5.0,1.0
2438,explaGraphs,osrcd,counter,counter,4,3,4,3,3,1,0.9425752864630437,0.0,0.020992755889892578,4.0,3.0,1.0
2439,explaGraphs,osrcd,support,support,5,4,5,4,6,1,0.9656573071610002,0.0,0.023857831954956055,5.0,4.0,1.0
2440,explaGraphs,osrcd,support,support,7,7,7,7,17,1,0.9482828094048797,0.0,0.05429482460021973,7.0,7.0,1.0
2441,explaGraphs,osrcd,support,support,4,3,4,3,3,1,0.9634646245238048,0.0,0.020571470260620117,4.0,3.0,1.0
2442,explaGraphs,osrcd,support,support,6,5,6,5,12,1,0.9543190376460378,0.0,0.03729963302612305,6.0,5.0,1.0
2443,explaGraphs,osrcd,counter,counter,5,4,5,4,6,1,0.9439634873065006,0.0,0.02479410171508789,5.0,4.0,1.0
2444,explaGraphs,osrcd,counter,counter,8,7,8,7,18,1,0.9495953235461552,0.0,0.06438541412353516,8.0,7.0,1.0
2445,explaGraphs,osrcd,counter,counter,5,4,5,4,6,1,0.9406439959864279,0.0,0.025189876556396484,5.0,4.0,1.0
2446,explaGraphs,osrcd,counter,counter,6,5,6,5,10,1,0.9662965579693699,0.0,0.032811641693115234,6.0,5.0,1.0
2447,explaGraphs,osrcd,support,support,8,8,8,8,21,1,0.95778674877386,0.0,0.07360553741455078,8.0,8.0,1.0
2448,explaGraphs,osrcd,counter,counter,6,5,6,5,10,1,0.9686962820174704,0.0,0.03364300727844238,6.0,5.0,1.0
2449,explaGraphs,osrcd,support,support,7,6,7,6,14,1,0.961341791121274,0.0,0.04557323455810547,7.0,6.0,1.0
2450,explaGraphs,osrcd,support,support,6,5,6,5,10,1,0.9496923048957944,0.0,0.0341341495513916,6.0,5.0,1.0
2451,explaGraphs,osrcd,support,support,7,6,7,6,14,1,0.9413297095173897,0.0,0.04659247398376465,7.0,6.0,1.0
2452,explaGraphs,osrcd,support,support,4,3,4,3,3,1,0.948455252716766,0.0,0.020975828170776367,4.0,3.0,1.0
2453,explaGraphs,osrcd,support,support,7,6,7,6,14,1,0.945348578206207,0.0,0.0461430549621582,7.0,6.0,1.0
2454,explaGraphs,osrcd,counter,counter,7,6,7,6,14,1,0.944568466147828,0.0,0.04623150825500488,7.0,6.0,1.0
2455,explaGraphs,osrcd,support,support,4,3,4,3,3,1,0.9253341821336879,0.0,0.020989656448364258,4.0,3.0,1.0
2456,explaGraphs,osrcd,counter,counter,4,3,4,3,4,1,0.9574493835483071,0.0,0.021376848220825195,4.0,3.0,1.0
2457,explaGraphs,osrcd,support,support,7,7,7,7,17,1,0.9467706279420793,0.0,0.052384138107299805,7.0,7.0,1.0
2458,explaGraphs,osrcd,support,support,6,5,6,5,10,1,0.9325716623132013,0.0,0.03229331970214844,6.0,5.0,1.0
2459,explaGraphs,osrcd,support,support,4,3,4,3,3,1,0.9624673490399224,0.0,0.019568920135498047,4.0,3.0,1.0
2460,explaGraphs,osrcd,support,support,5,4,5,4,8,1,0.961458236342935,0.0,0.027246952056884766,5.0,4.0,1.0
2461,explaGraphs,osrcd,support,support,6,5,6,5,10,1,0.9591888606020613,0.0,0.032732248306274414,6.0,5.0,1.0
2462,explaGraphs,osrcd,counter,counter,7,6,7,6,14,1,0.9614257114511006,0.0,0.046416521072387695,7.0,6.0,1.0
2463,explaGraphs,osrcd,support,support,5,4,5,4,6,1,0.9587111534247454,0.0,0.024884700775146484,5.0,4.0,1.0
2464,explaGraphs,osrcd,support,support,8,7,8,7,21,1,0.9479778869785053,0.0,0.0731961727142334,8.0,7.0,1.0
2465,explaGraphs,osrcd,counter,counter,5,4,5,4,6,1,0.9383270959311264,0.0,0.024951696395874023,5.0,4.0,1.0
2466,explaGraphs,osrcd,counter,counter,5,4,5,4,6,1,0.9666827976285288,0.0,0.023965835571289062,5.0,4.0,1.0
2467,explaGraphs,osrcd,support,support,6,5,6,5,10,1,0.9487355081706729,0.0,0.03253436088562012,6.0,5.0,1.0
2468,explaGraphs,osrcd,support,support,8,7,8,7,18,1,0.9374421520560753,0.0,0.06477236747741699,8.0,7.0,1.0
2469,explaGraphs,osrcd,counter,counter,4,3,4,3,3,1,0.9632542690555281,0.0,0.020108938217163086,4.0,3.0,1.0
2470,explaGraphs,osrcd,support,support,7,6,7,6,14,1,0.9569255072903528,0.0,0.04491543769836426,7.0,6.0,1.0
2471,explaGraphs,osrcd,support,support,4,3,4,3,3,1,0.9762593963551606,0.0,0.02103114128112793,4.0,3.0,1.0
2472,explaGraphs,osrcd,support,support,6,5,6,5,10,1,0.9334496693097356,0.0,0.0327610969543457,6.0,5.0,1.0
2473,explaGraphs,osrcd,counter,counter,5,4,5,4,6,1,0.9633252801840453,0.0,0.024601221084594727,5.0,4.0,1.0
2474,explaGraphs,osrcd,support,support,6,5,6,5,10,1,0.9412118074357987,0.0,0.0326848030090332,6.0,5.0,1.0
2475,explaGraphs,osrcd,support,support,4,3,4,3,3,1,0.9789122212169387,0.0,0.020788192749023438,4.0,3.0,1.0
2476,explaGraphs,osrcd,support,support,5,4,5,4,6,1,0.962926129584824,0.0,0.024136781692504883,5.0,4.0,1.0
2477,explaGraphs,osrcd,support,support,4,4,4,4,4,1,0.9860836320936314,0.0,0.02167367935180664,4.0,4.0,1.0
2478,explaGraphs,osrcd,counter,counter,4,3,4,3,3,1,0.9589410972324124,0.0,0.02012801170349121,4.0,3.0,1.0
2479,explaGraphs,osrcd,counter,counter,5,4,5,4,6,1,0.9545399388420384,0.0,0.02517986297607422,5.0,4.0,1.0
2480,explaGraphs,osrcd,counter,counter,6,5,6,5,10,1,0.9665686147155838,0.0,0.03226017951965332,6.0,5.0,1.0
2481,explaGraphs,osrcd,counter,counter,6,5,6,5,10,1,0.9432630668261767,0.0,0.032816171646118164,6.0,5.0,1.0
2482,explaGraphs,osrcd,support,support,5,4,5,4,6,1,0.9567862230647136,0.0,0.0246126651763916,5.0,4.0,1.0
2483,explaGraphs,osrcd,counter,counter,4,3,4,3,4,1,0.9551093583662428,0.0,0.0214691162109375,4.0,3.0,1.0
2484,explaGraphs,osrcd,support,support,5,4,5,4,8,1,0.9288620858942072,0.0,0.027350664138793945,5.0,4.0,1.0
2485,explaGraphs,osrcd,counter,counter,4,3,4,3,3,1,0.9618047734333315,0.0,0.019004344940185547,4.0,3.0,1.0
2486,explaGraphs,osrcd,support,support,4,3,4,3,3,1,0.9548143345758116,0.0,0.020186901092529297,4.0,3.0,1.0
2487,explaGraphs,osrcd,counter,counter,5,4,5,4,8,1,0.9549707350221445,0.0,0.02602386474609375,5.0,4.0,1.0
2488,explaGraphs,osrcd,support,support,5,4,5,4,6,1,0.9453281223857097,0.0,0.024438142776489258,5.0,4.0,1.0
2489,explaGraphs,osrcd,counter,counter,4,3,4,3,3,1,0.9496910304919957,0.0,0.01957249641418457,4.0,3.0,1.0
2490,explaGraphs,osrcd,counter,counter,6,5,6,5,10,1,0.9485515634429302,0.0,0.032567501068115234,6.0,5.0,1.0
2491,explaGraphs,osrcd,support,support,4,3,4,3,4,1,0.9502992790541637,0.0,0.021559953689575195,4.0,3.0,1.0
2492,explaGraphs,osrcd,support,support,5,4,5,4,6,1,0.9634550179387424,0.0,0.02436661720275879,5.0,4.0,1.0
2493,explaGraphs,osrcd,support,support,7,6,7,6,14,1,0.9523282524928888,0.0,0.04617571830749512,7.0,6.0,1.0
2494,explaGraphs,osrcd,support,support,5,4,5,4,8,1,0.9483418040732426,0.0,0.027658462524414062,5.0,4.0,1.0
2495,explaGraphs,osrcd,counter,counter,8,8,8,8,21,1,0.9379439403785345,0.0,0.07357096672058105,8.0,8.0,1.0
2496,explaGraphs,osrcd,support,support,6,5,6,5,10,1,0.9534051439403612,0.0,0.03277158737182617,6.0,5.0,1.0
2497,explaGraphs,osrcd,counter,counter,7,7,7,7,17,1,0.9352794408558067,0.0,0.054208993911743164,7.0,7.0,1.0
2498,explaGraphs,osrcd,support,support,5,4,5,4,6,1,0.9597072266641093,0.0,0.02512216567993164,5.0,4.0,1.0
2499,explaGraphs,osrcd,counter,counter,7,6,7,6,14,1,0.9518530115432856,0.0,0.04599571228027344,7.0,6.0,1.0
2500,explaGraphs,osrcd,support,support,6,5,6,5,10,1,0.9436026741333308,0.0,0.03300976753234863,6.0,5.0,1.0
2501,explaGraphs,osrcd,counter,counter,5,4,5,4,8,1,0.9381212387777152,0.0,0.027147293090820312,5.0,4.0,1.0
2502,explaGraphs,osrcd,support,support,8,7,8,7,18,1,0.9434252684742601,0.0,0.06452369689941406,8.0,7.0,1.0
2503,explaGraphs,osrcd,support,support,4,3,4,3,4,1,0.9509010527315186,0.0,0.02192234992980957,4.0,3.0,1.0
2504,explaGraphs,osrcd,support,support,5,4,5,4,6,1,0.948529399764065,0.0,0.024308443069458008,5.0,4.0,1.0
2505,explaGraphs,osrcd,support,support,6,5,6,5,10,1,0.9669045247784551,0.0,0.03277707099914551,6.0,5.0,1.0
2506,explaGraphs,osrcd,support,support,6,5,6,5,10,1,0.963402391017695,0.0,0.03266620635986328,6.0,5.0,1.0
2507,explaGraphs,osrcd,support,support,4,3,4,3,3,1,0.9758821553483176,0.0,0.021334171295166016,4.0,3.0,1.0
2508,explaGraphs,osrcd,support,support,7,6,7,6,14,1,0.9311026374442666,0.0,0.04516148567199707,7.0,6.0,1.0
2509,explaGraphs,osrcd,support,support,5,4,5,4,6,1,0.9552881393522585,0.0,0.024369001388549805,5.0,4.0,1.0
2510,explaGraphs,osrcd,counter,counter,4,3,4,3,3,1,0.9724758141512838,0.0,0.020389080047607422,4.0,3.0,1.0
2511,explaGraphs,osrcd,counter,counter,5,4,5,4,8,1,0.952861753570287,0.0,0.026683568954467773,5.0,4.0,1.0
2512,explaGraphs,osrcd,support,support,6,5,6,5,12,1,0.9697997008154129,0.0,0.037279605865478516,6.0,5.0,1.0
2513,explaGraphs,osrcd,counter,counter,4,4,4,4,4,1,0.973282136490143,0.0,0.02066636085510254,4.0,4.0,1.0
2514,explaGraphs,osrcd,support,support,4,3,4,3,3,1,0.9368093889362568,0.0,0.020689725875854492,4.0,3.0,1.0
2515,explaGraphs,osrcd,counter,counter,5,4,5,4,6,1,0.9293676064117793,0.0,0.02437758445739746,5.0,4.0,1.0
2516,explaGraphs,osrcd,counter,counter,5,4,5,4,6,1,0.9380395722450654,0.0,0.02444934844970703,5.0,4.0,1.0
2517,explaGraphs,osrcd,support,support,9,8,9,8,22,1,0.9499539528570059,0.0,0.09752368927001953,9.0,8.0,1.0
2518,explaGraphs,osrcd,support,support,5,4,5,4,6,1,0.943976564414128,0.0,0.025348663330078125,5.0,4.0,1.0
2519,explaGraphs,osrcd,counter,counter,4,3,4,3,3,1,0.9488904533376974,0.0,0.019505977630615234,4.0,3.0,1.0
2520,explaGraphs,osrcd,support,support,5,4,5,4,6,1,0.9742201926958345,0.0,0.024274110794067383,5.0,4.0,1.0
2521,explaGraphs,osrcd,support,support,4,3,4,3,3,1,0.9692633665060808,0.0,0.020038366317749023,4.0,3.0,1.0
2522,explaGraphs,osrcd,counter,counter,5,4,5,4,6,1,0.9480058867989645,0.0,0.024356365203857422,5.0,4.0,1.0
2523,explaGraphs,osrcd,support,support,6,5,6,5,10,1,0.9388692258306194,0.0,0.03339505195617676,6.0,5.0,1.0
2524,explaGraphs,osrcd,support,support,6,5,6,5,10,1,0.9351676675561574,0.0,0.20684170722961426,6.0,5.0,1.0
2525,explaGraphs,osrcd,support,support,5,4,5,4,6,1,0.928625391621238,0.0,0.025737524032592773,5.0,4.0,1.0
2526,explaGraphs,osrcd,counter,counter,8,7,8,7,18,1,0.9609538939332304,0.0,0.06442570686340332,8.0,7.0,1.0
2527,explaGraphs,osrcd,counter,counter,4,3,4,3,4,1,0.9573402318959766,0.0,0.021934032440185547,4.0,3.0,1.0
2528,explaGraphs,osrcd,support,support,4,3,4,3,3,1,0.9486064122132426,0.0,0.019925594329833984,4.0,3.0,1.0
2529,explaGraphs,osrcd,support,support,4,3,4,3,3,1,0.9533185115227536,0.0,0.020542383193969727,4.0,3.0,1.0
2530,explaGraphs,osrcd,support,support,6,5,6,5,10,1,0.9561080973807795,0.0,0.03275609016418457,6.0,5.0,1.0
2531,explaGraphs,osrcd,support,support,5,4,5,4,8,1,0.927559533571902,0.0,0.027474164962768555,5.0,4.0,1.0
2532,explaGraphs,osrcd,support,support,5,5,5,5,9,1,0.9678761592380873,0.0,0.029213666915893555,5.0,5.0,1.0
2533,explaGraphs,osrcd,support,support,4,3,4,3,3,1,0.9353962630766506,0.0,0.01970076560974121,4.0,3.0,1.0
2534,explaGraphs,osrcd,support,support,5,4,5,4,6,1,0.9635872385917327,0.0,0.023875713348388672,5.0,4.0,1.0
2535,explaGraphs,osrcd,support,support,6,5,6,5,10,1,0.9512481315558802,0.0,0.03240060806274414,6.0,5.0,1.0
2536,explaGraphs,osrcd,support,support,4,3,4,3,3,1,0.9597789422461915,0.0,0.02080678939819336,4.0,3.0,1.0
2537,explaGraphs,osrcd,support,support,7,6,7,6,14,1,0.9478745642156803,0.0,0.04587125778198242,7.0,6.0,1.0
2538,explaGraphs,osrcd,support,support,4,3,4,3,3,1,0.9307011102592302,0.0,0.020961284637451172,4.0,3.0,1.0
2539,explaGraphs,osrcd,support,support,4,3,4,3,3,1,0.9698932481366632,0.0,0.021063804626464844,4.0,3.0,1.0
2540,explaGraphs,osrcd,counter,counter,5,4,5,4,8,1,0.9473582273564208,0.0,0.0273590087890625,5.0,4.0,1.0
2541,explaGraphs,osrcd,support,support,4,3,4,3,3,1,0.9607016027439255,0.0,0.018927335739135742,4.0,3.0,1.0
2542,explaGraphs,osrcd,support,support,7,6,7,6,14,1,0.9383820007796702,0.0,0.045905113220214844,7.0,6.0,1.0
2543,explaGraphs,osrcd,counter,counter,7,6,7,6,14,1,0.953582276520868,0.0,0.04625582695007324,7.0,6.0,1.0
2544,explaGraphs,osrcd,support,support,9,8,9,8,22,1,0.9430348278923025,0.0,0.10419034957885742,9.0,8.0,1.0
2545,explaGraphs,osrcd,support,support,5,4,5,4,6,1,0.9453760284731025,0.0,0.025235891342163086,5.0,4.0,1.0
2546,explaGraphs,osrcd,support,support,7,6,7,6,14,1,0.9444203923056425,0.0,0.04606771469116211,7.0,6.0,1.0
2547,explaGraphs,osrcd,counter,counter,7,6,7,6,14,1,0.9469200495831582,0.0,0.045722246170043945,7.0,6.0,1.0
2548,explaGraphs,osrcd,support,support,6,5,6,5,10,1,0.9245017832592,0.0,0.033591270446777344,6.0,5.0,1.0
2549,explaGraphs,osrcd,counter,counter,4,3,4,3,3,1,0.9231808390249139,0.0,0.02080988883972168,4.0,3.0,1.0
2550,explaGraphs,osrcd,counter,counter,8,7,8,7,21,1,0.9554910963185287,0.0,0.07176828384399414,8.0,7.0,1.0
2551,explaGraphs,osrcd,support,support,4,3,4,3,3,1,0.9373818022870157,0.0,0.021461963653564453,4.0,3.0,1.0
2552,explaGraphs,osrcd,counter,counter,6,5,6,5,10,1,0.9557843152598547,0.0,0.03251910209655762,6.0,5.0,1.0
2553,explaGraphs,osrcd,support,support,8,7,8,7,18,1,0.959328660788352,0.0,0.06484651565551758,8.0,7.0,1.0
2554,explaGraphs,osrcd,support,support,5,4,5,4,8,1,0.9772180351147929,0.0,0.027826547622680664,5.0,4.0,1.0
2555,explaGraphs,osrcd,counter,counter,5,4,5,4,6,1,0.936167386415355,0.0,0.024568796157836914,5.0,4.0,1.0
2556,explaGraphs,osrcd,counter,counter,5,4,5,4,6,1,0.9386677591961855,0.0,0.024492979049682617,5.0,4.0,1.0
2557,explaGraphs,osrcd,counter,counter,5,4,5,4,6,1,0.95436739921755,0.0,0.02442002296447754,5.0,4.0,1.0
2558,explaGraphs,osrcd,support,support,5,4,5,4,6,1,0.9541561547823703,0.0,0.024633169174194336,5.0,4.0,1.0
2559,explaGraphs,osrcd,support,support,5,4,5,4,6,1,0.9597619270583841,0.0,0.024522066116333008,5.0,4.0,1.0
2560,explaGraphs,osrcd,support,support,6,6,6,6,13,1,0.9381447339469008,0.0,0.039090871810913086,6.0,6.0,1.0
2561,explaGraphs,osrcd,support,support,4,3,4,3,3,1,0.9391986754613195,0.0,0.021001815795898438,4.0,3.0,1.0
2562,explaGraphs,osrcd,counter,counter,6,5,6,5,10,1,0.9368679495192666,0.0,0.03340649604797363,6.0,5.0,1.0
2563,explaGraphs,osrcd,support,support,8,8,8,8,21,1,0.9521060851263492,0.0,0.07244300842285156,8.0,8.0,1.0
2564,explaGraphs,osrcd,support,support,5,4,5,4,6,1,0.9541042867203283,0.0,0.02463841438293457,5.0,4.0,1.0
2565,explaGraphs,osrcd,counter,counter,6,6,6,6,13,1,0.9668006331768263,0.0,0.04014110565185547,6.0,6.0,1.0
2566,explaGraphs,osrcd,support,support,5,4,5,4,8,1,0.9335911874777068,0.0,0.02747631072998047,5.0,4.0,1.0
2567,explaGraphs,osrcd,counter,counter,5,4,5,4,6,1,0.9570248178357154,0.0,0.024553537368774414,5.0,4.0,1.0
2568,explaGraphs,osrcd,support,support,6,5,6,5,10,1,0.9493688582710671,0.0,0.03264975547790527,6.0,5.0,1.0
2569,explaGraphs,osrcd,support,support,4,3,4,3,3,1,0.9730596089714336,0.0,0.02092909812927246,4.0,3.0,1.0
2570,explaGraphs,osrcd,support,support,6,5,6,5,10,1,0.9648986383029986,0.0,0.03270149230957031,6.0,5.0,1.0
2571,explaGraphs,osrcd,support,support,4,3,4,3,3,1,0.9274941604373428,0.0,0.02066206932067871,4.0,3.0,1.0
2572,explaGraphs,osrcd,support,support,4,3,4,3,3,1,0.9500496846181309,0.0,0.020339250564575195,4.0,3.0,1.0
2573,explaGraphs,osrcd,support,support,5,4,5,4,6,1,0.945334060980169,0.0,0.024639129638671875,5.0,4.0,1.0
2574,explaGraphs,osrcd,support,support,5,4,5,4,6,1,0.9422979700009877,0.0,0.024341344833374023,5.0,4.0,1.0
2575,explaGraphs,osrcd,support,support,5,4,5,4,8,1,0.949518360435119,0.0,0.02690601348876953,5.0,4.0,1.0
2576,explaGraphs,osrcd,support,support,4,3,4,3,3,1,0.9771660615228628,0.0,0.021404266357421875,4.0,3.0,1.0
2577,explaGraphs,osrcd,support,support,7,6,7,6,14,1,0.958439127832456,0.0,0.045705556869506836,7.0,6.0,1.0
2578,explaGraphs,osrcd,counter,counter,5,4,5,4,6,1,0.9519750087600177,0.0,0.024457454681396484,5.0,4.0,1.0
2579,explaGraphs,osrcd,support,support,9,8,9,8,22,1,0.9568630192282129,0.0,0.0962362289428711,9.0,8.0,1.0
2580,explaGraphs,osrcd,support,support,4,3,4,3,3,1,0.9763022731994608,0.0,0.021550655364990234,4.0,3.0,1.0
2581,explaGraphs,osrcd,support,support,4,3,4,3,3,1,0.9444843221380973,0.0,0.020580530166625977,4.0,3.0,1.0
2582,explaGraphs,osrcd,support,support,6,5,6,5,10,1,0.9312983893470265,0.0,0.03213691711425781,6.0,5.0,1.0
2583,explaGraphs,osrcd,support,support,6,5,6,5,10,1,0.9467124261901136,0.0,0.032491207122802734,6.0,5.0,1.0
2584,explaGraphs,osrcd,counter,counter,5,4,5,4,6,1,0.9378005278548402,0.0,0.024519920349121094,5.0,4.0,1.0
2585,explaGraphs,osrcd,support,support,5,4,5,4,6,1,0.9509479261434652,0.0,0.024493932723999023,5.0,4.0,1.0
2586,explaGraphs,osrcd,support,support,5,4,5,4,6,1,0.9303344456002575,0.0,0.02456808090209961,5.0,4.0,1.0
2587,explaGraphs,osrcd,support,support,8,7,8,7,18,1,0.9452874670779335,0.0,0.06450796127319336,8.0,7.0,1.0
2588,explaGraphs,osrcd,support,support,5,4,5,4,6,1,0.9418055152877004,0.0,0.025696277618408203,5.0,4.0,1.0
2589,explaGraphs,osrcd,support,support,5,4,5,4,8,1,0.9399354534679868,0.0,0.02749800682067871,5.0,4.0,1.0
2590,explaGraphs,osrcd,counter,counter,4,3,4,3,3,1,0.9413856287598892,0.0,0.020252227783203125,4.0,3.0,1.0
2591,explaGraphs,osrcd,counter,counter,5,4,5,4,6,1,0.9637724438423237,0.0,0.024554014205932617,5.0,4.0,1.0
2592,explaGraphs,osrcd,support,support,7,6,7,6,14,1,0.9346929490156863,0.0,0.04604625701904297,7.0,6.0,1.0
2593,explaGraphs,osrcd,support,support,4,3,4,3,3,1,0.9511217431194923,0.0,0.02104783058166504,4.0,3.0,1.0
2594,explaGraphs,osrcd,support,support,5,4,5,4,8,1,0.9679210258634622,0.0,0.027180910110473633,5.0,4.0,1.0
2595,explaGraphs,osrcd,support,support,5,4,5,4,6,1,0.9375282989825441,0.0,0.024651765823364258,5.0,4.0,1.0
2596,explaGraphs,osrcd,support,support,5,4,5,4,6,1,0.9436104106695357,0.0,0.024715423583984375,5.0,4.0,1.0
2597,explaGraphs,osrcd,counter,counter,4,3,4,3,3,1,0.9377254499718133,0.0,0.020497560501098633,4.0,3.0,1.0
2598,explaGraphs,osrcd,support,support,7,6,7,6,14,1,0.9660611324527084,0.0,0.04797530174255371,7.0,6.0,1.0
2599,explaGraphs,osrcd,support,support,6,5,6,5,10,1,0.9369936820775442,0.0,0.03414106369018555,6.0,5.0,1.0
2600,explaGraphs,osrcd,counter,counter,4,3,4,3,4,1,0.9494645612344248,0.0,0.021563291549682617,4.0,3.0,1.0
2601,explaGraphs,osrcd,support,support,5,4,5,4,6,1,0.9241002065108129,0.0,0.024480819702148438,5.0,4.0,1.0
2602,explaGraphs,osrcd,counter,counter,5,4,5,4,6,1,0.9453941134535552,0.0,0.02430105209350586,5.0,4.0,1.0
2603,explaGraphs,osrcd,support,support,4,3,4,3,3,1,0.9600916092120494,0.0,0.020662784576416016,4.0,3.0,1.0
2604,explaGraphs,osrcd,counter,counter,4,3,4,3,3,1,0.9685654261649762,0.0,0.019574403762817383,4.0,3.0,1.0
2605,explaGraphs,osrcd,support,support,6,5,6,5,12,1,0.952561843660181,0.0,0.03724408149719238,6.0,5.0,1.0
2606,explaGraphs,osrcd,counter,counter,5,4,5,4,6,1,0.9691719496702887,0.0,0.024662494659423828,5.0,4.0,1.0
2607,explaGraphs,osrcd,counter,counter,7,6,7,6,14,1,0.9687818598629042,0.0,0.045606136322021484,7.0,6.0,1.0
2608,explaGraphs,osrcd,support,support,6,5,6,5,10,1,0.9667314832277415,0.0,0.03314495086669922,6.0,5.0,1.0
2609,explaGraphs,osrcd,counter,counter,4,3,4,3,3,1,0.9353845517915286,0.0,0.02039313316345215,4.0,3.0,1.0
2610,explaGraphs,osrcd,support,support,6,5,6,5,10,1,0.9460423992462054,0.0,0.03264355659484863,6.0,5.0,1.0
2611,explaGraphs,osrcd,support,support,5,5,5,5,9,1,0.9358042822217867,0.0,0.029230356216430664,5.0,5.0,1.0
2612,explaGraphs,osrcd,support,support,6,5,6,5,10,1,0.9533347210557972,0.0,0.03261113166809082,6.0,5.0,1.0
2613,explaGraphs,osrcd,support,support,4,3,4,3,3,1,0.9838656359026657,0.0,0.020656347274780273,4.0,3.0,1.0
2614,explaGraphs,osrcd,support,support,5,4,5,4,8,1,0.9626240830889885,0.0,0.02683281898498535,5.0,4.0,1.0
2615,explaGraphs,osrcd,support,support,4,3,4,3,3,1,0.942818212660348,0.0,0.020646333694458008,4.0,3.0,1.0
2616,explaGraphs,osrcd,counter,counter,7,7,7,7,17,1,0.953954737103931,0.0,0.05455160140991211,7.0,7.0,1.0
2617,explaGraphs,osrcd,counter,counter,4,3,4,3,3,1,0.9593076534574998,0.0,0.020471572875976562,4.0,3.0,1.0
2618,explaGraphs,osrcd,support,support,4,4,4,4,4,1,0.9763975242836455,0.0,0.02078986167907715,4.0,4.0,1.0
2619,explaGraphs,osrcd,support,support,5,4,5,4,6,1,0.9455909831485512,0.0,0.025029420852661133,5.0,4.0,1.0
2620,explaGraphs,osrcd,support,support,6,5,6,5,10,1,0.9551762537630252,0.0,0.03276848793029785,6.0,5.0,1.0
2621,explaGraphs,osrcd,support,support,5,4,5,4,8,1,0.9684618558673163,0.0,0.027365446090698242,5.0,4.0,1.0
2622,explaGraphs,osrcd,support,support,8,7,8,7,18,1,0.9470265086224249,0.0,0.06572937965393066,8.0,7.0,1.0
2623,explaGraphs,osrcd,support,support,5,4,5,4,6,1,0.9721159315145744,0.0,0.025104045867919922,5.0,4.0,1.0
2624,explaGraphs,osrcd,counter,counter,6,5,6,5,10,1,0.9492148775809329,0.0,0.03275179862976074,6.0,5.0,1.0
2625,explaGraphs,osrcd,counter,counter,5,4,5,4,8,1,0.9553680223103103,0.0,0.02746748924255371,5.0,4.0,1.0
2626,explaGraphs,osrcd,support,support,6,5,6,5,13,1,0.9552014599560296,0.0,0.03927326202392578,6.0,5.0,1.0
2627,explaGraphs,osrcd,counter,counter,6,5,6,5,12,1,0.971705933599605,0.0,0.037075042724609375,6.0,5.0,1.0
2628,explaGraphs,osrcd,counter,counter,7,6,7,6,17,1,0.9612575012129495,0.0,0.05353045463562012,7.0,6.0,1.0
2629,explaGraphs,osrcd,support,support,4,4,4,4,4,1,0.9764568948858076,0.0,0.02202892303466797,4.0,4.0,1.0
2630,explaGraphs,osrcd,support,support,5,4,5,4,8,1,0.9552987902266263,0.0,0.027940034866333008,5.0,4.0,1.0
2631,explaGraphs,osrcd,support,support,5,4,5,4,6,1,0.9757598897740509,0.0,0.02442145347595215,5.0,4.0,1.0
2632,explaGraphs,osrcd,counter,counter,5,4,5,4,8,1,0.9584450742930901,0.0,0.027381420135498047,5.0,4.0,1.0
2633,explaGraphs,osrcd,counter,counter,7,7,7,7,17,1,0.9458695199553037,0.0,0.05447745323181152,7.0,7.0,1.0
2634,explaGraphs,osrcd,counter,counter,6,5,6,5,10,1,0.9577692063921588,0.0,0.03322029113769531,6.0,5.0,1.0
2635,explaGraphs,osrcd,counter,counter,5,4,5,4,8,1,0.9572343870052975,0.0,0.027469158172607422,5.0,4.0,1.0
2636,explaGraphs,osrcd,support,support,6,6,6,6,13,1,0.9683781154988229,0.0,0.03900790214538574,6.0,6.0,1.0
2637,explaGraphs,osrcd,counter,counter,5,4,5,4,8,1,0.938645445860428,0.0,0.02761530876159668,5.0,4.0,1.0
2638,explaGraphs,osrcd,counter,counter,6,5,6,5,10,1,0.9513657755715444,0.0,0.03254842758178711,6.0,5.0,1.0
2639,explaGraphs,osrcd,counter,counter,5,4,5,4,8,1,0.9559565303749075,0.0,0.027061939239501953,5.0,4.0,1.0
2640,explaGraphs,osrcd,counter,counter,5,4,5,4,6,1,0.9615566444444537,0.0,0.02436685562133789,5.0,4.0,1.0
2641,explaGraphs,osrcd,counter,counter,8,7,8,7,21,1,0.9560725329420078,0.0,0.0715172290802002,8.0,7.0,1.0
2642,explaGraphs,osrcd,counter,counter,5,4,5,4,9,1,0.9573076996416107,0.0,0.030351877212524414,5.0,4.0,1.0
2643,explaGraphs,osrcd,support,support,7,7,7,7,17,1,0.9295125617356985,0.0,0.05429363250732422,7.0,7.0,1.0
2644,explaGraphs,osrcd,counter,counter,6,5,6,5,12,1,0.9662344826254028,0.0,0.037255287170410156,6.0,5.0,1.0
2645,explaGraphs,osrcd,counter,counter,7,6,7,6,16,1,0.9591030116997111,0.0,0.0506899356842041,7.0,6.0,1.0
2646,explaGraphs,osrcd,counter,counter,5,4,5,4,6,1,0.9521866080462575,0.0,0.02500009536743164,5.0,4.0,1.0
2647,explaGraphs,osrcd,counter,counter,4,3,4,3,4,1,0.930545900932463,0.0,0.021549463272094727,4.0,3.0,1.0
2648,explaGraphs,osrcd,support,support,7,6,7,6,16,1,0.9459443537194185,0.0,0.05055093765258789,7.0,6.0,1.0
2649,explaGraphs,osrcd,counter,counter,7,6,7,6,17,1,0.9484146694294632,0.0,0.05502939224243164,7.0,6.0,1.0
2650,explaGraphs,osrcd,counter,counter,5,4,5,4,9,1,0.9756159558375286,0.0,0.03511548042297363,5.0,4.0,1.0
2651,explaGraphs,osrcd,counter,counter,4,3,4,3,3,1,0.9524642803770658,0.0,0.020339012145996094,4.0,3.0,1.0
2652,explaGraphs,osrcd,counter,counter,4,3,4,3,3,1,0.9902137114072809,0.0,0.020856618881225586,4.0,3.0,1.0
2653,explaGraphs,osrcd,counter,counter,7,6,7,6,14,1,0.9553622310463314,0.0,0.046750783920288086,7.0,6.0,1.0
2654,explaGraphs,osrcd,support,support,6,5,6,5,13,1,0.9566684353588145,0.0,0.0397946834564209,6.0,5.0,1.0
2655,explaGraphs,osrcd,counter,counter,6,5,6,5,12,1,0.9622655653095957,0.0,0.03706002235412598,6.0,5.0,1.0
2656,explaGraphs,osrcd,counter,counter,4,3,4,3,3,1,0.9495242578988616,0.0,0.02088761329650879,4.0,3.0,1.0
2657,explaGraphs,osrcd,support,support,4,4,4,4,5,1,0.9693220987817945,0.0,0.02269744873046875,4.0,4.0,1.0
2658,explaGraphs,osrcd,counter,counter,6,5,6,5,12,1,0.953901730803034,0.0,0.03712344169616699,6.0,5.0,1.0
2659,explaGraphs,osrcd,counter,counter,4,3,4,3,3,1,0.9622079458224256,0.0,0.020649194717407227,4.0,3.0,1.0
2660,explaGraphs,osrcd,support,support,8,8,8,8,21,1,0.9483180063028459,0.0,0.07139086723327637,8.0,8.0,1.0
2661,explaGraphs,osrcd,counter,counter,9,8,9,8,24,1,0.9441168235769102,0.0,0.10493111610412598,9.0,8.0,1.0
2662,explaGraphs,osrcd,counter,counter,5,4,5,4,8,1,0.9534211463806719,0.0,0.028267621994018555,5.0,4.0,1.0
2663,explaGraphs,osrcd,counter,counter,6,6,6,6,13,1,0.9604818270760402,0.0,0.040271759033203125,6.0,6.0,1.0
2664,explaGraphs,osrcd,counter,counter,4,3,4,3,3,1,0.9544442685501846,0.0,0.0203549861907959,4.0,3.0,1.0
2665,explaGraphs,osrcd,support,support,5,4,5,4,6,1,0.9602223980606612,0.0,0.023967266082763672,5.0,4.0,1.0
2666,explaGraphs,osrcd,counter,counter,8,7,8,7,20,1,0.9621463026487425,0.0,0.07259297370910645,8.0,7.0,1.0
2667,explaGraphs,osrcd,support,support,4,3,4,3,3,1,0.959322992097276,0.0,0.02139449119567871,4.0,3.0,1.0
2668,explaGraphs,osrcd,counter,counter,5,4,5,4,6,1,0.9542292308069491,0.0,0.024086952209472656,5.0,4.0,1.0
2669,explaGraphs,osrcd,support,support,4,4,4,4,5,1,0.9414863619053551,0.0,0.022411584854125977,4.0,4.0,1.0
2670,explaGraphs,osrcd,counter,counter,5,4,5,4,6,1,0.9481975123248261,0.0,0.024288177490234375,5.0,4.0,1.0
2671,explaGraphs,osrcd,counter,counter,6,5,6,5,12,1,0.9702988189533507,0.0,0.03687286376953125,6.0,5.0,1.0
2672,explaGraphs,osrcd,counter,counter,6,5,6,5,12,1,0.9564804750471515,0.0,0.037654876708984375,6.0,5.0,1.0
2673,explaGraphs,osrcd,counter,counter,6,5,6,5,10,1,0.9506784767338978,0.0,0.03305339813232422,6.0,5.0,1.0
2674,explaGraphs,osrcd,counter,counter,4,3,4,3,3,1,0.9713154484972727,0.0,0.020731449127197266,4.0,3.0,1.0
2675,explaGraphs,osrcd,support,support,7,6,7,6,14,1,0.9491946944573336,0.0,0.045918941497802734,7.0,6.0,1.0
2676,explaGraphs,osrcd,counter,counter,4,3,4,3,3,1,0.9728462161824742,0.0,0.021015405654907227,4.0,3.0,1.0
2677,explaGraphs,osrcd,counter,counter,5,4,5,4,8,1,0.9592479814995504,0.0,0.02718186378479004,5.0,4.0,1.0
2678,explaGraphs,osrcd,counter,counter,5,4,5,4,8,1,0.9589146878455178,0.0,0.027924776077270508,5.0,4.0,1.0
2679,explaGraphs,osrcd,support,support,6,5,6,5,10,1,0.9433839871762695,0.0,0.03224039077758789,6.0,5.0,1.0
2680,explaGraphs,osrcd,support,support,5,4,5,4,6,1,0.9559421119729357,0.0,0.024671077728271484,5.0,4.0,1.0
2681,explaGraphs,osrcd,support,support,4,3,4,3,4,1,0.97716091171932,0.0,0.02120828628540039,4.0,3.0,1.0
2682,explaGraphs,osrcd,counter,counter,4,3,4,3,4,1,0.9624464237131716,0.0,0.02130866050720215,4.0,3.0,1.0
2683,explaGraphs,osrcd,counter,counter,6,5,6,5,13,1,0.93268599589031,0.0,0.03931832313537598,6.0,5.0,1.0
2684,explaGraphs,osrcd,counter,counter,4,3,4,3,3,1,0.9531996164549994,0.0,0.021528244018554688,4.0,3.0,1.0
2685,explaGraphs,osrcd,counter,counter,6,5,6,5,10,1,0.9391599368935233,0.0,0.0414128303527832,6.0,5.0,1.0
2686,explaGraphs,osrcd,counter,counter,4,3,4,3,3,1,0.9585421147212483,0.0,0.021489620208740234,4.0,3.0,1.0
2687,explaGraphs,osrcd,support,support,6,5,6,5,10,1,0.9558997341575239,0.0,0.032779693603515625,6.0,5.0,1.0
2688,explaGraphs,osrcd,counter,counter,5,5,5,5,9,1,0.9387718505317771,0.0,0.02924370765686035,5.0,5.0,1.0
2689,explaGraphs,osrcd,counter,counter,5,4,5,4,6,1,0.9527762147733027,0.0,0.0251617431640625,5.0,4.0,1.0
2690,explaGraphs,osrcd,counter,counter,6,5,6,5,10,1,0.937036916710516,0.0,0.038909912109375,6.0,5.0,1.0
2691,explaGraphs,osrcd,counter,counter,4,3,4,3,3,1,0.9582049034892263,0.0,0.0209505558013916,4.0,3.0,1.0
2692,explaGraphs,osrcd,counter,counter,7,6,7,6,14,1,0.9243921962745414,0.0,0.045644283294677734,7.0,6.0,1.0
2693,explaGraphs,osrcd,counter,counter,8,7,8,7,20,1,0.9598808543067348,0.0,0.07066488265991211,8.0,7.0,1.0
2694,explaGraphs,osrcd,counter,counter,4,3,4,3,4,1,0.9427892892378243,0.0,0.021635770797729492,4.0,3.0,1.0
2695,explaGraphs,osrcd,counter,counter,4,3,4,3,3,1,0.9660300618461899,0.0,0.020528554916381836,4.0,3.0,1.0
2696,explaGraphs,osrcd,counter,counter,8,8,8,8,21,1,0.9465785507121738,0.0,0.07197451591491699,8.0,8.0,1.0
2697,explaGraphs,osrcd,counter,counter,5,4,5,4,6,1,0.9529755071733964,0.0,0.024688243865966797,5.0,4.0,1.0
2698,explaGraphs,osrcd,counter,counter,6,5,6,5,12,1,0.9473618089748087,0.0,0.03734159469604492,6.0,5.0,1.0
2699,explaGraphs,osrcd,counter,counter,4,3,4,3,3,1,0.9640803647375045,0.0,0.020178556442260742,4.0,3.0,1.0
2700,explaGraphs,osrcd,counter,counter,8,7,8,7,21,1,0.9521280852355836,0.0,0.07275581359863281,8.0,7.0,1.0
2701,explaGraphs,osrcd,counter,counter,7,6,7,6,17,1,0.9674341444460931,0.0,0.053746700286865234,7.0,6.0,1.0
2702,explaGraphs,osrcd,counter,counter,5,4,5,4,6,1,0.9531015722386349,0.0,0.025131940841674805,5.0,4.0,1.0
2703,explaGraphs,osrcd,counter,counter,4,3,4,3,3,1,0.9453879074548932,0.0,0.020670175552368164,4.0,3.0,1.0
2704,explaGraphs,osrcd,counter,counter,4,3,4,3,4,1,0.9566271194203038,0.0,0.021265268325805664,4.0,3.0,1.0
2705,explaGraphs,osrcd,support,support,6,5,6,5,13,1,0.962359204460154,0.0,0.03953146934509277,6.0,5.0,1.0
2706,explaGraphs,osrcd,counter,counter,4,3,4,3,3,1,0.9702953343574571,0.0,0.02106451988220215,4.0,3.0,1.0
2707,explaGraphs,osrcd,counter,counter,4,3,4,3,4,1,0.9460846754185771,0.0,0.020437955856323242,4.0,3.0,1.0
2708,explaGraphs,osrcd,support,support,5,4,5,4,8,1,0.9786195269549167,0.0,0.026745319366455078,5.0,4.0,1.0
2709,explaGraphs,osrcd,counter,counter,4,3,4,3,4,1,0.9704266318218825,0.0,0.02094721794128418,4.0,3.0,1.0
2710,explaGraphs,osrcd,counter,counter,4,3,4,3,3,1,0.9646312429421247,0.0,0.019580364227294922,4.0,3.0,1.0
2711,explaGraphs,osrcd,counter,counter,4,3,4,3,3,1,0.957557082920919,0.0,0.019601106643676758,4.0,3.0,1.0
2712,explaGraphs,osrcd,counter,counter,5,4,5,4,8,1,0.9637482171692242,0.0,0.027536869049072266,5.0,4.0,1.0
2713,explaGraphs,osrcd,counter,counter,4,3,4,3,3,1,0.9410967576515139,0.0,0.021013498306274414,4.0,3.0,1.0
2714,explaGraphs,osrcd,counter,counter,6,6,6,6,13,1,0.9658207965548832,0.0,0.038949012756347656,6.0,6.0,1.0
2715,explaGraphs,osrcd,counter,counter,4,3,4,3,4,1,0.9429766703993555,0.0,0.021762847900390625,4.0,3.0,1.0
2716,explaGraphs,osrcd,counter,counter,4,3,4,3,3,1,0.9329839201335363,0.0,0.02068161964416504,4.0,3.0,1.0
2717,explaGraphs,osrcd,counter,counter,4,3,4,3,4,1,0.9597804761758254,0.0,0.024453401565551758,4.0,3.0,1.0
2718,explaGraphs,osrcd,counter,counter,6,5,6,5,13,1,0.9480444120853441,0.0,0.04033374786376953,6.0,5.0,1.0
2719,explaGraphs,osrcd,counter,counter,6,5,6,5,10,1,0.9598111046697586,0.0,0.04059648513793945,6.0,5.0,1.0
2720,explaGraphs,osrcd,counter,counter,4,3,4,3,4,1,0.9583026748708973,0.0,0.022787809371948242,4.0,3.0,1.0
2721,explaGraphs,osrcd,counter,counter,4,3,4,3,4,1,0.9647087127966858,0.0,0.023645639419555664,4.0,3.0,1.0
2722,explaGraphs,osrcd,counter,counter,4,3,4,3,4,1,0.956574752377638,0.0,0.024461746215820312,4.0,3.0,1.0
2723,explaGraphs,osrcd,support,support,8,8,8,8,21,1,0.9599657779799057,0.0,0.08379554748535156,8.0,8.0,1.0
2724,explaGraphs,osrcd,support,support,5,4,5,4,8,1,0.9745401222953155,0.0,0.028473615646362305,5.0,4.0,1.0
2725,explaGraphs,osrcd,counter,counter,5,4,5,4,6,1,0.9384623202501086,0.0,0.024558544158935547,5.0,4.0,1.0
2726,explaGraphs,osrcd,support,support,4,4,4,4,4,1,0.964185375562293,0.0,0.02179551124572754,4.0,4.0,1.0
2727,explaGraphs,osrcd,counter,counter,5,4,5,4,6,1,0.9572833983906436,0.0,0.024392127990722656,5.0,4.0,1.0
2728,explaGraphs,osrcd,counter,counter,4,3,4,3,4,1,0.9473397425785866,0.0,0.025025129318237305,4.0,3.0,1.0
2729,explaGraphs,osrcd,counter,counter,4,4,4,4,4,1,0.968289421537372,0.0,0.02370905876159668,4.0,4.0,1.0
2730,explaGraphs,osrcd,support,support,5,4,5,4,8,1,0.9605968557705246,0.0,0.02750873565673828,5.0,4.0,1.0
2731,explaGraphs,osrcd,counter,counter,7,7,7,7,17,1,0.9512932188062885,0.0,0.05319094657897949,7.0,7.0,1.0
2732,explaGraphs,osrcd,counter,counter,7,7,7,7,17,1,0.9512001830161256,0.0,0.054100751876831055,7.0,7.0,1.0
2733,explaGraphs,osrcd,support,support,7,6,7,6,16,1,0.9542481977382248,0.0,0.05149722099304199,7.0,6.0,1.0
2734,explaGraphs,osrcd,counter,counter,6,5,6,5,12,1,0.9409520836068551,0.0,0.03722095489501953,6.0,5.0,1.0
2735,explaGraphs,osrcd,counter,counter,7,6,7,6,17,1,0.9562295337059212,0.0,0.05415749549865723,7.0,6.0,1.0
2736,explaGraphs,osrcd,counter,counter,5,4,5,4,6,1,0.9471102344178434,0.0,0.024866580963134766,5.0,4.0,1.0
2737,explaGraphs,osrcd,counter,counter,5,5,5,5,9,1,0.9448180244460513,0.0,0.029553651809692383,5.0,5.0,1.0
2738,explaGraphs,osrcd,counter,counter,8,7,8,7,21,1,0.9604283258916719,0.0,0.07239341735839844,8.0,7.0,1.0
2739,explaGraphs,osrcd,support,support,5,4,5,4,9,1,0.9532834898334616,0.0,0.029404878616333008,5.0,4.0,1.0
2740,explaGraphs,osrcd,counter,counter,4,4,4,4,5,1,0.9548600877921694,0.0,0.022715330123901367,4.0,4.0,1.0
2741,explaGraphs,osrcd,counter,counter,6,6,6,6,12,1,0.9409886003556396,0.0,0.0371394157409668,6.0,6.0,1.0
2742,explaGraphs,osrcd,counter,counter,7,6,7,6,17,1,0.9186129314697108,0.0,0.053915977478027344,7.0,6.0,1.0
2743,explaGraphs,osrcd,counter,counter,4,3,4,3,3,1,0.974452566413947,0.0,0.020772218704223633,4.0,3.0,1.0
2744,explaGraphs,osrcd,support,support,4,3,4,3,3,1,0.9490667630223241,0.0,0.020273208618164062,4.0,3.0,1.0
2745,explaGraphs,osrcd,counter,counter,5,4,5,4,8,1,0.9602696475511131,0.0,0.02693653106689453,5.0,4.0,1.0
2746,explaGraphs,osrcd,counter,counter,4,3,4,3,4,1,0.9693150865412972,0.0,0.020418643951416016,4.0,3.0,1.0
2747,explaGraphs,osrcd,counter,counter,4,3,4,3,3,1,0.9839274513105908,0.0,0.020463228225708008,4.0,3.0,1.0
2748,explaGraphs,osrcd,counter,counter,5,4,5,4,6,1,0.9238228568409165,0.0,0.0319666862487793,5.0,4.0,1.0
2749,explaGraphs,osrcd,counter,counter,4,3,4,3,3,1,0.9586596825197484,0.0,0.023051738739013672,4.0,3.0,1.0
2750,explaGraphs,osrcd,counter,counter,5,4,5,4,6,1,0.9705839808484766,0.0,0.024975299835205078,5.0,4.0,1.0
2751,explaGraphs,osrcd,counter,counter,4,3,4,3,3,1,0.9465977580420801,0.0,0.0209653377532959,4.0,3.0,1.0
2752,explaGraphs,osrcd,counter,counter,7,6,7,6,16,1,0.9478228758418873,0.0,0.05125713348388672,7.0,6.0,1.0
2753,explaGraphs,osrcd,support,support,5,4,5,4,8,1,0.9597476248215456,0.0,0.02804732322692871,5.0,4.0,1.0
2754,explaGraphs,osrcd,counter,counter,8,7,8,7,20,1,0.9628161623221685,0.0,0.07275104522705078,8.0,7.0,1.0
2755,explaGraphs,osrcd,counter,counter,4,4,4,4,5,1,0.9479433476038536,0.0,0.027605533599853516,4.0,4.0,1.0
2756,explaGraphs,osrcd,counter,counter,4,3,4,3,4,1,0.9566838036563565,0.0,0.021361589431762695,4.0,3.0,1.0
2757,explaGraphs,osrcd,counter,counter,8,7,8,7,20,1,0.9453176703177952,0.0,0.0709371566772461,8.0,7.0,1.0
2758,explaGraphs,osrcd,counter,counter,6,5,6,5,12,1,0.9516836739743428,0.0,0.03808927536010742,6.0,5.0,1.0
2759,explaGraphs,osrcd,counter,counter,5,4,5,4,8,1,0.9481651648077026,0.0,0.027683734893798828,5.0,4.0,1.0
2760,explaGraphs,osrcd,counter,counter,4,3,4,3,3,1,0.9267760998325189,0.0,0.020671606063842773,4.0,3.0,1.0
2761,explaGraphs,osrcd,counter,counter,4,3,4,3,4,1,0.9377556773417731,0.0,0.02148723602294922,4.0,3.0,1.0
2762,explaGraphs,osrcd,support,support,7,6,7,6,16,1,0.963966899819078,0.0,0.05248427391052246,7.0,6.0,1.0
2763,explaGraphs,osrcd,counter,counter,8,8,8,8,21,1,0.9529802625820417,0.0,0.0716712474822998,8.0,8.0,1.0
2764,explaGraphs,osrcd,support,support,6,6,6,6,13,1,0.9547327022896004,0.0,0.04060864448547363,6.0,6.0,1.0
2765,explaGraphs,osrcd,counter,counter,8,8,8,8,21,1,0.9417908702632328,0.0,0.07205843925476074,8.0,8.0,1.0
